solid OpenSCAD_Model
  facet normal 1 -0 0
    outer loop
      vertex 95 -0.599999 2.5
      vertex 95 0.599999 2.1
      vertex 95 0.599999 2.5
    endloop
  endfacet
  facet normal 1 0 0
    outer loop
      vertex 95 0.599999 2.1
      vertex 95 -0.599999 2.5
      vertex 95 -0.599999 2.1
    endloop
  endfacet
  facet normal 0 0 1
    outer loop
      vertex -83.1442 -8.92648 2.5
      vertex -99.2115 -12.5333 2.5
      vertex -82.3347 -10.6468 2.5
    endloop
  endfacet
  facet normal 0 0 1
    outer loop
      vertex -82.3347 -10.6468 2.5
      vertex -95.1057 -30.9017 2.5
      vertex -92.9776 -36.8125 2.5
    endloop
  endfacet
  facet normal 0 0 1
    outer loop
      vertex -82.3347 -10.6468 2.5
      vertex -96.8583 -24.869 2.5
      vertex -95.1057 -30.9017 2.5
    endloop
  endfacet
  facet normal 0 0 1
    outer loop
      vertex -82.3347 -10.6468 2.5
      vertex -98.2287 -18.7381 2.5
      vertex -96.8583 -24.869 2.5
    endloop
  endfacet
  facet normal 0 0 1
    outer loop
      vertex -99.8027 -6.27905 2.5
      vertex -95 -0.599999 2.5
      vertex -99 -0.599999 2.5
    endloop
  endfacet
  facet normal 0 0 1
    outer loop
      vertex -82.3347 -10.6468 2.5
      vertex -99.2115 -12.5333 2.5
      vertex -98.2287 -18.7381 2.5
    endloop
  endfacet
  facet normal 0 0 1
    outer loop
      vertex -100 0 2.5
      vertex -99 0.599999 2.5
      vertex -99.8027 6.27905 2.5
    endloop
  endfacet
  facet normal 0 0 1
    outer loop
      vertex -99 0.599999 2.5
      vertex -100 0 2.5
      vertex -99 -0.599999 2.5
    endloop
  endfacet
  facet normal 0 0 1
    outer loop
      vertex -95 -0.599999 2.5
      vertex -99.8027 -6.27905 2.5
      vertex -99.2115 -12.5333 2.5
    endloop
  endfacet
  facet normal 0 0 1
    outer loop
      vertex -99 -0.599999 2.5
      vertex -100 0 2.5
      vertex -99.8027 -6.27905 2.5
    endloop
  endfacet
  facet normal 0 0 1
    outer loop
      vertex 46.2716 70.3913 2.5
      vertex 47.0855 69.0896 2.5
      vertex 47.0724 69.274 2.5
    endloop
  endfacet
  facet normal 0 0 1
    outer loop
      vertex 47.0855 69.0896 2.5
      vertex 46.2716 70.3913 2.5
      vertex 47.0834 68.9061 2.5
    endloop
  endfacet
  facet normal 0 0 1
    outer loop
      vertex 46.4934 70.2617 2.5
      vertex 47.0724 69.274 2.5
      vertex 47.0435 69.4603 2.5
    endloop
  endfacet
  facet normal 0 0 1
    outer loop
      vertex 46.0121 70.5118 2.5
      vertex 47.0834 68.9061 2.5
      vertex 46.2716 70.3913 2.5
    endloop
  endfacet
  facet normal 0 0 1
    outer loop
      vertex 46.6772 70.1227 2.5
      vertex 47.0435 69.4603 2.5
      vertex 46.9987 69.6492 2.5
    endloop
  endfacet
  facet normal 0 0 1
    outer loop
      vertex 47.0724 69.274 2.5
      vertex 46.4934 70.2617 2.5
      vertex 46.2716 70.3913 2.5
    endloop
  endfacet
  facet normal 0 0 1
    outer loop
      vertex 46.823 69.9744 2.5
      vertex 46.9987 69.6492 2.5
      vertex 46.9302 69.8167 2.5
    endloop
  endfacet
  facet normal 0 0 1
    outer loop
      vertex 47.0834 68.9061 2.5
      vertex 46.0121 70.5118 2.5
      vertex 47.0665 68.7225 2.5
    endloop
  endfacet
  facet normal 0 0 1
    outer loop
      vertex 47.0665 68.7225 2.5
      vertex 46.0121 70.5118 2.5
      vertex 47.035 68.538 2.5
    endloop
  endfacet
  facet normal 0 0 1
    outer loop
      vertex 46.9987 69.6492 2.5
      vertex 46.823 69.9744 2.5
      vertex 46.6772 70.1227 2.5
    endloop
  endfacet
  facet normal 0 0 1
    outer loop
      vertex 47.035 68.538 2.5
      vertex 46.0121 70.5118 2.5
      vertex 46.9893 68.3518 2.5
    endloop
  endfacet
  facet normal 0 0 1
    outer loop
      vertex 47.0435 69.4603 2.5
      vertex 46.6772 70.1227 2.5
      vertex 46.4934 70.2617 2.5
    endloop
  endfacet
  facet normal 0 0 1
    outer loop
      vertex 45.7152 70.6232 2.5
      vertex 46.9893 68.3518 2.5
      vertex 46.0121 70.5118 2.5
    endloop
  endfacet
  facet normal 0 0 1
    outer loop
      vertex 46.9893 68.3518 2.5
      vertex 45.7152 70.6232 2.5
      vertex 46.9299 68.1629 2.5
    endloop
  endfacet
  facet normal 0 0 1
    outer loop
      vertex 46.9299 68.1629 2.5
      vertex 45.7152 70.6232 2.5
      vertex 46.8569 67.9705 2.5
    endloop
  endfacet
  facet normal 0 0 1
    outer loop
      vertex 45.3811 70.7257 2.5
      vertex 46.8569 67.9705 2.5
      vertex 45.7152 70.6232 2.5
    endloop
  endfacet
  facet normal 0 0 1
    outer loop
      vertex 46.8569 67.9705 2.5
      vertex 45.3811 70.7257 2.5
      vertex 46.7709 67.7735 2.5
    endloop
  endfacet
  facet normal 0 0 1
    outer loop
      vertex 46.7709 67.7735 2.5
      vertex 45.3811 70.7257 2.5
      vertex 46.6723 67.5712 2.5
    endloop
  endfacet
  facet normal 0 0 1
    outer loop
      vertex 45.0101 70.8193 2.5
      vertex 46.6723 67.5712 2.5
      vertex 45.3811 70.7257 2.5
    endloop
  endfacet
  facet normal 0 0 1
    outer loop
      vertex 46.6723 67.5712 2.5
      vertex 45.0101 70.8193 2.5
      vertex 46.5613 67.3628 2.5
    endloop
  endfacet
  facet normal 0 0 1
    outer loop
      vertex 46.5613 67.3628 2.5
      vertex 45.0101 70.8193 2.5
      vertex 46.4383 67.1472 2.5
    endloop
  endfacet
  facet normal 0 0 1
    outer loop
      vertex 44.6026 70.9042 2.5
      vertex 46.4383 67.1472 2.5
      vertex 45.0101 70.8193 2.5
    endloop
  endfacet
  facet normal 0 0 1
    outer loop
      vertex 46.4383 67.1472 2.5
      vertex 44.6026 70.9042 2.5
      vertex 46.3037 66.9236 2.5
    endloop
  endfacet
  facet normal 0 0 1
    outer loop
      vertex 46.3037 66.9236 2.5
      vertex 44.6026 70.9042 2.5
      vertex 46.1579 66.691 2.5
    endloop
  endfacet
  facet normal 0 0 1
    outer loop
      vertex 44.1586 70.9805 2.5
      vertex 46.1579 66.691 2.5
      vertex 44.6026 70.9042 2.5
    endloop
  endfacet
  facet normal 0 0 1
    outer loop
      vertex 46.1579 66.691 2.5
      vertex 44.1586 70.9805 2.5
      vertex 46.0012 66.4487 2.5
    endloop
  endfacet
  facet normal 0 0 1
    outer loop
      vertex 43.6785 71.0483 2.5
      vertex 46.0012 66.4487 2.5
      vertex 44.1586 70.9805 2.5
    endloop
  endfacet
  facet normal 0 0 1
    outer loop
      vertex 46.0012 66.4487 2.5
      vertex 43.6785 71.0483 2.5
      vertex 45.834 66.1957 2.5
    endloop
  endfacet
  facet normal 0 0 1
    outer loop
      vertex 18.7381 98.2287 2.5
      vertex 25.9243 77.6812 2.5
      vertex 24.869 96.8583 2.5
    endloop
  endfacet
  facet normal 0 0 1
    outer loop
      vertex 12.5333 99.2115 2.5
      vertex 25.9243 77.6812 2.5
      vertex 18.7381 98.2287 2.5
    endloop
  endfacet
  facet normal -0 0 1
    outer loop
      vertex 0.599999 95 2.5
      vertex 25.9243 77.6812 2.5
      vertex 12.5333 99.2115 2.5
    endloop
  endfacet
  facet normal 0 0 1
    outer loop
      vertex 25.9243 77.6812 2.5
      vertex 0.599999 95 2.5
      vertex 26.131 76.9284 2.5
    endloop
  endfacet
  facet normal 0 0 1
    outer loop
      vertex -20.9524 73.3572 2.5
      vertex 26.131 76.9284 2.5
      vertex 0.599999 95 2.5
    endloop
  endfacet
  facet normal 0 0 1
    outer loop
      vertex 26.131 76.9284 2.5
      vertex -20.9524 73.3572 2.5
      vertex 26.3392 76.1733 2.5
    endloop
  endfacet
  facet normal 0 0 1
    outer loop
      vertex 26.3392 76.1733 2.5
      vertex -20.9524 73.3572 2.5
      vertex 26.4159 75.8961 2.5
    endloop
  endfacet
  facet normal 0 0 1
    outer loop
      vertex -21.0294 66.6724 2.5
      vertex 26.4159 75.8961 2.5
      vertex -20.9524 73.3572 2.5
    endloop
  endfacet
  facet normal 0 0 1
    outer loop
      vertex 26.4159 75.8961 2.5
      vertex -21.0294 66.6724 2.5
      vertex 26.5728 75.331 2.5
    endloop
  endfacet
  facet normal 0 0 1
    outer loop
      vertex 26.5728 75.331 2.5
      vertex -21.0294 66.6724 2.5
      vertex 26.7262 74.7822 2.5
    endloop
  endfacet
  facet normal 0 0 1
    outer loop
      vertex 26.7262 74.7822 2.5
      vertex -21.0294 66.6724 2.5
      vertex 26.7985 74.5254 2.5
    endloop
  endfacet
  facet normal 0 0 1
    outer loop
      vertex 26.7985 74.5254 2.5
      vertex -21.0294 66.6724 2.5
      vertex 26.8662 74.2866 2.5
    endloop
  endfacet
  facet normal 0 0 1
    outer loop
      vertex 26.8662 74.2866 2.5
      vertex -21.0294 66.6724 2.5
      vertex 26.928 74.07 2.5
    endloop
  endfacet
  facet normal 0 0 1
    outer loop
      vertex 26.928 74.07 2.5
      vertex -21.0294 66.6724 2.5
      vertex 26.9828 73.8805 2.5
    endloop
  endfacet
  facet normal 0 0 1
    outer loop
      vertex 0.599999 95 2.5
      vertex 12.5333 99.2115 2.5
      vertex 6.27905 99.8027 2.5
    endloop
  endfacet
  facet normal 0 0 1
    outer loop
      vertex 0.599999 95 2.5
      vertex 6.27905 99.8027 2.5
      vertex 0.599999 99 2.5
    endloop
  endfacet
  facet normal 0 0 1
    outer loop
      vertex 26.9828 73.8805 2.5
      vertex -21.0294 66.6724 2.5
      vertex 27.0293 73.7227 2.5
    endloop
  endfacet
  facet normal 0 0 1
    outer loop
      vertex -20.9524 73.3572 2.5
      vertex 0.599999 95 2.5
      vertex -0.599999 95 2.5
    endloop
  endfacet
  facet normal -0 0 1
    outer loop
      vertex -12.5333 99.2115 2.5
      vertex -0.599999 95 2.5
      vertex -6.27905 99.8027 2.5
    endloop
  endfacet
  facet normal 0 0 1
    outer loop
      vertex -0.599999 95 2.5
      vertex -12.5333 99.2115 2.5
      vertex -20.9524 73.3572 2.5
    endloop
  endfacet
  facet normal 0 0 1
    outer loop
      vertex -20.9524 73.3572 2.5
      vertex -12.5333 99.2115 2.5
      vertex -18.7381 98.2287 2.5
    endloop
  endfacet
  facet normal 0 0 1
    outer loop
      vertex 27.0293 73.7227 2.5
      vertex -21.0294 66.6724 2.5
      vertex 27.0663 73.6011 2.5
    endloop
  endfacet
  facet normal 0 0 1
    outer loop
      vertex 27.0663 73.6011 2.5
      vertex -21.0294 66.6724 2.5
      vertex 31.6212 59.1601 2.5
    endloop
  endfacet
  facet normal 0 0 1
    outer loop
      vertex -21.0294 66.6724 2.5
      vertex -30.2804 59.1601 2.5
      vertex 31.6212 59.1601 2.5
    endloop
  endfacet
  facet normal 0 -0 1
    outer loop
      vertex -30.2804 59.1601 2.5
      vertex -21.0294 66.6724 2.5
      vertex -32.5001 66.8072 2.5
    endloop
  endfacet
  facet normal 0 0 1
    outer loop
      vertex -92.9776 -36.8125 2.5
      vertex -81.4317 -12.3123 2.5
      vertex -82.3347 -10.6468 2.5
    endloop
  endfacet
  facet normal 0 0 1
    outer loop
      vertex -81.4317 -12.3123 2.5
      vertex -82.5724 -46.9804 2.5
      vertex -81.9724 -48.0196 2.5
    endloop
  endfacet
  facet normal 0 0 1
    outer loop
      vertex -84.4693 -5.33464 2.5
      vertex -99.2115 -12.5333 2.5
      vertex -83.8569 -7.15456 2.5
    endloop
  endfacet
  facet normal 0 0 1
    outer loop
      vertex -99.2115 -12.5333 2.5
      vertex -84.4693 -5.33464 2.5
      vertex -95 -0.599999 2.5
    endloop
  endfacet
  facet normal 0 0 1
    outer loop
      vertex -84.978 -3.46994 2.5
      vertex -95 -0.599999 2.5
      vertex -84.4693 -5.33464 2.5
    endloop
  endfacet
  facet normal 0 0 1
    outer loop
      vertex -85.3796 -1.56396 2.5
      vertex -95 -0.599999 2.5
      vertex -84.978 -3.46994 2.5
    endloop
  endfacet
  facet normal 0 0 1
    outer loop
      vertex -85.6708 0.379929 2.5
      vertex -95 -0.599999 2.5
      vertex -85.3796 -1.56396 2.5
    endloop
  endfacet
  facet normal 0 0 1
    outer loop
      vertex -95 -0.599999 2.5
      vertex -85.6708 0.379929 2.5
      vertex -95 0.599999 2.5
    endloop
  endfacet
  facet normal -0 0 1
    outer loop
      vertex -95 0.599999 2.5
      vertex -85.6708 0.379929 2.5
      vertex -85.8479 2.35823 2.5
    endloop
  endfacet
  facet normal 0 0 1
    outer loop
      vertex -81.4317 -12.3123 2.5
      vertex -92.9776 -36.8125 2.5
      vertex -82.5724 -46.9804 2.5
    endloop
  endfacet
  facet normal 0 0 1
    outer loop
      vertex -95 0.599999 2.5
      vertex -85.8479 2.35823 2.5
      vertex -85.9077 4.36758 2.5
    endloop
  endfacet
  facet normal 0 0 1
    outer loop
      vertex -99.2115 12.5333 2.5
      vertex -84.7406 13.0893 2.5
      vertex -98.2287 18.7381 2.5
    endloop
  endfacet
  facet normal 0 0 1
    outer loop
      vertex -2.59487 -0.163255 2.5
      vertex -15.9325 -62.2428 2.5
      vertex -14.4647 -62.8166 2.5
    endloop
  endfacet
  facet normal 0 0 1
    outer loop
      vertex -22.3072 -9.76831 2.5
      vertex -9.01993 1.06924 2.5
      vertex -21.4963 -7.89659 2.5
    endloop
  endfacet
  facet normal 0 0 1
    outer loop
      vertex -23.2271 -11.5791 2.5
      vertex -9.01993 1.06924 2.5
      vertex -22.3072 -9.76831 2.5
    endloop
  endfacet
  facet normal 0 0 1
    outer loop
      vertex -19.2247 2.22998 2.5
      vertex -13.5043 6.02835 2.5
      vertex -19.1562 4.37956 2.5
    endloop
  endfacet
  facet normal -0 0 1
    outer loop
      vertex -21.4131 16.4122 2.5
      vertex -13.5043 6.02835 2.5
      vertex 23.3197 51.2885 2.5
    endloop
  endfacet
  facet normal 0 0 1
    outer loop
      vertex -13.5043 6.02835 2.5
      vertex -19.2041 6.16179 2.5
      vertex -19.1562 4.37956 2.5
    endloop
  endfacet
  facet normal 0 0 1
    outer loop
      vertex -13.5043 6.02835 2.5
      vertex -19.3467 7.9283 2.5
      vertex -19.2041 6.16179 2.5
    endloop
  endfacet
  facet normal 0 0 1
    outer loop
      vertex -13.5043 6.02835 2.5
      vertex -19.5821 9.67589 2.5
      vertex -19.3467 7.9283 2.5
    endloop
  endfacet
  facet normal 0 0 1
    outer loop
      vertex -13.5043 6.02835 2.5
      vertex -19.9082 11.4013 2.5
      vertex -19.5821 9.67589 2.5
    endloop
  endfacet
  facet normal 0 0 1
    outer loop
      vertex -13.5043 6.02835 2.5
      vertex -20.3234 13.1013 2.5
      vertex -19.9082 11.4013 2.5
    endloop
  endfacet
  facet normal 0 0 1
    outer loop
      vertex -13.5043 6.02835 2.5
      vertex -20.8257 14.7727 2.5
      vertex -20.3234 13.1013 2.5
    endloop
  endfacet
  facet normal 0 0 1
    outer loop
      vertex -13.5043 6.02835 2.5
      vertex -21.4131 16.4122 2.5
      vertex -20.8257 14.7727 2.5
    endloop
  endfacet
  facet normal 0 0 1
    outer loop
      vertex 23.3197 51.2885 2.5
      vertex -22.0838 18.0166 2.5
      vertex -21.4131 16.4122 2.5
    endloop
  endfacet
  facet normal 0 0 1
    outer loop
      vertex 23.3197 51.2885 2.5
      vertex -22.8361 19.5825 2.5
      vertex -22.0838 18.0166 2.5
    endloop
  endfacet
  facet normal 0 0 1
    outer loop
      vertex 23.3197 51.2885 2.5
      vertex -23.6678 21.1068 2.5
      vertex -22.8361 19.5825 2.5
    endloop
  endfacet
  facet normal 0 0 1
    outer loop
      vertex 23.3197 51.2885 2.5
      vertex -24.5772 22.5862 2.5
      vertex -23.6678 21.1068 2.5
    endloop
  endfacet
  facet normal 0 0 1
    outer loop
      vertex 23.3197 51.2885 2.5
      vertex -25.5624 24.0175 2.5
      vertex -24.5772 22.5862 2.5
    endloop
  endfacet
  facet normal 0 0 1
    outer loop
      vertex 23.3197 51.2885 2.5
      vertex -26.6214 25.3973 2.5
      vertex -25.5624 24.0175 2.5
    endloop
  endfacet
  facet normal 0 0 1
    outer loop
      vertex 23.3197 51.2885 2.5
      vertex -27.7525 26.7225 2.5
      vertex -26.6214 25.3973 2.5
    endloop
  endfacet
  facet normal -0 0 1
    outer loop
      vertex -36.0799 51.2885 2.5
      vertex -27.7525 26.7225 2.5
      vertex 23.3197 51.2885 2.5
    endloop
  endfacet
  facet normal 0 0 1
    outer loop
      vertex -27.7525 26.7225 2.5
      vertex -36.0799 51.2885 2.5
      vertex -28.9536 27.9899 2.5
    endloop
  endfacet
  facet normal 0 0 1
    outer loop
      vertex -28.9536 27.9899 2.5
      vertex -36.0799 51.2885 2.5
      vertex -30.223 29.1962 2.5
    endloop
  endfacet
  facet normal 0 0 1
    outer loop
      vertex -30.223 29.1962 2.5
      vertex -36.0799 51.2885 2.5
      vertex -31.5588 30.338 2.5
    endloop
  endfacet
  facet normal 0 0 1
    outer loop
      vertex -31.5588 30.338 2.5
      vertex -36.0799 51.2885 2.5
      vertex -32.9589 31.4123 2.5
    endloop
  endfacet
  facet normal 0 0 1
    outer loop
      vertex -32.9589 31.4123 2.5
      vertex -36.0799 51.2885 2.5
      vertex -34.4217 32.4156 2.5
    endloop
  endfacet
  facet normal 0 0 1
    outer loop
      vertex -34.4217 32.4156 2.5
      vertex -36.0799 51.2885 2.5
      vertex -35.9451 33.3449 2.5
    endloop
  endfacet
  facet normal 0 0 1
    outer loop
      vertex -36.0799 51.2885 2.5
      vertex -36.1173 33.438 2.5
      vertex -35.9451 33.3449 2.5
    endloop
  endfacet
  facet normal 0 0 1
    outer loop
      vertex -36.0799 51.2885 2.5
      vertex -36.2931 33.5213 2.5
      vertex -36.1173 33.438 2.5
    endloop
  endfacet
  facet normal 0 0 1
    outer loop
      vertex -36.0799 51.2885 2.5
      vertex -36.4721 33.5947 2.5
      vertex -36.2931 33.5213 2.5
    endloop
  endfacet
  facet normal 0 0 1
    outer loop
      vertex -36.0799 51.2885 2.5
      vertex -36.6538 33.6583 2.5
      vertex -36.4721 33.5947 2.5
    endloop
  endfacet
  facet normal 0 0 1
    outer loop
      vertex -36.0799 51.2885 2.5
      vertex -36.8378 33.7119 2.5
      vertex -36.6538 33.6583 2.5
    endloop
  endfacet
  facet normal 0 0 1
    outer loop
      vertex -36.0799 51.2885 2.5
      vertex -37.0239 33.7557 2.5
      vertex -36.8378 33.7119 2.5
    endloop
  endfacet
  facet normal 0 0 1
    outer loop
      vertex -36.0799 51.2885 2.5
      vertex -37.2115 33.7896 2.5
      vertex -37.0239 33.7557 2.5
    endloop
  endfacet
  facet normal 0 0 1
    outer loop
      vertex -36.0799 51.2885 2.5
      vertex -37.4004 33.8137 2.5
      vertex -37.2115 33.7896 2.5
    endloop
  endfacet
  facet normal 0 0 1
    outer loop
      vertex -36.0799 51.2885 2.5
      vertex -37.59 33.828 2.5
      vertex -37.4004 33.8137 2.5
    endloop
  endfacet
  facet normal 0 0 1
    outer loop
      vertex -36.0799 51.2885 2.5
      vertex -37.7799 33.8323 2.5
      vertex -37.59 33.828 2.5
    endloop
  endfacet
  facet normal 0 0 1
    outer loop
      vertex -36.0799 51.2885 2.5
      vertex -37.9699 33.8269 2.5
      vertex -37.7799 33.8323 2.5
    endloop
  endfacet
  facet normal 0 0 1
    outer loop
      vertex -36.0799 51.2885 2.5
      vertex -38.1595 33.8117 2.5
      vertex -37.9699 33.8269 2.5
    endloop
  endfacet
  facet normal 0 0 1
    outer loop
      vertex -36.0799 51.2885 2.5
      vertex -38.3483 33.7867 2.5
      vertex -38.1595 33.8117 2.5
    endloop
  endfacet
  facet normal 0 0 1
    outer loop
      vertex -36.0799 51.2885 2.5
      vertex -38.5359 33.7518 2.5
      vertex -38.3483 33.7867 2.5
    endloop
  endfacet
  facet normal 0 0 1
    outer loop
      vertex -36.0799 51.2885 2.5
      vertex -38.722 33.7073 2.5
      vertex -38.5359 33.7518 2.5
    endloop
  endfacet
  facet normal 0 0 1
    outer loop
      vertex -36.0799 51.2885 2.5
      vertex -38.906 33.6529 2.5
      vertex -38.722 33.7073 2.5
    endloop
  endfacet
  facet normal 0 0 1
    outer loop
      vertex -36.0799 51.2885 2.5
      vertex -39.0878 33.5887 2.5
      vertex -38.906 33.6529 2.5
    endloop
  endfacet
  facet normal 0 0 1
    outer loop
      vertex -36.0799 51.2885 2.5
      vertex -39.2667 33.5148 2.5
      vertex -39.0878 33.5887 2.5
    endloop
  endfacet
  facet normal 0 0 1
    outer loop
      vertex -36.0799 51.2885 2.5
      vertex -39.4424 33.4312 2.5
      vertex -39.2667 33.5148 2.5
    endloop
  endfacet
  facet normal 0 0 1
    outer loop
      vertex -36.0799 51.2885 2.5
      vertex -39.6147 33.3378 2.5
      vertex -39.4424 33.4312 2.5
    endloop
  endfacet
  facet normal 0 0 1
    outer loop
      vertex -36.0799 51.2885 2.5
      vertex -39.7817 33.2355 2.5
      vertex -39.6147 33.3378 2.5
    endloop
  endfacet
  facet normal 0 0 1
    outer loop
      vertex -36.0799 51.2885 2.5
      vertex -39.942 33.1252 2.5
      vertex -39.7817 33.2355 2.5
    endloop
  endfacet
  facet normal 0 0 1
    outer loop
      vertex -36.0799 51.2885 2.5
      vertex -40.0954 33.0072 2.5
      vertex -39.942 33.1252 2.5
    endloop
  endfacet
  facet normal 0 0 1
    outer loop
      vertex -36.0799 51.2885 2.5
      vertex -40.2415 32.8818 2.5
      vertex -40.0954 33.0072 2.5
    endloop
  endfacet
  facet normal 0 0 1
    outer loop
      vertex -36.0799 51.2885 2.5
      vertex -40.3804 32.7495 2.5
      vertex -40.2415 32.8818 2.5
    endloop
  endfacet
  facet normal 0 0 1
    outer loop
      vertex -64.6835 32.7339 2.5
      vertex -40.3804 32.7495 2.5
      vertex -36.0799 51.2885 2.5
    endloop
  endfacet
  facet normal 0 0 1
    outer loop
      vertex -40.3804 32.7495 2.5
      vertex -64.6835 32.7339 2.5
      vertex -40.5118 32.6105 2.5
    endloop
  endfacet
  facet normal 0 -0 1
    outer loop
      vertex -64.5522 32.5944 2.5
      vertex -40.5118 32.6105 2.5
      vertex -64.6835 32.7339 2.5
    endloop
  endfacet
  facet normal 0 0 1
    outer loop
      vertex -40.5118 32.6105 2.5
      vertex -64.5522 32.5944 2.5
      vertex -40.6354 32.4651 2.5
    endloop
  endfacet
  facet normal 0 -0 1
    outer loop
      vertex -64.4286 32.4488 2.5
      vertex -40.6354 32.4651 2.5
      vertex -64.5522 32.5944 2.5
    endloop
  endfacet
  facet normal 0 0 1
    outer loop
      vertex -40.6354 32.4651 2.5
      vertex -64.4286 32.4488 2.5
      vertex -40.7511 32.3138 2.5
    endloop
  endfacet
  facet normal 0 0 1
    outer loop
      vertex -51.7974 67.0381 2.5
      vertex -36.0799 51.2885 2.5
      vertex -41.1287 66.9099 2.5
    endloop
  endfacet
  facet normal 0 0 1
    outer loop
      vertex -65.1219 33.1115 2.5
      vertex -36.0799 51.2885 2.5
      vertex -51.7974 67.0381 2.5
    endloop
  endfacet
  facet normal 0 -0 1
    outer loop
      vertex -64.6835 32.7339 2.5
      vertex -36.0799 51.2885 2.5
      vertex -64.8224 32.8668 2.5
    endloop
  endfacet
  facet normal 0 -0 1
    outer loop
      vertex -64.3128 32.2972 2.5
      vertex -40.7511 32.3138 2.5
      vertex -64.4286 32.4488 2.5
    endloop
  endfacet
  facet normal 0 0 1
    outer loop
      vertex -40.7511 32.3138 2.5
      vertex -64.3128 32.2972 2.5
      vertex -40.8587 32.1568 2.5
    endloop
  endfacet
  facet normal 0 -0 1
    outer loop
      vertex -64.2053 32.1401 2.5
      vertex -40.8587 32.1568 2.5
      vertex -64.3128 32.2972 2.5
    endloop
  endfacet
  facet normal 0 0 1
    outer loop
      vertex -40.8587 32.1568 2.5
      vertex -64.2053 32.1401 2.5
      vertex -40.9579 31.9946 2.5
    endloop
  endfacet
  facet normal 0 -0 1
    outer loop
      vertex -64.1061 31.9778 2.5
      vertex -40.9579 31.9946 2.5
      vertex -64.2053 32.1401 2.5
    endloop
  endfacet
  facet normal 0 0 1
    outer loop
      vertex -40.9579 31.9946 2.5
      vertex -64.1061 31.9778 2.5
      vertex -41.0487 31.8274 2.5
    endloop
  endfacet
  facet normal 0 -0 1
    outer loop
      vertex -64.0153 31.8106 2.5
      vertex -41.0487 31.8274 2.5
      vertex -64.1061 31.9778 2.5
    endloop
  endfacet
  facet normal -0 0 1
    outer loop
      vertex -63.6145 30.1438 2.5
      vertex -41.4495 10.9804 2.5
      vertex -41.4495 30.1558 2.5
    endloop
  endfacet
  facet normal 0 -0 1
    outer loop
      vertex -42.2963 9.47272 2.5
      vertex -41.4495 10.9804 2.5
      vertex -63.6145 10.7438 2.5
    endloop
  endfacet
  facet normal 0 0 1
    outer loop
      vertex -41.4495 10.9804 2.5
      vertex -42.2963 9.47272 2.5
      vertex -41.452 10.8892 2.5
    endloop
  endfacet
  facet normal 0 0 1
    outer loop
      vertex -41.452 10.8892 2.5
      vertex -42.2963 9.47272 2.5
      vertex -41.4592 10.7987 2.5
    endloop
  endfacet
  facet normal 0 0 1
    outer loop
      vertex -41.4592 10.7987 2.5
      vertex -42.2963 9.47272 2.5
      vertex -41.4711 10.709 2.5
    endloop
  endfacet
  facet normal 0 0 1
    outer loop
      vertex -41.4711 10.709 2.5
      vertex -42.2963 9.47272 2.5
      vertex -41.4877 10.6203 2.5
    endloop
  endfacet
  facet normal 0 0 1
    outer loop
      vertex -41.4877 10.6203 2.5
      vertex -42.2963 9.47272 2.5
      vertex -41.5087 10.5327 2.5
    endloop
  endfacet
  facet normal 0 0 1
    outer loop
      vertex -41.5087 10.5327 2.5
      vertex -42.2963 9.47272 2.5
      vertex -41.5342 10.4465 2.5
    endloop
  endfacet
  facet normal 0 0 1
    outer loop
      vertex -41.5342 10.4465 2.5
      vertex -42.2963 9.47272 2.5
      vertex -41.5639 10.3618 2.5
    endloop
  endfacet
  facet normal 0 0 1
    outer loop
      vertex -41.0487 31.8274 2.5
      vertex -64.0153 31.8106 2.5
      vertex -41.1307 31.6556 2.5
    endloop
  endfacet
  facet normal 0 -0 1
    outer loop
      vertex -63.6352 30.5331 2.5
      vertex -41.4288 30.5468 2.5
      vertex -63.6608 30.7247 2.5
    endloop
  endfacet
  facet normal 0 0 1
    outer loop
      vertex -41.4288 30.5468 2.5
      vertex -63.6352 30.5331 2.5
      vertex -41.4442 30.3522 2.5
    endloop
  endfacet
  facet normal 0 -0 1
    outer loop
      vertex -63.6197 30.3393 2.5
      vertex -41.4442 30.3522 2.5
      vertex -63.6352 30.5331 2.5
    endloop
  endfacet
  facet normal 0 0 1
    outer loop
      vertex -41.4442 30.3522 2.5
      vertex -63.6197 30.3393 2.5
      vertex -41.4495 30.1558 2.5
    endloop
  endfacet
  facet normal 0 -0 1
    outer loop
      vertex -63.6145 30.1438 2.5
      vertex -41.4495 30.1558 2.5
      vertex -63.6197 30.3393 2.5
    endloop
  endfacet
  facet normal 0 0 1
    outer loop
      vertex -41.4495 10.9804 2.5
      vertex -63.6145 30.1438 2.5
      vertex -63.6145 10.7438 2.5
    endloop
  endfacet
  facet normal 0 0 1
    outer loop
      vertex -41.5639 10.3618 2.5
      vertex -42.2963 9.47272 2.5
      vertex -41.5979 10.2788 2.5
    endloop
  endfacet
  facet normal 0 0 1
    outer loop
      vertex -41.5979 10.2788 2.5
      vertex -42.2963 9.47272 2.5
      vertex -41.636 10.1975 2.5
    endloop
  endfacet
  facet normal 0 0 1
    outer loop
      vertex -41.636 10.1975 2.5
      vertex -42.2963 9.47272 2.5
      vertex -41.678 10.1183 2.5
    endloop
  endfacet
  facet normal 0 0 1
    outer loop
      vertex -41.724 10.0412 2.5
      vertex -42.2963 9.47272 2.5
      vertex -41.7738 9.96649 2.5
    endloop
  endfacet
  facet normal 0 0 1
    outer loop
      vertex -41.7738 9.96649 2.5
      vertex -42.2963 9.47272 2.5
      vertex -41.8272 9.89424 2.5
    endloop
  endfacet
  facet normal 0 -0 1
    outer loop
      vertex -63.9333 31.6389 2.5
      vertex -41.1307 31.6556 2.5
      vertex -64.0153 31.8106 2.5
    endloop
  endfacet
  facet normal 0 0 1
    outer loop
      vertex -41.8272 9.89424 2.5
      vertex -42.2963 9.47272 2.5
      vertex -41.8842 9.82466 2.5
    endloop
  endfacet
  facet normal 0 0 1
    outer loop
      vertex 35.1817 46.8683 2.5
      vertex 37.3122 34.2404 2.5
      vertex 39.0565 35.0641 2.5
    endloop
  endfacet
  facet normal 0 0 1
    outer loop
      vertex 35.1817 46.8683 2.5
      vertex 35.6246 33.3209 2.5
      vertex 37.3122 34.2404 2.5
    endloop
  endfacet
  facet normal 0 0 1
    outer loop
      vertex 35.1817 46.8683 2.5
      vertex 33.9975 32.3091 2.5
      vertex 35.6246 33.3209 2.5
    endloop
  endfacet
  facet normal -0 0 1
    outer loop
      vertex 33.2955 51.2885 2.5
      vertex 35.1817 46.8683 2.5
      vertex 33.7318 51.2885 2.5
    endloop
  endfacet
  facet normal 0 0 1
    outer loop
      vertex 29.5135 28.7552 2.5
      vertex 35.1817 46.8683 2.5
      vertex 33.2955 51.2885 2.5
    endloop
  endfacet
  facet normal 0 0 1
    outer loop
      vertex 35.1817 46.8683 2.5
      vertex 32.4342 31.2086 2.5
      vertex 33.9975 32.3091 2.5
    endloop
  endfacet
  facet normal 0 0 1
    outer loop
      vertex 35.1817 46.8683 2.5
      vertex 30.9384 30.0228 2.5
      vertex 32.4342 31.2086 2.5
    endloop
  endfacet
  facet normal 0 0 1
    outer loop
      vertex 35.1817 46.8683 2.5
      vertex 29.5135 28.7552 2.5
      vertex 30.9384 30.0228 2.5
    endloop
  endfacet
  facet normal 0 0 1
    outer loop
      vertex 33.2955 51.2885 2.5
      vertex 28.1631 27.4096 2.5
      vertex 29.5135 28.7552 2.5
    endloop
  endfacet
  facet normal 0 0 1
    outer loop
      vertex 33.2955 51.2885 2.5
      vertex 26.8906 25.9891 2.5
      vertex 28.1631 27.4096 2.5
    endloop
  endfacet
  facet normal 0 0 1
    outer loop
      vertex 33.2955 51.2885 2.5
      vertex 25.6998 24.4976 2.5
      vertex 26.8906 25.9891 2.5
    endloop
  endfacet
  facet normal 0 0 1
    outer loop
      vertex 33.2955 51.2885 2.5
      vertex 24.594 22.9384 2.5
      vertex 25.6998 24.4976 2.5
    endloop
  endfacet
  facet normal 0 0 1
    outer loop
      vertex -9.01993 1.06924 2.5
      vertex 24.594 22.9384 2.5
      vertex 33.2955 51.2885 2.5
    endloop
  endfacet
  facet normal 0 0 1
    outer loop
      vertex 24.594 22.9384 2.5
      vertex -9.01993 1.06924 2.5
      vertex 23.5767 21.315 2.5
    endloop
  endfacet
  facet normal 0 -0 1
    outer loop
      vertex -0.646593 2.51832 2.5
      vertex 23.5767 21.315 2.5
      vertex -9.01993 1.06924 2.5
    endloop
  endfacet
  facet normal 0 0 1
    outer loop
      vertex 23.5767 21.315 2.5
      vertex -0.646593 2.51832 2.5
      vertex 22.6515 19.631 2.5
    endloop
  endfacet
  facet normal 0 0 1
    outer loop
      vertex 26.1796 -16.1505 2.5
      vertex 16.479 -61.609 2.5
      vertex 17.8991 -60.9207 2.5
    endloop
  endfacet
  facet normal 0 0 1
    outer loop
      vertex 2.2784 1.25256 2.5
      vertex 18.9893 4.39886 2.5
      vertex 19.0507 6.44118 2.5
    endloop
  endfacet
  facet normal 0 0 1
    outer loop
      vertex 19.0553 2.35014 2.5
      vertex 1.77982 -1.89532 2.5
      vertex 1.6573 -2.00333 2.5
    endloop
  endfacet
  facet normal 0 0 1
    outer loop
      vertex 19.0553 2.35014 2.5
      vertex 1.6573 -2.00333 2.5
      vertex 1.52824 -2.10344 2.5
    endloop
  endfacet
  facet normal 0 0 1
    outer loop
      vertex 1.39315 -2.19525 2.5
      vertex 19.0553 2.35014 2.5
      vertex 1.52824 -2.10344 2.5
    endloop
  endfacet
  facet normal 0 0 1
    outer loop
      vertex 2.00333 1.6573 2.5
      vertex 19.0507 6.44118 2.5
      vertex 19.2323 8.45099 2.5
    endloop
  endfacet
  facet normal 0 0 1
    outer loop
      vertex 19.0553 2.35014 2.5
      vertex 1.89532 -1.77982 2.5
      vertex 1.77982 -1.89532 2.5
    endloop
  endfacet
  facet normal 0 0 1
    outer loop
      vertex 19.0553 2.35014 2.5
      vertex 1.39315 -2.19525 2.5
      vertex 16.479 -61.609 2.5
    endloop
  endfacet
  facet normal -0 0 1
    outer loop
      vertex 1.25256 -2.2784 2.5
      vertex 16.479 -61.609 2.5
      vertex 1.39315 -2.19525 2.5
    endloop
  endfacet
  facet normal 0 0 1
    outer loop
      vertex 1.52824 2.10344 2.5
      vertex 19.2323 8.45099 2.5
      vertex 19.5308 10.4249 2.5
    endloop
  endfacet
  facet normal -0 0 1
    outer loop
      vertex 1.10703 -2.35255 2.5
      vertex 16.479 -61.609 2.5
      vertex 1.25256 -2.2784 2.5
    endloop
  endfacet
  facet normal -0 0 1
    outer loop
      vertex 0.957124 -2.41742 2.5
      vertex 16.479 -61.609 2.5
      vertex 1.10703 -2.35255 2.5
    endloop
  endfacet
  facet normal -0 0 1
    outer loop
      vertex 0.803444 -2.47275 2.5
      vertex 16.479 -61.609 2.5
      vertex 0.957124 -2.41742 2.5
    endloop
  endfacet
  facet normal 0 0 1
    outer loop
      vertex 1.10703 2.35255 2.5
      vertex 19.5308 10.4249 2.5
      vertex 19.9425 12.3592 2.5
    endloop
  endfacet
  facet normal 0 0 1
    outer loop
      vertex 19.0553 2.35014 2.5
      vertex 2.6 0 2.5
      vertex 2.59487 -0.163255 2.5
    endloop
  endfacet
  facet normal 0 0 1
    outer loop
      vertex 0.803444 2.47275 2.5
      vertex 19.9425 12.3592 2.5
      vertex 20.4639 14.2505 2.5
    endloop
  endfacet
  facet normal 0 0 1
    outer loop
      vertex 0.325866 2.5795 2.5
      vertex 20.4639 14.2505 2.5
      vertex 21.0916 16.0953 2.5
    endloop
  endfacet
  facet normal 0 -0 1
    outer loop
      vertex -0.487191 2.55395 2.5
      vertex 22.6515 19.631 2.5
      vertex -0.646593 2.51832 2.5
    endloop
  endfacet
  facet normal 0 0 1
    outer loop
      vertex 19.0553 2.35014 2.5
      vertex 2.59487 0.163255 2.5
      vertex 2.6 0 2.5
    endloop
  endfacet
  facet normal 0 0 1
    outer loop
      vertex 19.0553 2.35014 2.5
      vertex 2.5795 0.325866 2.5
      vertex 2.59487 0.163255 2.5
    endloop
  endfacet
  facet normal 0 0 1
    outer loop
      vertex 19.0553 2.35014 2.5
      vertex 2.55395 0.487191 2.5
      vertex 2.5795 0.325866 2.5
    endloop
  endfacet
  facet normal 0 0 1
    outer loop
      vertex 19.0553 2.35014 2.5
      vertex 2.51832 0.646593 2.5
      vertex 2.55395 0.487191 2.5
    endloop
  endfacet
  facet normal 0 0 1
    outer loop
      vertex 18.9893 4.39886 2.5
      vertex 2.47275 0.803444 2.5
      vertex 2.51832 0.646593 2.5
    endloop
  endfacet
  facet normal 0 0 1
    outer loop
      vertex 18.9893 4.39886 2.5
      vertex 2.41742 0.957124 2.5
      vertex 2.47275 0.803444 2.5
    endloop
  endfacet
  facet normal 0 0 1
    outer loop
      vertex 18.9893 4.39886 2.5
      vertex 2.35255 1.10703 2.5
      vertex 2.41742 0.957124 2.5
    endloop
  endfacet
  facet normal 0 0 1
    outer loop
      vertex 18.9893 4.39886 2.5
      vertex 2.2784 1.25256 2.5
      vertex 2.35255 1.10703 2.5
    endloop
  endfacet
  facet normal 0 0 1
    outer loop
      vertex 19.0507 6.44118 2.5
      vertex 2.19525 1.39315 2.5
      vertex 2.2784 1.25256 2.5
    endloop
  endfacet
  facet normal 0 0 1
    outer loop
      vertex 19.0507 6.44118 2.5
      vertex 2.10344 1.52824 2.5
      vertex 2.19525 1.39315 2.5
    endloop
  endfacet
  facet normal 0 0 1
    outer loop
      vertex 19.0507 6.44118 2.5
      vertex 2.00333 1.6573 2.5
      vertex 2.10344 1.52824 2.5
    endloop
  endfacet
  facet normal 0 0 1
    outer loop
      vertex 19.2323 8.45099 2.5
      vertex 1.89532 1.77982 2.5
      vertex 2.00333 1.6573 2.5
    endloop
  endfacet
  facet normal 0 0 1
    outer loop
      vertex 19.2323 8.45099 2.5
      vertex 1.77982 1.89532 2.5
      vertex 1.89532 1.77982 2.5
    endloop
  endfacet
  facet normal 0 0 1
    outer loop
      vertex 19.2323 8.45099 2.5
      vertex 1.6573 2.00333 2.5
      vertex 1.77982 1.89532 2.5
    endloop
  endfacet
  facet normal 0 0 1
    outer loop
      vertex 19.2323 8.45099 2.5
      vertex 1.52824 2.10344 2.5
      vertex 1.6573 2.00333 2.5
    endloop
  endfacet
  facet normal 0 0 1
    outer loop
      vertex 19.5308 10.4249 2.5
      vertex 1.39315 2.19525 2.5
      vertex 1.52824 2.10344 2.5
    endloop
  endfacet
  facet normal 0 0 1
    outer loop
      vertex 19.5308 10.4249 2.5
      vertex 1.25256 2.2784 2.5
      vertex 1.39315 2.19525 2.5
    endloop
  endfacet
  facet normal 0 0 1
    outer loop
      vertex 19.5308 10.4249 2.5
      vertex 1.10703 2.35255 2.5
      vertex 1.25256 2.2784 2.5
    endloop
  endfacet
  facet normal 0 0 1
    outer loop
      vertex 19.9425 12.3592 2.5
      vertex 0.957124 2.41742 2.5
      vertex 1.10703 2.35255 2.5
    endloop
  endfacet
  facet normal 0 0 1
    outer loop
      vertex 19.9425 12.3592 2.5
      vertex 0.803444 2.47275 2.5
      vertex 0.957124 2.41742 2.5
    endloop
  endfacet
  facet normal 0 0 1
    outer loop
      vertex 20.4639 14.2505 2.5
      vertex 0.646593 2.51832 2.5
      vertex 0.803444 2.47275 2.5
    endloop
  endfacet
  facet normal 0 0 1
    outer loop
      vertex 20.4639 14.2505 2.5
      vertex 0.487191 2.55395 2.5
      vertex 0.646593 2.51832 2.5
    endloop
  endfacet
  facet normal 0 0 1
    outer loop
      vertex 20.4639 14.2505 2.5
      vertex 0.325866 2.5795 2.5
      vertex 0.487191 2.55395 2.5
    endloop
  endfacet
  facet normal 0 0 1
    outer loop
      vertex 21.0916 16.0953 2.5
      vertex 0.163255 2.59487 2.5
      vertex 0.325866 2.5795 2.5
    endloop
  endfacet
  facet normal 0 0 1
    outer loop
      vertex 21.0916 16.0953 2.5
      vertex 0 2.6 2.5
      vertex 0.163255 2.59487 2.5
    endloop
  endfacet
  facet normal 0 0 1
    outer loop
      vertex 21.822 17.8899 2.5
      vertex 0 2.6 2.5
      vertex 21.0916 16.0953 2.5
    endloop
  endfacet
  facet normal 0 -0 1
    outer loop
      vertex 0 2.6 2.5
      vertex 21.822 17.8899 2.5
      vertex -0.163255 2.59487 2.5
    endloop
  endfacet
  facet normal 0 -0 1
    outer loop
      vertex -0.163255 2.59487 2.5
      vertex 21.822 17.8899 2.5
      vertex -0.325866 2.5795 2.5
    endloop
  endfacet
  facet normal 0 0 1
    outer loop
      vertex 22.6515 19.631 2.5
      vertex -0.325866 2.5795 2.5
      vertex 21.822 17.8899 2.5
    endloop
  endfacet
  facet normal 0 -0 1
    outer loop
      vertex -0.325866 2.5795 2.5
      vertex 22.6515 19.631 2.5
      vertex -0.487191 2.55395 2.5
    endloop
  endfacet
  facet normal 0 0 1
    outer loop
      vertex -0.646593 2.51832 2.5
      vertex -9.01993 1.06924 2.5
      vertex -0.803444 2.47275 2.5
    endloop
  endfacet
  facet normal 0 0 1
    outer loop
      vertex -0.803444 2.47275 2.5
      vertex -9.01993 1.06924 2.5
      vertex -0.957124 2.41742 2.5
    endloop
  endfacet
  facet normal 0 0 1
    outer loop
      vertex -0.957124 2.41742 2.5
      vertex -9.01993 1.06924 2.5
      vertex -1.10703 2.35255 2.5
    endloop
  endfacet
  facet normal 0 0 1
    outer loop
      vertex -1.10703 2.35255 2.5
      vertex -9.01993 1.06924 2.5
      vertex -1.25256 2.2784 2.5
    endloop
  endfacet
  facet normal 0 0 1
    outer loop
      vertex -1.25256 2.2784 2.5
      vertex -9.01993 1.06924 2.5
      vertex -1.39315 2.19525 2.5
    endloop
  endfacet
  facet normal 0 0 1
    outer loop
      vertex -1.39315 2.19525 2.5
      vertex -9.01993 1.06924 2.5
      vertex -1.52824 2.10344 2.5
    endloop
  endfacet
  facet normal 0 0 1
    outer loop
      vertex -1.52824 2.10344 2.5
      vertex -9.01993 1.06924 2.5
      vertex -1.6573 2.00333 2.5
    endloop
  endfacet
  facet normal 0 0 1
    outer loop
      vertex -1.6573 2.00333 2.5
      vertex -9.01993 1.06924 2.5
      vertex -1.77982 1.89532 2.5
    endloop
  endfacet
  facet normal 0 0 1
    outer loop
      vertex -1.77982 1.89532 2.5
      vertex -9.01993 1.06924 2.5
      vertex -1.89532 1.77982 2.5
    endloop
  endfacet
  facet normal 0 0 1
    outer loop
      vertex -1.89532 1.77982 2.5
      vertex -9.01993 1.06924 2.5
      vertex -2.00333 1.6573 2.5
    endloop
  endfacet
  facet normal 0 0 1
    outer loop
      vertex -0.163255 -2.59487 2.5
      vertex -5.25246 -65.0222 2.5
      vertex -3.66264 -65.1782 2.5
    endloop
  endfacet
  facet normal 0 0 1
    outer loop
      vertex -9.01993 1.06924 2.5
      vertex -2.6 0 2.5
      vertex -2.59487 0.163255 2.5
    endloop
  endfacet
  facet normal 0 0 1
    outer loop
      vertex -2.59487 -0.163255 2.5
      vertex -6.82907 -64.8049 2.5
      vertex -5.25246 -65.0222 2.5
    endloop
  endfacet
  facet normal 0 0 1
    outer loop
      vertex -2.59487 -0.163255 2.5
      vertex -8.39104 -64.5266 2.5
      vertex -6.82907 -64.8049 2.5
    endloop
  endfacet
  facet normal 0 0 1
    outer loop
      vertex -2.00333 1.6573 2.5
      vertex -9.01993 1.06924 2.5
      vertex -2.10344 1.52824 2.5
    endloop
  endfacet
  facet normal 0 0 1
    outer loop
      vertex -9.01993 1.06924 2.5
      vertex -2.19525 1.39315 2.5
      vertex -2.10344 1.52824 2.5
    endloop
  endfacet
  facet normal 0 0 1
    outer loop
      vertex -9.01993 1.06924 2.5
      vertex -2.2784 1.25256 2.5
      vertex -2.19525 1.39315 2.5
    endloop
  endfacet
  facet normal 0 0 1
    outer loop
      vertex -9.01993 1.06924 2.5
      vertex -2.35255 1.10703 2.5
      vertex -2.2784 1.25256 2.5
    endloop
  endfacet
  facet normal -0 0 1
    outer loop
      vertex -9.01993 1.06924 2.5
      vertex -2.41742 0.957124 2.5
      vertex -2.35255 1.10703 2.5
    endloop
  endfacet
  facet normal 0 0 1
    outer loop
      vertex -9.01993 1.06924 2.5
      vertex -2.47275 0.803444 2.5
      vertex -2.41742 0.957124 2.5
    endloop
  endfacet
  facet normal 0 0 1
    outer loop
      vertex -9.01993 1.06924 2.5
      vertex -2.51832 0.646593 2.5
      vertex -2.47275 0.803444 2.5
    endloop
  endfacet
  facet normal 0 0 1
    outer loop
      vertex -9.01993 1.06924 2.5
      vertex -2.55395 0.487191 2.5
      vertex -2.51832 0.646593 2.5
    endloop
  endfacet
  facet normal 0 0 1
    outer loop
      vertex -9.01993 1.06924 2.5
      vertex -2.5795 0.325866 2.5
      vertex -2.55395 0.487191 2.5
    endloop
  endfacet
  facet normal 0 0 1
    outer loop
      vertex -9.01993 1.06924 2.5
      vertex -2.59487 0.163255 2.5
      vertex -2.5795 0.325866 2.5
    endloop
  endfacet
  facet normal 0 0 1
    outer loop
      vertex -15.9325 -62.2428 2.5
      vertex -2.59487 -0.163255 2.5
      vertex -9.01993 1.06924 2.5
    endloop
  endfacet
  facet normal 0 0 1
    outer loop
      vertex -2.59487 -0.163255 2.5
      vertex -9.93706 -64.1881 2.5
      vertex -8.39104 -64.5266 2.5
    endloop
  endfacet
  facet normal 0 0 1
    outer loop
      vertex -2.59487 -0.163255 2.5
      vertex -11.4656 -63.7898 2.5
      vertex -9.93706 -64.1881 2.5
    endloop
  endfacet
  facet normal 0 0 1
    outer loop
      vertex -2.59487 -0.163255 2.5
      vertex -12.9753 -63.3325 2.5
      vertex -11.4656 -63.7898 2.5
    endloop
  endfacet
  facet normal -0 0 1
    outer loop
      vertex -19.2247 2.22998 2.5
      vertex -9.01993 1.06924 2.5
      vertex -13.5043 6.02835 2.5
    endloop
  endfacet
  facet normal 0 0 1
    outer loop
      vertex -2.59487 -0.163255 2.5
      vertex -14.4647 -62.8166 2.5
      vertex -12.9753 -63.3325 2.5
    endloop
  endfacet
  facet normal 0 0 1
    outer loop
      vertex 38.5468 -26.0347 2.5
      vertex 40.2629 -28.3273 2.5
      vertex 40.3973 -26.8181 2.5
    endloop
  endfacet
  facet normal 0 0 1
    outer loop
      vertex 40.2629 -28.3273 2.5
      vertex 38.5468 -26.0347 2.5
      vertex 40.0756 -29.8245 2.5
    endloop
  endfacet
  facet normal 0 0 1
    outer loop
      vertex 36.7548 -25.1389 2.5
      vertex 40.0756 -29.8245 2.5
      vertex 38.5468 -26.0347 2.5
    endloop
  endfacet
  facet normal 0 0 1
    outer loop
      vertex 40.0756 -29.8245 2.5
      vertex 36.7548 -25.1389 2.5
      vertex 39.8358 -31.3088 2.5
    endloop
  endfacet
  facet normal 0 0 1
    outer loop
      vertex 39.8358 -31.3088 2.5
      vertex 36.7548 -25.1389 2.5
      vertex 39.5441 -32.779 2.5
    endloop
  endfacet
  facet normal 0 0 1
    outer loop
      vertex 35.0253 -24.136 2.5
      vertex 39.5441 -32.779 2.5
      vertex 36.7548 -25.1389 2.5
    endloop
  endfacet
  facet normal 0 0 1
    outer loop
      vertex 39.5441 -32.779 2.5
      vertex 35.0253 -24.136 2.5
      vertex 39.201 -34.2339 2.5
    endloop
  endfacet
  facet normal 0 0 1
    outer loop
      vertex 39.201 -34.2339 2.5
      vertex 35.0253 -24.136 2.5
      vertex 38.8068 -35.6724 2.5
    endloop
  endfacet
  facet normal 0 0 1
    outer loop
      vertex 33.3621 -23.0308 2.5
      vertex 38.8068 -35.6724 2.5
      vertex 35.0253 -24.136 2.5
    endloop
  endfacet
  facet normal 0 0 1
    outer loop
      vertex 38.8068 -35.6724 2.5
      vertex 33.3621 -23.0308 2.5
      vertex 38.3622 -37.0933 2.5
    endloop
  endfacet
  facet normal 0 0 1
    outer loop
      vertex 38.3622 -37.0933 2.5
      vertex 33.3621 -23.0308 2.5
      vertex 37.8675 -38.4955 2.5
    endloop
  endfacet
  facet normal 0 0 1
    outer loop
      vertex 37.8675 -38.4955 2.5
      vertex 33.3621 -23.0308 2.5
      vertex 37.3234 -39.8777 2.5
    endloop
  endfacet
  facet normal 0 0 1
    outer loop
      vertex 31.7693 -21.8286 2.5
      vertex 37.3234 -39.8777 2.5
      vertex 33.3621 -23.0308 2.5
    endloop
  endfacet
  facet normal 0 0 1
    outer loop
      vertex 37.3234 -39.8777 2.5
      vertex 31.7693 -21.8286 2.5
      vertex 36.7301 -41.239 2.5
    endloop
  endfacet
  facet normal 0 0 1
    outer loop
      vertex 36.7301 -41.239 2.5
      vertex 31.7693 -21.8286 2.5
      vertex 36.0884 -42.5781 2.5
    endloop
  endfacet
  facet normal 0 0 1
    outer loop
      vertex 36.0884 -42.5781 2.5
      vertex 31.7693 -21.8286 2.5
      vertex 35.3986 -43.8938 2.5
    endloop
  endfacet
  facet normal 0 0 1
    outer loop
      vertex 35.3986 -43.8938 2.5
      vertex 31.7693 -21.8286 2.5
      vertex 34.6612 -45.185 2.5
    endloop
  endfacet
  facet normal 0 0 1
    outer loop
      vertex 30.2506 -20.5344 2.5
      vertex 34.6612 -45.185 2.5
      vertex 31.7693 -21.8286 2.5
    endloop
  endfacet
  facet normal 0 0 1
    outer loop
      vertex 34.6612 -45.185 2.5
      vertex 30.2506 -20.5344 2.5
      vertex 33.8767 -46.4507 2.5
    endloop
  endfacet
  facet normal 0 0 1
    outer loop
      vertex 33.8767 -46.4507 2.5
      vertex 30.2506 -20.5344 2.5
      vertex 33.0457 -47.6895 2.5
    endloop
  endfacet
  facet normal 0 0 1
    outer loop
      vertex 33.0457 -47.6895 2.5
      vertex 30.2506 -20.5344 2.5
      vertex 32.1684 -48.9005 2.5
    endloop
  endfacet
  facet normal 0 0 1
    outer loop
      vertex 32.1684 -48.9005 2.5
      vertex 30.2506 -20.5344 2.5
      vertex 31.2456 -50.0823 2.5
    endloop
  endfacet
  facet normal 0 0 1
    outer loop
      vertex 28.8102 -19.1532 2.5
      vertex 31.2456 -50.0823 2.5
      vertex 30.2506 -20.5344 2.5
    endloop
  endfacet
  facet normal 0 0 1
    outer loop
      vertex 31.2456 -50.0823 2.5
      vertex 28.8102 -19.1532 2.5
      vertex 30.2776 -51.2338 2.5
    endloop
  endfacet
  facet normal 0 0 1
    outer loop
      vertex 30.2776 -51.2338 2.5
      vertex 28.8102 -19.1532 2.5
      vertex 29.265 -52.3541 2.5
    endloop
  endfacet
  facet normal 0 0 1
    outer loop
      vertex 28.8102 -19.1532 2.5
      vertex 28.2082 -53.4418 2.5
      vertex 29.265 -52.3541 2.5
    endloop
  endfacet
  facet normal 0 0 1
    outer loop
      vertex 27.035 -54.563 2.5
      vertex 28.8102 -19.1532 2.5
      vertex 27.4519 -17.6903 2.5
    endloop
  endfacet
  facet normal 0 0 1
    outer loop
      vertex 28.8102 -19.1532 2.5
      vertex 27.035 -54.563 2.5
      vertex 28.2082 -53.4418 2.5
    endloop
  endfacet
  facet normal 0 0 1
    outer loop
      vertex 17.8991 -60.9207 2.5
      vertex 27.4519 -17.6903 2.5
      vertex 26.1796 -16.1505 2.5
    endloop
  endfacet
  facet normal 0 0 1
    outer loop
      vertex 27.4519 -17.6903 2.5
      vertex 25.826 -55.6321 2.5
      vertex 27.035 -54.563 2.5
    endloop
  endfacet
  facet normal 0 0 1
    outer loop
      vertex 16.479 -61.609 2.5
      vertex 26.1796 -16.1505 2.5
      vertex 24.9973 -14.5392 2.5
    endloop
  endfacet
  facet normal 0 0 1
    outer loop
      vertex 27.4519 -17.6903 2.5
      vertex 24.5827 -56.6487 2.5
      vertex 25.826 -55.6321 2.5
    endloop
  endfacet
  facet normal 0 0 1
    outer loop
      vertex 16.479 -61.609 2.5
      vertex 24.9973 -14.5392 2.5
      vertex 23.9089 -12.8612 2.5
    endloop
  endfacet
  facet normal 0 0 1
    outer loop
      vertex 27.4519 -17.6903 2.5
      vertex 23.3063 -57.6119 2.5
      vertex 24.5827 -56.6487 2.5
    endloop
  endfacet
  facet normal 0 0 1
    outer loop
      vertex 16.479 -61.609 2.5
      vertex 23.9089 -12.8612 2.5
      vertex 22.9184 -11.1217 2.5
    endloop
  endfacet
  facet normal 0 0 1
    outer loop
      vertex 16.479 -61.609 2.5
      vertex 22.9184 -11.1217 2.5
      vertex 22.0296 -9.32573 2.5
    endloop
  endfacet
  facet normal 0 0 1
    outer loop
      vertex 27.4519 -17.6903 2.5
      vertex 21.9983 -58.5213 2.5
      vertex 23.3063 -57.6119 2.5
    endloop
  endfacet
  facet normal 0 0 1
    outer loop
      vertex 16.479 -61.609 2.5
      vertex 22.0296 -9.32573 2.5
      vertex 21.2466 -7.4785 2.5
    endloop
  endfacet
  facet normal 0 0 1
    outer loop
      vertex 27.4519 -17.6903 2.5
      vertex 20.6602 -59.3763 2.5
      vertex 21.9983 -58.5213 2.5
    endloop
  endfacet
  facet normal 0 0 1
    outer loop
      vertex 16.479 -61.609 2.5
      vertex 21.2466 -7.4785 2.5
      vertex 20.5733 -5.58504 2.5
    endloop
  endfacet
  facet normal 0 0 1
    outer loop
      vertex 16.479 -61.609 2.5
      vertex 20.5733 -5.58504 2.5
      vertex 20.0136 -3.6503 2.5
    endloop
  endfacet
  facet normal 0 0 1
    outer loop
      vertex 16.479 -61.609 2.5
      vertex 20.0136 -3.6503 2.5
      vertex 19.5714 -1.67947 2.5
    endloop
  endfacet
  facet normal 0 0 1
    outer loop
      vertex 27.4519 -17.6903 2.5
      vertex 19.2933 -60.1763 2.5
      vertex 20.6602 -59.3763 2.5
    endloop
  endfacet
  facet normal 0 0 1
    outer loop
      vertex 16.479 -61.609 2.5
      vertex 19.5714 -1.67947 2.5
      vertex 19.2506 0.322403 2.5
    endloop
  endfacet
  facet normal 0 0 1
    outer loop
      vertex 16.479 -61.609 2.5
      vertex 19.2506 0.322403 2.5
      vertex 19.0553 2.35014 2.5
    endloop
  endfacet
  facet normal 0 0 1
    outer loop
      vertex 2.51832 0.646593 2.5
      vertex 19.0553 2.35014 2.5
      vertex 18.9893 4.39886 2.5
    endloop
  endfacet
  facet normal 0 0 1
    outer loop
      vertex 27.4519 -17.6903 2.5
      vertex 17.8991 -60.9207 2.5
      vertex 19.2933 -60.1763 2.5
    endloop
  endfacet
  facet normal 0 0 1
    outer loop
      vertex 19.0553 2.35014 2.5
      vertex 2.59487 -0.163255 2.5
      vertex 2.5795 -0.325866 2.5
    endloop
  endfacet
  facet normal 0 0 1
    outer loop
      vertex 19.0553 2.35014 2.5
      vertex 2.5795 -0.325866 2.5
      vertex 2.55395 -0.487191 2.5
    endloop
  endfacet
  facet normal 0 0 1
    outer loop
      vertex 19.0553 2.35014 2.5
      vertex 2.55395 -0.487191 2.5
      vertex 2.51832 -0.646593 2.5
    endloop
  endfacet
  facet normal 0 0 1
    outer loop
      vertex 19.0553 2.35014 2.5
      vertex 2.51832 -0.646593 2.5
      vertex 2.47275 -0.803444 2.5
    endloop
  endfacet
  facet normal 0 0 1
    outer loop
      vertex 19.0553 2.35014 2.5
      vertex 2.47275 -0.803444 2.5
      vertex 2.41742 -0.957124 2.5
    endloop
  endfacet
  facet normal 0 0 1
    outer loop
      vertex 19.0553 2.35014 2.5
      vertex 2.41742 -0.957124 2.5
      vertex 2.35255 -1.10703 2.5
    endloop
  endfacet
  facet normal 0 0 1
    outer loop
      vertex 19.0553 2.35014 2.5
      vertex 2.35255 -1.10703 2.5
      vertex 2.2784 -1.25256 2.5
    endloop
  endfacet
  facet normal 0 0 1
    outer loop
      vertex 19.0553 2.35014 2.5
      vertex 2.2784 -1.25256 2.5
      vertex 2.19525 -1.39315 2.5
    endloop
  endfacet
  facet normal 0 0 1
    outer loop
      vertex 19.0553 2.35014 2.5
      vertex 2.19525 -1.39315 2.5
      vertex 2.10344 -1.52824 2.5
    endloop
  endfacet
  facet normal 0 0 1
    outer loop
      vertex 19.0553 2.35014 2.5
      vertex 2.10344 -1.52824 2.5
      vertex 2.00333 -1.6573 2.5
    endloop
  endfacet
  facet normal 0 0 1
    outer loop
      vertex 19.0553 2.35014 2.5
      vertex 2.00333 -1.6573 2.5
      vertex 1.89532 -1.77982 2.5
    endloop
  endfacet
  facet normal -0 0 1
    outer loop
      vertex 0.646593 -2.51832 2.5
      vertex 16.479 -61.609 2.5
      vertex 0.803444 -2.47275 2.5
    endloop
  endfacet
  facet normal -0 0 1
    outer loop
      vertex 0.487191 -2.55395 2.5
      vertex 16.479 -61.609 2.5
      vertex 0.646593 -2.51832 2.5
    endloop
  endfacet
  facet normal -0 0 1
    outer loop
      vertex 0.325866 -2.5795 2.5
      vertex 16.479 -61.609 2.5
      vertex 0.487191 -2.55395 2.5
    endloop
  endfacet
  facet normal 0 0 1
    outer loop
      vertex 16.479 -61.609 2.5
      vertex 0.325866 -2.5795 2.5
      vertex 15.0343 -62.2404 2.5
    endloop
  endfacet
  facet normal 0 0 1
    outer loop
      vertex 15.0343 -62.2404 2.5
      vertex 0.325866 -2.5795 2.5
      vertex 13.5665 -62.8145 2.5
    endloop
  endfacet
  facet normal -0 0 1
    outer loop
      vertex 0.163255 -2.59487 2.5
      vertex 13.5665 -62.8145 2.5
      vertex 0.325866 -2.5795 2.5
    endloop
  endfacet
  facet normal 0 0 1
    outer loop
      vertex 13.5665 -62.8145 2.5
      vertex 0.163255 -2.59487 2.5
      vertex 12.0771 -63.3307 2.5
    endloop
  endfacet
  facet normal 0 0 1
    outer loop
      vertex 12.0771 -63.3307 2.5
      vertex 0.163255 -2.59487 2.5
      vertex 10.5674 -63.7883 2.5
    endloop
  endfacet
  facet normal 0 0 1
    outer loop
      vertex 10.5674 -63.7883 2.5
      vertex 0.163255 -2.59487 2.5
      vertex 9.03885 -64.1869 2.5
    endloop
  endfacet
  facet normal 0 0 1
    outer loop
      vertex 9.03885 -64.1869 2.5
      vertex 0.163255 -2.59487 2.5
      vertex 7.49283 -64.5257 2.5
    endloop
  endfacet
  facet normal 0 0 1
    outer loop
      vertex 7.49283 -64.5257 2.5
      vertex 0.163255 -2.59487 2.5
      vertex 5.93086 -64.8042 2.5
    endloop
  endfacet
  facet normal 0 0 1
    outer loop
      vertex 5.93086 -64.8042 2.5
      vertex 0.163255 -2.59487 2.5
      vertex 4.35425 -65.0219 2.5
    endloop
  endfacet
  facet normal -0 0 1
    outer loop
      vertex 0 -2.6 2.5
      vertex 4.35425 -65.0219 2.5
      vertex 0.163255 -2.59487 2.5
    endloop
  endfacet
  facet normal 0 0 1
    outer loop
      vertex 4.35425 -65.0219 2.5
      vertex 0 -2.6 2.5
      vertex 2.76443 -65.1781 2.5
    endloop
  endfacet
  facet normal 0 0 1
    outer loop
      vertex 2.76443 -65.1781 2.5
      vertex 0 -2.6 2.5
      vertex 1.1628 -65.2722 2.5
    endloop
  endfacet
  facet normal 0 0 1
    outer loop
      vertex -2.061 -65.2723 2.5
      vertex 0 -2.6 2.5
      vertex -0.163255 -2.59487 2.5
    endloop
  endfacet
  facet normal 0 0 1
    outer loop
      vertex -5.25246 -65.0222 2.5
      vertex -0.163255 -2.59487 2.5
      vertex -0.325866 -2.5795 2.5
    endloop
  endfacet
  facet normal 0 0 1
    outer loop
      vertex 0 -2.6 2.5
      vertex -0.449066 -65.3037 2.5
      vertex 1.1628 -65.2722 2.5
    endloop
  endfacet
  facet normal 0 0 1
    outer loop
      vertex -5.25246 -65.0222 2.5
      vertex -0.325866 -2.5795 2.5
      vertex -0.487191 -2.55395 2.5
    endloop
  endfacet
  facet normal 0 0 1
    outer loop
      vertex -5.25246 -65.0222 2.5
      vertex -0.487191 -2.55395 2.5
      vertex -0.646593 -2.51832 2.5
    endloop
  endfacet
  facet normal 0 0 1
    outer loop
      vertex -5.25246 -65.0222 2.5
      vertex -0.646593 -2.51832 2.5
      vertex -0.803444 -2.47275 2.5
    endloop
  endfacet
  facet normal 0 0 1
    outer loop
      vertex -5.25246 -65.0222 2.5
      vertex -0.803444 -2.47275 2.5
      vertex -0.957124 -2.41742 2.5
    endloop
  endfacet
  facet normal 0 0 1
    outer loop
      vertex -5.25246 -65.0222 2.5
      vertex -0.957124 -2.41742 2.5
      vertex -1.10703 -2.35255 2.5
    endloop
  endfacet
  facet normal 0 0 1
    outer loop
      vertex -5.25246 -65.0222 2.5
      vertex -1.10703 -2.35255 2.5
      vertex -1.25256 -2.2784 2.5
    endloop
  endfacet
  facet normal 0 0 1
    outer loop
      vertex -5.25246 -65.0222 2.5
      vertex -1.25256 -2.2784 2.5
      vertex -1.39315 -2.19525 2.5
    endloop
  endfacet
  facet normal 0 0 1
    outer loop
      vertex -5.25246 -65.0222 2.5
      vertex -1.39315 -2.19525 2.5
      vertex -1.52824 -2.10344 2.5
    endloop
  endfacet
  facet normal 0 0 1
    outer loop
      vertex -5.25246 -65.0222 2.5
      vertex -1.52824 -2.10344 2.5
      vertex -1.6573 -2.00333 2.5
    endloop
  endfacet
  facet normal 0 0 1
    outer loop
      vertex -5.25246 -65.0222 2.5
      vertex -1.6573 -2.00333 2.5
      vertex -1.77982 -1.89532 2.5
    endloop
  endfacet
  facet normal 0 0 1
    outer loop
      vertex -5.25246 -65.0222 2.5
      vertex -1.77982 -1.89532 2.5
      vertex -1.89532 -1.77982 2.5
    endloop
  endfacet
  facet normal 0 0 1
    outer loop
      vertex -5.25246 -65.0222 2.5
      vertex -1.89532 -1.77982 2.5
      vertex -2.00333 -1.6573 2.5
    endloop
  endfacet
  facet normal 0 0 1
    outer loop
      vertex 0 -2.6 2.5
      vertex -2.061 -65.2723 2.5
      vertex -0.449066 -65.3037 2.5
    endloop
  endfacet
  facet normal 0 0 1
    outer loop
      vertex -5.25246 -65.0222 2.5
      vertex -2.00333 -1.6573 2.5
      vertex -2.10344 -1.52824 2.5
    endloop
  endfacet
  facet normal 0 0 1
    outer loop
      vertex -5.25246 -65.0222 2.5
      vertex -2.10344 -1.52824 2.5
      vertex -2.19525 -1.39315 2.5
    endloop
  endfacet
  facet normal 0 0 1
    outer loop
      vertex -5.25246 -65.0222 2.5
      vertex -2.19525 -1.39315 2.5
      vertex -2.2784 -1.25256 2.5
    endloop
  endfacet
  facet normal 0 0 1
    outer loop
      vertex -5.25246 -65.0222 2.5
      vertex -2.2784 -1.25256 2.5
      vertex -2.35255 -1.10703 2.5
    endloop
  endfacet
  facet normal 0 0 1
    outer loop
      vertex -5.25246 -65.0222 2.5
      vertex -2.35255 -1.10703 2.5
      vertex -2.41742 -0.957124 2.5
    endloop
  endfacet
  facet normal 0 0 1
    outer loop
      vertex -5.25246 -65.0222 2.5
      vertex -2.41742 -0.957124 2.5
      vertex -2.47275 -0.803444 2.5
    endloop
  endfacet
  facet normal 0 0 1
    outer loop
      vertex -5.25246 -65.0222 2.5
      vertex -2.47275 -0.803444 2.5
      vertex -2.51832 -0.646593 2.5
    endloop
  endfacet
  facet normal 0 0 1
    outer loop
      vertex -5.25246 -65.0222 2.5
      vertex -2.51832 -0.646593 2.5
      vertex -2.55395 -0.487191 2.5
    endloop
  endfacet
  facet normal 0 0 1
    outer loop
      vertex -5.25246 -65.0222 2.5
      vertex -2.55395 -0.487191 2.5
      vertex -2.5795 -0.325866 2.5
    endloop
  endfacet
  facet normal 0 0 1
    outer loop
      vertex -5.25246 -65.0222 2.5
      vertex -2.5795 -0.325866 2.5
      vertex -2.59487 -0.163255 2.5
    endloop
  endfacet
  facet normal 0 0 1
    outer loop
      vertex -9.01993 1.06924 2.5
      vertex -2.59487 -0.163255 2.5
      vertex -2.6 0 2.5
    endloop
  endfacet
  facet normal 0 0 1
    outer loop
      vertex -0.163255 -2.59487 2.5
      vertex -3.66264 -65.1782 2.5
      vertex -2.061 -65.2723 2.5
    endloop
  endfacet
  facet normal 0 0 1
    outer loop
      vertex -9.01993 1.06924 2.5
      vertex -19.2247 2.22998 2.5
      vertex -19.4273 0.11618 2.5
    endloop
  endfacet
  facet normal 0 0 1
    outer loop
      vertex -9.01993 1.06924 2.5
      vertex -19.4273 0.11618 2.5
      vertex -19.7601 -1.95749 2.5
    endloop
  endfacet
  facet normal 0 0 1
    outer loop
      vertex -9.01993 1.06924 2.5
      vertex -19.7601 -1.95749 2.5
      vertex -20.2186 -3.98706 2.5
    endloop
  endfacet
  facet normal 0 0 1
    outer loop
      vertex -9.01993 1.06924 2.5
      vertex -20.2186 -3.98706 2.5
      vertex -20.7987 -5.96819 2.5
    endloop
  endfacet
  facet normal 0 0 1
    outer loop
      vertex -9.01993 1.06924 2.5
      vertex -20.7987 -5.96819 2.5
      vertex -21.4963 -7.89659 2.5
    endloop
  endfacet
  facet normal 0 0 1
    outer loop
      vertex -24.2519 -13.3248 2.5
      vertex -9.01993 1.06924 2.5
      vertex -23.2271 -11.5791 2.5
    endloop
  endfacet
  facet normal 0 0 1
    outer loop
      vertex -9.01993 1.06924 2.5
      vertex -24.2519 -13.3248 2.5
      vertex -15.9325 -62.2428 2.5
    endloop
  endfacet
  facet normal -0 0 1
    outer loop
      vertex -25.3774 -15.0011 2.5
      vertex -15.9325 -62.2428 2.5
      vertex -24.2519 -13.3248 2.5
    endloop
  endfacet
  facet normal -0 0 1
    outer loop
      vertex -26.5995 -16.6039 2.5
      vertex -15.9325 -62.2428 2.5
      vertex -25.3774 -15.0011 2.5
    endloop
  endfacet
  facet normal 0 0 1
    outer loop
      vertex -15.9325 -62.2428 2.5
      vertex -26.5995 -16.6039 2.5
      vertex -17.3772 -61.6116 2.5
    endloop
  endfacet
  facet normal 0 0 1
    outer loop
      vertex -17.3772 -61.6116 2.5
      vertex -26.5995 -16.6039 2.5
      vertex -18.7973 -60.9235 2.5
    endloop
  endfacet
  facet normal -0 0 1
    outer loop
      vertex -27.9139 -18.1289 2.5
      vertex -18.7973 -60.9235 2.5
      vertex -26.5995 -16.6039 2.5
    endloop
  endfacet
  facet normal 0 0 1
    outer loop
      vertex -18.7973 -60.9235 2.5
      vertex -27.9139 -18.1289 2.5
      vertex -20.1915 -60.1792 2.5
    endloop
  endfacet
  facet normal 0 0 1
    outer loop
      vertex -20.1915 -60.1792 2.5
      vertex -27.9139 -18.1289 2.5
      vertex -21.5584 -59.3791 2.5
    endloop
  endfacet
  facet normal 0 0 1
    outer loop
      vertex -21.5584 -59.3791 2.5
      vertex -27.9139 -18.1289 2.5
      vertex -22.8965 -58.524 2.5
    endloop
  endfacet
  facet normal 0 0 1
    outer loop
      vertex -22.8965 -58.524 2.5
      vertex -27.9139 -18.1289 2.5
      vertex -24.2045 -57.6144 2.5
    endloop
  endfacet
  facet normal 0 0 1
    outer loop
      vertex -24.2045 -57.6144 2.5
      vertex -27.9139 -18.1289 2.5
      vertex -25.4809 -56.6507 2.5
    endloop
  endfacet
  facet normal 0 0 1
    outer loop
      vertex -25.4809 -56.6507 2.5
      vertex -27.9139 -18.1289 2.5
      vertex -26.7242 -55.6337 2.5
    endloop
  endfacet
  facet normal 0 0 1
    outer loop
      vertex -27.9139 -18.1289 2.5
      vertex -27.9332 -54.5638 2.5
      vertex -26.7242 -55.6337 2.5
    endloop
  endfacet
  facet normal -0 0 1
    outer loop
      vertex -29.3164 -19.5721 2.5
      vertex -27.9332 -54.5638 2.5
      vertex -27.9139 -18.1289 2.5
    endloop
  endfacet
  facet normal 0 0 1
    outer loop
      vertex -27.9332 -54.5638 2.5
      vertex -29.3164 -19.5721 2.5
      vertex -29.1064 -53.4418 2.5
    endloop
  endfacet
  facet normal 0 0 1
    outer loop
      vertex -29.3164 -19.5721 2.5
      vertex -30.1447 -52.3718 2.5
      vertex -29.1064 -53.4418 2.5
    endloop
  endfacet
  facet normal 0 0 1
    outer loop
      vertex -32.0927 -50.1277 2.5
      vertex -29.3164 -19.5721 2.5
      vertex -30.8029 -20.9292 2.5
    endloop
  endfacet
  facet normal 0 0 1
    outer loop
      vertex -29.3164 -19.5721 2.5
      vertex -31.1403 -51.2666 2.5
      vertex -30.1447 -52.3718 2.5
    endloop
  endfacet
  facet normal 0 0 1
    outer loop
      vertex -29.3164 -19.5721 2.5
      vertex -32.0927 -50.1277 2.5
      vertex -31.1403 -51.2666 2.5
    endloop
  endfacet
  facet normal 0 0 1
    outer loop
      vertex -36.1923 -43.9775 2.5
      vertex -30.8029 -20.9292 2.5
      vertex -32.3692 -22.1961 2.5
    endloop
  endfacet
  facet normal 0 0 1
    outer loop
      vertex -30.8029 -20.9292 2.5
      vertex -33.0016 -48.9563 2.5
      vertex -32.0927 -50.1277 2.5
    endloop
  endfacet
  facet normal 0 0 1
    outer loop
      vertex -30.8029 -20.9292 2.5
      vertex -33.8664 -47.7542 2.5
      vertex -33.0016 -48.9563 2.5
    endloop
  endfacet
  facet normal 0 0 1
    outer loop
      vertex -38.1057 -39.9768 2.5
      vertex -32.3692 -22.1961 2.5
      vertex -34.011 -23.3685 2.5
    endloop
  endfacet
  facet normal 0 0 1
    outer loop
      vertex -30.8029 -20.9292 2.5
      vertex -34.6868 -46.5227 2.5
      vertex -33.8664 -47.7542 2.5
    endloop
  endfacet
  facet normal 0 0 1
    outer loop
      vertex -30.8029 -20.9292 2.5
      vertex -35.4623 -45.2633 2.5
      vertex -34.6868 -46.5227 2.5
    endloop
  endfacet
  facet normal 0 0 1
    outer loop
      vertex -39.5947 -35.7919 2.5
      vertex -34.011 -23.3685 2.5
      vertex -35.7243 -24.4422 2.5
    endloop
  endfacet
  facet normal 0 0 1
    outer loop
      vertex -30.8029 -20.9292 2.5
      vertex -36.1923 -43.9775 2.5
      vertex -35.4623 -45.2633 2.5
    endloop
  endfacet
  facet normal 0 0 1
    outer loop
      vertex -32.3692 -22.1961 2.5
      vertex -36.8765 -42.6669 2.5
      vertex -36.1923 -43.9775 2.5
    endloop
  endfacet
  facet normal 0 0 1
    outer loop
      vertex -40.3455 -32.9195 2.5
      vertex -35.7243 -24.4422 2.5
      vertex -37.5047 -25.4131 2.5
    endloop
  endfacet
  facet normal 0 0 1
    outer loop
      vertex -32.3692 -22.1961 2.5
      vertex -37.5145 -41.3328 2.5
      vertex -36.8765 -42.6669 2.5
    endloop
  endfacet
  facet normal 0 0 1
    outer loop
      vertex -32.3692 -22.1961 2.5
      vertex -38.1057 -39.9768 2.5
      vertex -37.5145 -41.3328 2.5
    endloop
  endfacet
  facet normal 0 0 1
    outer loop
      vertex -34.011 -23.3685 2.5
      vertex -38.6498 -38.6003 2.5
      vertex -38.1057 -39.9768 2.5
    endloop
  endfacet
  facet normal 0 0 1
    outer loop
      vertex -34.011 -23.3685 2.5
      vertex -39.1463 -37.2048 2.5
      vertex -38.6498 -38.6003 2.5
    endloop
  endfacet
  facet normal 0 0 1
    outer loop
      vertex -40.8986 -29.9948 2.5
      vertex -37.5047 -25.4131 2.5
      vertex -39.3483 -26.2771 2.5
    endloop
  endfacet
  facet normal 0 0 1
    outer loop
      vertex -34.011 -23.3685 2.5
      vertex -39.5947 -35.7919 2.5
      vertex -39.1463 -37.2048 2.5
    endloop
  endfacet
  facet normal 0 0 1
    outer loop
      vertex -35.7243 -24.4422 2.5
      vertex -39.9945 -34.363 2.5
      vertex -39.5947 -35.7919 2.5
    endloop
  endfacet
  facet normal 0 0 1
    outer loop
      vertex -35.7243 -24.4422 2.5
      vertex -40.3455 -32.9195 2.5
      vertex -39.9945 -34.363 2.5
    endloop
  endfacet
  facet normal 0 0 1
    outer loop
      vertex -37.5047 -25.4131 2.5
      vertex -40.647 -31.463 2.5
      vertex -40.3455 -32.9195 2.5
    endloop
  endfacet
  facet normal 0 0 1
    outer loop
      vertex -37.5047 -25.4131 2.5
      vertex -40.8986 -29.9948 2.5
      vertex -40.647 -31.463 2.5
    endloop
  endfacet
  facet normal 0 0 1
    outer loop
      vertex -39.3483 -26.2771 2.5
      vertex -41.1 -28.5166 2.5
      vertex -40.8986 -29.9948 2.5
    endloop
  endfacet
  facet normal 0 -0 1
    outer loop
      vertex -41.1 -28.5166 2.5
      vertex -39.3483 -26.2771 2.5
      vertex -41.2506 -27.0298 2.5
    endloop
  endfacet
  facet normal 0 0 1
    outer loop
      vertex -62.9216 9.4734 2.5
      vertex -63.6145 10.7438 2.5
      vertex -63.6125 10.6671 2.5
    endloop
  endfacet
  facet normal 0 0 1
    outer loop
      vertex -77.3115 26.7106 2.5
      vertex -92.9776 36.8125 2.5
      vertex -78.4425 25.3853 2.5
    endloop
  endfacet
  facet normal -0 0 1
    outer loop
      vertex -95.1057 30.9017 2.5
      vertex -78.4425 25.3853 2.5
      vertex -92.9776 36.8125 2.5
    endloop
  endfacet
  facet normal 0 0 1
    outer loop
      vertex -78.4425 25.3853 2.5
      vertex -95.1057 30.9017 2.5
      vertex -79.5016 24.0054 2.5
    endloop
  endfacet
  facet normal 0 0 1
    outer loop
      vertex -79.5016 24.0054 2.5
      vertex -95.1057 30.9017 2.5
      vertex -80.4868 22.5741 2.5
    endloop
  endfacet
  facet normal 0 0 1
    outer loop
      vertex -80.4868 22.5741 2.5
      vertex -95.1057 30.9017 2.5
      vertex -81.3962 21.0947 2.5
    endloop
  endfacet
  facet normal -0 0 1
    outer loop
      vertex -96.8583 24.869 2.5
      vertex -81.3962 21.0947 2.5
      vertex -95.1057 30.9017 2.5
    endloop
  endfacet
  facet normal 0 0 1
    outer loop
      vertex -81.3962 21.0947 2.5
      vertex -96.8583 24.869 2.5
      vertex -82.2279 19.5704 2.5
    endloop
  endfacet
  facet normal 0 0 1
    outer loop
      vertex -82.2279 19.5704 2.5
      vertex -96.8583 24.869 2.5
      vertex -82.9801 18.0045 2.5
    endloop
  endfacet
  facet normal 0 0 1
    outer loop
      vertex -82.9801 18.0045 2.5
      vertex -96.8583 24.869 2.5
      vertex -83.6509 16.4002 2.5
    endloop
  endfacet
  facet normal -0 0 1
    outer loop
      vertex -98.2287 18.7381 2.5
      vertex -83.6509 16.4002 2.5
      vertex -96.8583 24.869 2.5
    endloop
  endfacet
  facet normal 0 0 1
    outer loop
      vertex -84.2384 14.7607 2.5
      vertex -98.2287 18.7381 2.5
      vertex -84.7406 13.0893 2.5
    endloop
  endfacet
  facet normal 0 0 1
    outer loop
      vertex -83.6509 16.4002 2.5
      vertex -98.2287 18.7381 2.5
      vertex -84.2384 14.7607 2.5
    endloop
  endfacet
  facet normal 0 0 1
    outer loop
      vertex -42.8813 -74.2425 2.5
      vertex -48.0196 -81.9724 2.5
      vertex -46.9804 -82.5724 2.5
    endloop
  endfacet
  facet normal 0 0 1
    outer loop
      vertex -58.7785 -80.9017 2.5
      vertex -46.7229 -70.7367 2.5
      vertex -48.4879 -68.9267 2.5
    endloop
  endfacet
  facet normal 0 0 1
    outer loop
      vertex -46.7229 -70.7367 2.5
      vertex -58.7785 -80.9017 2.5
      vertex -48.0196 -81.9724 2.5
    endloop
  endfacet
  facet normal 0 0 1
    outer loop
      vertex -58.7785 -80.9017 2.5
      vertex -48.4879 -68.9267 2.5
      vertex -50.1754 -67.0567 2.5
    endloop
  endfacet
  facet normal -0 0 1
    outer loop
      vertex -48.1754 87.6307 2.5
      vertex -46.9804 82.5724 2.5
      vertex -42.5779 90.4827 2.5
    endloop
  endfacet
  facet normal 0 0 1
    outer loop
      vertex -48.1754 87.6307 2.5
      vertex -48.9804 86.0365 2.5
      vertex -46.9804 82.5724 2.5
    endloop
  endfacet
  facet normal 0 0 1
    outer loop
      vertex -48.1754 87.6307 2.5
      vertex -50.0196 85.4365 2.5
      vertex -48.9804 86.0365 2.5
    endloop
  endfacet
  facet normal 0 0 1
    outer loop
      vertex -42.0759 9.63362 2.5
      vertex -42.2963 9.47272 2.5
      vertex -42.1463 9.57648 2.5
    endloop
  endfacet
  facet normal 0 0 1
    outer loop
      vertex -42.1463 9.57648 2.5
      vertex -42.2963 9.47272 2.5
      vertex -42.2198 9.52277 2.5
    endloop
  endfacet
  facet normal 0 0 1
    outer loop
      vertex -41.678 10.1183 2.5
      vertex -42.2963 9.47272 2.5
      vertex -41.724 10.0412 2.5
    endloop
  endfacet
  facet normal -0 -0 1
    outer loop
      vertex -62.9216 9.4734 2.5
      vertex -42.2963 9.47272 2.5
      vertex -63.6145 10.7438 2.5
    endloop
  endfacet
  facet normal 0 0 1
    outer loop
      vertex -42.2963 9.47272 2.5
      vertex -62.9216 9.4734 2.5
      vertex -52.0733 3.53857 2.5
    endloop
  endfacet
  facet normal -0 -0 1
    outer loop
      vertex -53.7028 3.55849 2.5
      vertex -52.0733 3.53857 2.5
      vertex -62.9216 9.4734 2.5
    endloop
  endfacet
  facet normal 0 0 1
    outer loop
      vertex -63.7424 77.0513 2.5
      vertex -51.7974 67.0381 2.5
      vertex -51.7204 73.7229 2.5
    endloop
  endfacet
  facet normal 0 0 1
    outer loop
      vertex -52.0733 3.53857 2.5
      vertex -53.7028 3.55849 2.5
      vertex -52.1494 3.49562 2.5
    endloop
  endfacet
  facet normal 0 0 1
    outer loop
      vertex -52.2272 3.45732 2.5
      vertex -53.7028 3.55849 2.5
      vertex -52.3066 3.42368 2.5
    endloop
  endfacet
  facet normal 0 0 1
    outer loop
      vertex -52.3066 3.42368 2.5
      vertex -53.7028 3.55849 2.5
      vertex -52.3875 3.39461 2.5
    endloop
  endfacet
  facet normal 0 0 1
    outer loop
      vertex -52.3875 3.39461 2.5
      vertex -53.7028 3.55849 2.5
      vertex -52.4696 3.37012 2.5
    endloop
  endfacet
  facet normal 0 0 1
    outer loop
      vertex -52.4696 3.37012 2.5
      vertex -53.7028 3.55849 2.5
      vertex -52.5526 3.35036 2.5
    endloop
  endfacet
  facet normal 0 0 1
    outer loop
      vertex -52.6364 3.33517 2.5
      vertex -53.7028 3.55849 2.5
      vertex -52.7208 3.32457 2.5
    endloop
  endfacet
  facet normal 0 0 1
    outer loop
      vertex -52.7208 3.32457 2.5
      vertex -53.7028 3.55849 2.5
      vertex -52.8056 3.31862 2.5
    endloop
  endfacet
  facet normal 0 0 1
    outer loop
      vertex -52.8056 3.31862 2.5
      vertex -53.7028 3.55849 2.5
      vertex -52.8905 3.31732 2.5
    endloop
  endfacet
  facet normal 0 0 1
    outer loop
      vertex -52.8905 3.31732 2.5
      vertex -53.7028 3.55849 2.5
      vertex -52.9753 3.3206 2.5
    endloop
  endfacet
  facet normal 0 0 1
    outer loop
      vertex -52.9753 3.3206 2.5
      vertex -53.7028 3.55849 2.5
      vertex -53.0599 3.32854 2.5
    endloop
  endfacet
  facet normal 0 0 1
    outer loop
      vertex -53.0599 3.32854 2.5
      vertex -53.7028 3.55849 2.5
      vertex -53.1441 3.34105 2.5
    endloop
  endfacet
  facet normal 0 0 1
    outer loop
      vertex -53.1441 3.34105 2.5
      vertex -53.7028 3.55849 2.5
      vertex -53.2275 3.35822 2.5
    endloop
  endfacet
  facet normal 0 0 1
    outer loop
      vertex -53.5827 84.4328 2.5
      vertex -50.0196 85.4365 2.5
      vertex -48.1754 87.6307 2.5
    endloop
  endfacet
  facet normal 0 0 1
    outer loop
      vertex -48.0196 81.9724 2.5
      vertex -53.5827 84.4328 2.5
      vertex -51.7204 73.7229 2.5
    endloop
  endfacet
  facet normal -0 0 1
    outer loop
      vertex -58.7785 80.9017 2.5
      vertex -51.7204 73.7229 2.5
      vertex -53.5827 84.4328 2.5
    endloop
  endfacet
  facet normal 0 0 1
    outer loop
      vertex -42.0087 9.6942 2.5
      vertex -42.2963 9.47272 2.5
      vertex -42.0759 9.63362 2.5
    endloop
  endfacet
  facet normal 0 0 1
    outer loop
      vertex -53.2275 3.35822 2.5
      vertex -53.7028 3.55849 2.5
      vertex -53.3102 3.38004 2.5
    endloop
  endfacet
  facet normal -0 0 1
    outer loop
      vertex -63.7424 77.0513 2.5
      vertex -51.7204 73.7229 2.5
      vertex -58.7785 80.9017 2.5
    endloop
  endfacet
  facet normal 0 0 1
    outer loop
      vertex -53.3102 3.38004 2.5
      vertex -53.7028 3.55849 2.5
      vertex -53.3916 3.40651 2.5
    endloop
  endfacet
  facet normal 0 0 1
    outer loop
      vertex -52.5526 3.35036 2.5
      vertex -53.7028 3.55849 2.5
      vertex -52.6364 3.33517 2.5
    endloop
  endfacet
  facet normal 0 0 1
    outer loop
      vertex -52.1494 3.49562 2.5
      vertex -53.7028 3.55849 2.5
      vertex -52.2272 3.45732 2.5
    endloop
  endfacet
  facet normal 0 0 1
    outer loop
      vertex -62.9216 9.4734 2.5
      vertex -63.6125 10.6671 2.5
      vertex -62.9857 9.5172 2.5
    endloop
  endfacet
  facet normal 0 0 1
    outer loop
      vertex -62.9857 9.5172 2.5
      vertex -63.6125 10.6671 2.5
      vertex -63.047 9.56374 2.5
    endloop
  endfacet
  facet normal 0 0 1
    outer loop
      vertex -63.047 9.56374 2.5
      vertex -63.6125 10.6671 2.5
      vertex -63.1055 9.61295 2.5
    endloop
  endfacet
  facet normal 0 0 1
    outer loop
      vertex -63.1055 9.61295 2.5
      vertex -63.6125 10.6671 2.5
      vertex -63.1612 9.66475 2.5
    endloop
  endfacet
  facet normal 0 0 1
    outer loop
      vertex -63.1612 9.66475 2.5
      vertex -63.6125 10.6671 2.5
      vertex -63.2139 9.71892 2.5
    endloop
  endfacet
  facet normal 0 0 1
    outer loop
      vertex -63.2139 9.71892 2.5
      vertex -63.6125 10.6671 2.5
      vertex -63.2636 9.77538 2.5
    endloop
  endfacet
  facet normal 0 0 1
    outer loop
      vertex -63.2636 9.77538 2.5
      vertex -63.6125 10.6671 2.5
      vertex -63.3103 9.83405 2.5
    endloop
  endfacet
  facet normal 0 0 1
    outer loop
      vertex -63.3103 9.83405 2.5
      vertex -63.6125 10.6671 2.5
      vertex -63.354 9.89478 2.5
    endloop
  endfacet
  facet normal 0 0 1
    outer loop
      vertex -63.354 9.89478 2.5
      vertex -63.6125 10.6671 2.5
      vertex -63.3944 9.95749 2.5
    endloop
  endfacet
  facet normal 0 0 1
    outer loop
      vertex -63.3944 9.95749 2.5
      vertex -63.6125 10.6671 2.5
      vertex -63.4316 10.022 2.5
    endloop
  endfacet
  facet normal 0 0 1
    outer loop
      vertex -63.4316 10.022 2.5
      vertex -63.6125 10.6671 2.5
      vertex -63.4656 10.0883 2.5
    endloop
  endfacet
  facet normal 0 0 1
    outer loop
      vertex -63.4656 10.0883 2.5
      vertex -63.6125 10.6671 2.5
      vertex -63.4962 10.1562 2.5
    endloop
  endfacet
  facet normal 0 0 1
    outer loop
      vertex -63.4962 10.1562 2.5
      vertex -63.6125 10.6671 2.5
      vertex -63.5235 10.2257 2.5
    endloop
  endfacet
  facet normal 0 0 1
    outer loop
      vertex -63.5235 10.2257 2.5
      vertex -63.6125 10.6671 2.5
      vertex -63.5473 10.2965 2.5
    endloop
  endfacet
  facet normal 0 0 1
    outer loop
      vertex -63.5473 10.2965 2.5
      vertex -63.6125 10.6671 2.5
      vertex -63.5676 10.3685 2.5
    endloop
  endfacet
  facet normal 0 0 1
    outer loop
      vertex -63.5676 10.3685 2.5
      vertex -63.6125 10.6671 2.5
      vertex -63.5843 10.4417 2.5
    endloop
  endfacet
  facet normal 0 0 1
    outer loop
      vertex -63.5843 10.4417 2.5
      vertex -63.6125 10.6671 2.5
      vertex -63.5974 10.516 2.5
    endloop
  endfacet
  facet normal 0 0 1
    outer loop
      vertex -63.5974 10.516 2.5
      vertex -63.6125 10.6671 2.5
      vertex -63.6069 10.5912 2.5
    endloop
  endfacet
  facet normal 0 0 1
    outer loop
      vertex -53.5506 3.47319 2.5
      vertex -53.7028 3.55849 2.5
      vertex -53.6276 3.51355 2.5
    endloop
  endfacet
  facet normal 0 0 1
    outer loop
      vertex -53.4719 3.43756 2.5
      vertex -53.7028 3.55849 2.5
      vertex -53.5506 3.47319 2.5
    endloop
  endfacet
  facet normal 0 0 1
    outer loop
      vertex -53.3916 3.40651 2.5
      vertex -53.7028 3.55849 2.5
      vertex -53.4719 3.43756 2.5
    endloop
  endfacet
  facet normal 0 0 1
    outer loop
      vertex -41.9448 9.7579 2.5
      vertex -42.2963 9.47272 2.5
      vertex -42.0087 9.6942 2.5
    endloop
  endfacet
  facet normal 0 0 1
    outer loop
      vertex -41.8842 9.82466 2.5
      vertex -42.2963 9.47272 2.5
      vertex -41.9448 9.7579 2.5
    endloop
  endfacet
  facet normal 0 0 1
    outer loop
      vertex -51.7974 67.0381 2.5
      vertex -63.7424 77.0513 2.5
      vertex -68.4547 72.8969 2.5
    endloop
  endfacet
  facet normal 0 0 1
    outer loop
      vertex -41.4032 30.7391 2.5
      vertex -63.6608 30.7247 2.5
      vertex -41.4288 30.5468 2.5
    endloop
  endfacet
  facet normal 0 -0 1
    outer loop
      vertex -63.6608 30.7247 2.5
      vertex -41.4032 30.7391 2.5
      vertex -63.6963 30.9138 2.5
    endloop
  endfacet
  facet normal 0 0 1
    outer loop
      vertex -41.3676 30.9289 2.5
      vertex -63.6963 30.9138 2.5
      vertex -41.4032 30.7391 2.5
    endloop
  endfacet
  facet normal 0 -0 1
    outer loop
      vertex -63.6963 30.9138 2.5
      vertex -41.3676 30.9289 2.5
      vertex -63.7415 31.1001 2.5
    endloop
  endfacet
  facet normal 0 0 1
    outer loop
      vertex -41.3225 31.1158 2.5
      vertex -63.7415 31.1001 2.5
      vertex -41.3676 30.9289 2.5
    endloop
  endfacet
  facet normal 0 -0 1
    outer loop
      vertex -63.7415 31.1001 2.5
      vertex -41.3225 31.1158 2.5
      vertex -63.7962 31.2834 2.5
    endloop
  endfacet
  facet normal 0 0 1
    outer loop
      vertex -41.2678 31.2994 2.5
      vertex -63.7962 31.2834 2.5
      vertex -41.3225 31.1158 2.5
    endloop
  endfacet
  facet normal 0 -0 1
    outer loop
      vertex -63.7962 31.2834 2.5
      vertex -41.2678 31.2994 2.5
      vertex -63.8602 31.4631 2.5
    endloop
  endfacet
  facet normal 0 0 1
    outer loop
      vertex -41.2038 31.4794 2.5
      vertex -63.8602 31.4631 2.5
      vertex -41.2678 31.2994 2.5
    endloop
  endfacet
  facet normal 0 -0 1
    outer loop
      vertex -63.8602 31.4631 2.5
      vertex -41.2038 31.4794 2.5
      vertex -63.9333 31.6389 2.5
    endloop
  endfacet
  facet normal 0 0 1
    outer loop
      vertex -41.1307 31.6556 2.5
      vertex -63.9333 31.6389 2.5
      vertex -41.2038 31.4794 2.5
    endloop
  endfacet
  facet normal 0 0 1
    outer loop
      vertex -36.0799 51.2885 2.5
      vertex -64.9686 32.9928 2.5
      vertex -64.8224 32.8668 2.5
    endloop
  endfacet
  facet normal 0 0 1
    outer loop
      vertex -36.0799 51.2885 2.5
      vertex -65.1219 33.1115 2.5
      vertex -64.9686 32.9928 2.5
    endloop
  endfacet
  facet normal 0 0 1
    outer loop
      vertex -51.7974 67.0381 2.5
      vertex -68.4547 72.8969 2.5
      vertex -72.8969 68.4547 2.5
    endloop
  endfacet
  facet normal 0 0 1
    outer loop
      vertex -51.7974 67.0381 2.5
      vertex -65.2822 33.2226 2.5
      vertex -65.1219 33.1115 2.5
    endloop
  endfacet
  facet normal 0 0 1
    outer loop
      vertex -51.7974 67.0381 2.5
      vertex -65.4492 33.3258 2.5
      vertex -65.2822 33.2226 2.5
    endloop
  endfacet
  facet normal 0 0 1
    outer loop
      vertex -51.7974 67.0381 2.5
      vertex -65.6215 33.4191 2.5
      vertex -65.4492 33.3258 2.5
    endloop
  endfacet
  facet normal 0 0 1
    outer loop
      vertex -77.0513 63.7424 2.5
      vertex -51.7974 67.0381 2.5
      vertex -72.8969 68.4547 2.5
    endloop
  endfacet
  facet normal 0 0 1
    outer loop
      vertex -51.7974 67.0381 2.5
      vertex -65.7973 33.5026 2.5
      vertex -65.6215 33.4191 2.5
    endloop
  endfacet
  facet normal 0 0 1
    outer loop
      vertex -51.7974 67.0381 2.5
      vertex -65.9762 33.5765 2.5
      vertex -65.7973 33.5026 2.5
    endloop
  endfacet
  facet normal 0 0 1
    outer loop
      vertex -51.7974 67.0381 2.5
      vertex -66.1579 33.6406 2.5
      vertex -65.9762 33.5765 2.5
    endloop
  endfacet
  facet normal 0 -0 1
    outer loop
      vertex -66.528 33.7395 2.5
      vertex -51.7974 67.0381 2.5
      vertex -77.0513 63.7424 2.5
    endloop
  endfacet
  facet normal 0 0 1
    outer loop
      vertex -51.7974 67.0381 2.5
      vertex -66.342 33.6949 2.5
      vertex -66.1579 33.6406 2.5
    endloop
  endfacet
  facet normal 0 0 1
    outer loop
      vertex -51.7974 67.0381 2.5
      vertex -66.528 33.7395 2.5
      vertex -66.342 33.6949 2.5
    endloop
  endfacet
  facet normal 0 0 1
    outer loop
      vertex -66.528 33.7395 2.5
      vertex -77.0513 63.7424 2.5
      vertex -66.7156 33.7742 2.5
    endloop
  endfacet
  facet normal 0 0 1
    outer loop
      vertex -66.7156 33.7742 2.5
      vertex -77.0513 63.7424 2.5
      vertex -66.9044 33.7993 2.5
    endloop
  endfacet
  facet normal -0 0 1
    outer loop
      vertex -81.9724 48.0196 2.5
      vertex -66.9044 33.7993 2.5
      vertex -77.0513 63.7424 2.5
    endloop
  endfacet
  facet normal 0 0 1
    outer loop
      vertex -66.9044 33.7993 2.5
      vertex -81.9724 48.0196 2.5
      vertex -67.094 33.8145 2.5
    endloop
  endfacet
  facet normal 0 0 1
    outer loop
      vertex -67.094 33.8145 2.5
      vertex -81.9724 48.0196 2.5
      vertex -67.284 33.8199 2.5
    endloop
  endfacet
  facet normal 0 0 1
    outer loop
      vertex -67.284 33.8199 2.5
      vertex -81.9724 48.0196 2.5
      vertex -67.4741 33.8154 2.5
    endloop
  endfacet
  facet normal 0 0 1
    outer loop
      vertex -67.4741 33.8154 2.5
      vertex -81.9724 48.0196 2.5
      vertex -67.6637 33.8013 2.5
    endloop
  endfacet
  facet normal 0 0 1
    outer loop
      vertex -67.6637 33.8013 2.5
      vertex -81.9724 48.0196 2.5
      vertex -67.8524 33.7772 2.5
    endloop
  endfacet
  facet normal 0 0 1
    outer loop
      vertex -67.8524 33.7772 2.5
      vertex -81.9724 48.0196 2.5
      vertex -68.0401 33.7433 2.5
    endloop
  endfacet
  facet normal 0 0 1
    outer loop
      vertex -68.0401 33.7433 2.5
      vertex -81.9724 48.0196 2.5
      vertex -68.2261 33.6996 2.5
    endloop
  endfacet
  facet normal 0 0 1
    outer loop
      vertex -68.2261 33.6996 2.5
      vertex -81.9724 48.0196 2.5
      vertex -68.4102 33.646 2.5
    endloop
  endfacet
  facet normal 0 0 1
    outer loop
      vertex -68.4102 33.646 2.5
      vertex -81.9724 48.0196 2.5
      vertex -68.5918 33.5825 2.5
    endloop
  endfacet
  facet normal 0 0 1
    outer loop
      vertex -68.5918 33.5825 2.5
      vertex -81.9724 48.0196 2.5
      vertex -68.7708 33.5092 2.5
    endloop
  endfacet
  facet normal 0 0 1
    outer loop
      vertex -68.7708 33.5092 2.5
      vertex -81.9724 48.0196 2.5
      vertex -68.9466 33.426 2.5
    endloop
  endfacet
  facet normal -0 0 1
    outer loop
      vertex -82.5724 46.9804 2.5
      vertex -68.9466 33.426 2.5
      vertex -81.9724 48.0196 2.5
    endloop
  endfacet
  facet normal 0 0 1
    outer loop
      vertex -68.9466 33.426 2.5
      vertex -82.5724 46.9804 2.5
      vertex -69.1188 33.3329 2.5
    endloop
  endfacet
  facet normal 0 0 1
    outer loop
      vertex -69.1188 33.3329 2.5
      vertex -82.5724 46.9804 2.5
      vertex -70.6422 32.4036 2.5
    endloop
  endfacet
  facet normal 0 0 1
    outer loop
      vertex -72.105 31.4003 2.5
      vertex -82.5724 46.9804 2.5
      vertex -73.5052 30.3261 2.5
    endloop
  endfacet
  facet normal 0 0 1
    outer loop
      vertex -70.6422 32.4036 2.5
      vertex -82.5724 46.9804 2.5
      vertex -72.105 31.4003 2.5
    endloop
  endfacet
  facet normal 0 0 1
    outer loop
      vertex -73.5052 30.3261 2.5
      vertex -82.5724 46.9804 2.5
      vertex -74.8409 29.1842 2.5
    endloop
  endfacet
  facet normal -0 0 1
    outer loop
      vertex -90.4827 42.5779 2.5
      vertex -74.8409 29.1842 2.5
      vertex -82.5724 46.9804 2.5
    endloop
  endfacet
  facet normal 0 0 1
    outer loop
      vertex -74.8409 29.1842 2.5
      vertex -90.4827 42.5779 2.5
      vertex -76.1104 27.978 2.5
    endloop
  endfacet
  facet normal -0 0 1
    outer loop
      vertex -92.9776 36.8125 2.5
      vertex -76.1104 27.978 2.5
      vertex -90.4827 42.5779 2.5
    endloop
  endfacet
  facet normal 0 0 1
    outer loop
      vertex -81.9724 48.0196 2.5
      vertex -77.0513 63.7424 2.5
      vertex -80.9017 58.7785 2.5
    endloop
  endfacet
  facet normal 0 0 1
    outer loop
      vertex -76.1104 27.978 2.5
      vertex -92.9776 36.8125 2.5
      vertex -77.3115 26.7106 2.5
    endloop
  endfacet
  facet normal 0 0 1
    outer loop
      vertex -90.4827 42.5779 2.5
      vertex -82.5724 46.9804 2.5
      vertex -86.0365 48.9804 2.5
    endloop
  endfacet
  facet normal -0 0 1
    outer loop
      vertex -84.4328 53.5827 2.5
      vertex -81.9724 48.0196 2.5
      vertex -80.9017 58.7785 2.5
    endloop
  endfacet
  facet normal 0 0 1
    outer loop
      vertex -84.4328 53.5827 2.5
      vertex -85.4365 50.0196 2.5
      vertex -81.9724 48.0196 2.5
    endloop
  endfacet
  facet normal 0 0 1
    outer loop
      vertex -87.6307 48.1754 2.5
      vertex -85.4365 50.0196 2.5
      vertex -84.4328 53.5827 2.5
    endloop
  endfacet
  facet normal 0 0 1
    outer loop
      vertex -90.4827 42.5779 2.5
      vertex -86.0365 48.9804 2.5
      vertex -87.6307 48.1754 2.5
    endloop
  endfacet
  facet normal 0 0 1
    outer loop
      vertex -85.4365 50.0196 2.5
      vertex -87.6307 48.1754 2.5
      vertex -86.0365 48.9804 2.5
    endloop
  endfacet
  facet normal -0 0 1
    outer loop
      vertex -24.869 96.8583 2.5
      vertex -20.9524 73.3572 2.5
      vertex -18.7381 98.2287 2.5
    endloop
  endfacet
  facet normal -0 0 1
    outer loop
      vertex -30.9017 95.1057 2.5
      vertex -20.9524 73.3572 2.5
      vertex -24.869 96.8583 2.5
    endloop
  endfacet
  facet normal -0 0 1
    outer loop
      vertex -36.8125 92.9776 2.5
      vertex -20.9524 73.3572 2.5
      vertex -30.9017 95.1057 2.5
    endloop
  endfacet
  facet normal 0 0 1
    outer loop
      vertex -46.9804 82.5724 2.5
      vertex -36.8125 92.9776 2.5
      vertex -42.5779 90.4827 2.5
    endloop
  endfacet
  facet normal 0 0 1
    outer loop
      vertex -36.8125 92.9776 2.5
      vertex -46.9804 82.5724 2.5
      vertex -20.9524 73.3572 2.5
    endloop
  endfacet
  facet normal 0 0 1
    outer loop
      vertex -51.7204 73.7229 2.5
      vertex -46.9804 82.5724 2.5
      vertex -48.0196 81.9724 2.5
    endloop
  endfacet
  facet normal 0 0 1
    outer loop
      vertex -46.9804 82.5724 2.5
      vertex -51.7204 73.7229 2.5
      vertex -20.9524 73.3572 2.5
    endloop
  endfacet
  facet normal -0 0 1
    outer loop
      vertex -53.5827 84.4328 2.5
      vertex -48.0196 81.9724 2.5
      vertex -50.0196 85.4365 2.5
    endloop
  endfacet
  facet normal -0 0 1
    outer loop
      vertex -0.442657 -89.7133 2.5
      vertex 0.599999 -95 2.5
      vertex 2.16492 -89.6629 2.5
    endloop
  endfacet
  facet normal 0 0 1
    outer loop
      vertex -0.442657 -89.7133 2.5
      vertex -0.599999 -95 2.5
      vertex 0.599999 -95 2.5
    endloop
  endfacet
  facet normal 0 0 1
    outer loop
      vertex -5.64049 -89.5124 2.5
      vertex -0.599999 -95 2.5
      vertex -3.05023 -89.6629 2.5
    endloop
  endfacet
  facet normal 0 0 1
    outer loop
      vertex -3.05023 -89.6629 2.5
      vertex -0.599999 -95 2.5
      vertex -0.442657 -89.7133 2.5
    endloop
  endfacet
  facet normal 0 0 1
    outer loop
      vertex 0 100 2.5
      vertex 0.599999 99 2.5
      vertex 6.27905 99.8027 2.5
    endloop
  endfacet
  facet normal 0 0 1
    outer loop
      vertex 0 100 2.5
      vertex -0.599999 99 2.5
      vertex 0.599999 99 2.5
    endloop
  endfacet
  facet normal 0 0 1
    outer loop
      vertex -0.599999 99 2.5
      vertex -6.27905 99.8027 2.5
      vertex -0.599999 95 2.5
    endloop
  endfacet
  facet normal -0 0 1
    outer loop
      vertex -6.27905 99.8027 2.5
      vertex -0.599999 99 2.5
      vertex 0 100 2.5
    endloop
  endfacet
  facet normal 0 -0 1
    outer loop
      vertex 48.0196 -81.9724 2.5
      vertex 58.7785 -80.9017 2.5
      vertex 47.5997 -68.9329 2.5
    endloop
  endfacet
  facet normal 0 0 1
    outer loop
      vertex 53.5827 -84.4328 2.5
      vertex 48.0196 -81.9724 2.5
      vertex 50.0196 -85.4365 2.5
    endloop
  endfacet
  facet normal 0 0 1
    outer loop
      vertex 58.7785 -80.9017 2.5
      vertex 48.0196 -81.9724 2.5
      vertex 53.5827 -84.4328 2.5
    endloop
  endfacet
  facet normal -0 0 1
    outer loop
      vertex 45.8376 -70.7367 2.5
      vertex 48.0196 -81.9724 2.5
      vertex 47.5997 -68.9329 2.5
    endloop
  endfacet
  facet normal -0 0 1
    outer loop
      vertex 43.9458 -72.5305 2.5
      vertex 48.0196 -81.9724 2.5
      vertex 45.8376 -70.7367 2.5
    endloop
  endfacet
  facet normal 0 0 1
    outer loop
      vertex 63.7424 77.0513 2.5
      vertex 52.9967 70.282 2.5
      vertex 53.021 69.8753 2.5
    endloop
  endfacet
  facet normal 0 0 1
    outer loop
      vertex 58.7785 80.9017 2.5
      vertex 52.9454 70.6754 2.5
      vertex 52.9967 70.282 2.5
    endloop
  endfacet
  facet normal 0 0 1
    outer loop
      vertex 58.7785 80.9017 2.5
      vertex 52.8699 71.0579 2.5
      vertex 52.9454 70.6754 2.5
    endloop
  endfacet
  facet normal 0 0 1
    outer loop
      vertex 58.7785 80.9017 2.5
      vertex 52.7725 71.432 2.5
      vertex 52.8699 71.0579 2.5
    endloop
  endfacet
  facet normal 0 0 1
    outer loop
      vertex 58.7785 80.9017 2.5
      vertex 52.6559 71.8004 2.5
      vertex 52.7725 71.432 2.5
    endloop
  endfacet
  facet normal 0 0 1
    outer loop
      vertex 58.7785 80.9017 2.5
      vertex 52.5224 72.1654 2.5
      vertex 52.6559 71.8004 2.5
    endloop
  endfacet
  facet normal 0 0 1
    outer loop
      vertex 58.7785 80.9017 2.5
      vertex 52.3747 72.5297 2.5
      vertex 52.5224 72.1654 2.5
    endloop
  endfacet
  facet normal 0 0 1
    outer loop
      vertex 58.7785 80.9017 2.5
      vertex 52.1326 73.0337 2.5
      vertex 52.3747 72.5297 2.5
    endloop
  endfacet
  facet normal 0 0 1
    outer loop
      vertex 58.7785 80.9017 2.5
      vertex 51.8416 73.512 2.5
      vertex 52.1326 73.0337 2.5
    endloop
  endfacet
  facet normal 0 0 1
    outer loop
      vertex 58.7785 80.9017 2.5
      vertex 51.5019 73.9647 2.5
      vertex 51.8416 73.512 2.5
    endloop
  endfacet
  facet normal 0 0 1
    outer loop
      vertex 58.7785 80.9017 2.5
      vertex 51.114 74.3917 2.5
      vertex 51.5019 73.9647 2.5
    endloop
  endfacet
  facet normal 0 0 1
    outer loop
      vertex 58.7785 80.9017 2.5
      vertex 50.6784 74.793 2.5
      vertex 51.114 74.3917 2.5
    endloop
  endfacet
  facet normal 0 0 1
    outer loop
      vertex 53.5827 84.4328 2.5
      vertex 50.1953 75.1686 2.5
      vertex 50.6784 74.793 2.5
    endloop
  endfacet
  facet normal 0 0 1
    outer loop
      vertex 48.0196 81.9724 2.5
      vertex 53.5827 84.4328 2.5
      vertex 50.0196 85.4365 2.5
    endloop
  endfacet
  facet normal 0 0 1
    outer loop
      vertex 48.1754 87.6307 2.5
      vertex 50.0196 85.4365 2.5
      vertex 53.5827 84.4328 2.5
    endloop
  endfacet
  facet normal 0 0 1
    outer loop
      vertex 50.0196 85.4365 2.5
      vertex 48.1754 87.6307 2.5
      vertex 48.9804 86.0365 2.5
    endloop
  endfacet
  facet normal 0 0 1
    outer loop
      vertex 48.1754 87.6307 2.5
      vertex 46.9804 82.5724 2.5
      vertex 48.9804 86.0365 2.5
    endloop
  endfacet
  facet normal 0 0 1
    outer loop
      vertex 48.0196 81.9724 2.5
      vertex 45.5188 77.0758 2.5
      vertex 46.3229 76.8809 2.5
    endloop
  endfacet
  facet normal 0 0 1
    outer loop
      vertex 42.5779 90.4827 2.5
      vertex 46.9804 82.5724 2.5
      vertex 48.1754 87.6307 2.5
    endloop
  endfacet
  facet normal 0 0 1
    outer loop
      vertex 46.9804 82.5724 2.5
      vertex 44.6704 77.2448 2.5
      vertex 45.5188 77.0758 2.5
    endloop
  endfacet
  facet normal 0 0 1
    outer loop
      vertex 46.9804 82.5724 2.5
      vertex 43.7781 77.3878 2.5
      vertex 44.6704 77.2448 2.5
    endloop
  endfacet
  facet normal 0 0 1
    outer loop
      vertex 46.9804 82.5724 2.5
      vertex 42.8423 77.5049 2.5
      vertex 43.7781 77.3878 2.5
    endloop
  endfacet
  facet normal 0 0 1
    outer loop
      vertex 40.8417 77.6612 2.5
      vertex 46.9804 82.5724 2.5
      vertex 42.5779 90.4827 2.5
    endloop
  endfacet
  facet normal 0 0 1
    outer loop
      vertex 46.9804 82.5724 2.5
      vertex 41.8633 77.596 2.5
      vertex 42.8423 77.5049 2.5
    endloop
  endfacet
  facet normal 0 0 1
    outer loop
      vertex 46.9804 82.5724 2.5
      vertex 40.8417 77.6612 2.5
      vertex 41.8633 77.596 2.5
    endloop
  endfacet
  facet normal 0 0 1
    outer loop
      vertex 42.5779 90.4827 2.5
      vertex 39.7776 77.7003 2.5
      vertex 40.8417 77.6612 2.5
    endloop
  endfacet
  facet normal 0 0 1
    outer loop
      vertex 42.5779 90.4827 2.5
      vertex 38.6716 77.7133 2.5
      vertex 39.7776 77.7003 2.5
    endloop
  endfacet
  facet normal 0 0 1
    outer loop
      vertex 36.8125 92.9776 2.5
      vertex 38.6716 77.7133 2.5
      vertex 42.5779 90.4827 2.5
    endloop
  endfacet
  facet normal 0 0 1
    outer loop
      vertex 25.9243 77.6812 2.5
      vertex 36.8125 92.9776 2.5
      vertex 30.9017 95.1057 2.5
    endloop
  endfacet
  facet normal 0 0 1
    outer loop
      vertex 36.8125 92.9776 2.5
      vertex 25.9243 77.6812 2.5
      vertex 38.6716 77.7133 2.5
    endloop
  endfacet
  facet normal 0 -0 1
    outer loop
      vertex 25.9243 77.6812 2.5
      vertex 30.9017 95.1057 2.5
      vertex 24.869 96.8583 2.5
    endloop
  endfacet
  facet normal 0 -0 1
    outer loop
      vertex 49.6652 75.5185 2.5
      vertex 53.5827 84.4328 2.5
      vertex 48.0196 81.9724 2.5
    endloop
  endfacet
  facet normal 0 0 1
    outer loop
      vertex 53.5827 84.4328 2.5
      vertex 49.6652 75.5185 2.5
      vertex 50.1953 75.1686 2.5
    endloop
  endfacet
  facet normal 0 0 1
    outer loop
      vertex 49.6652 75.5185 2.5
      vertex 48.0196 81.9724 2.5
      vertex 49.0884 75.8426 2.5
    endloop
  endfacet
  facet normal 0 0 1
    outer loop
      vertex 49.0884 75.8426 2.5
      vertex 48.0196 81.9724 2.5
      vertex 48.4655 76.1409 2.5
    endloop
  endfacet
  facet normal 0 0 1
    outer loop
      vertex 48.0196 81.9724 2.5
      vertex 47.7966 76.4134 2.5
      vertex 48.4655 76.1409 2.5
    endloop
  endfacet
  facet normal 0 0 1
    outer loop
      vertex 48.0196 81.9724 2.5
      vertex 47.0823 76.6601 2.5
      vertex 47.7966 76.4134 2.5
    endloop
  endfacet
  facet normal 0 0 1
    outer loop
      vertex 45.5188 77.0758 2.5
      vertex 48.0196 81.9724 2.5
      vertex 46.9804 82.5724 2.5
    endloop
  endfacet
  facet normal 0 0 1
    outer loop
      vertex 48.0196 81.9724 2.5
      vertex 46.3229 76.8809 2.5
      vertex 47.0823 76.6601 2.5
    endloop
  endfacet
  facet normal 0 0 1
    outer loop
      vertex 99.8027 -6.27905 2.5
      vertex 84.3996 -5.57413 2.5
      vertex 99.2115 -12.5333 2.5
    endloop
  endfacet
  facet normal 0 0 1
    outer loop
      vertex 90.4827 42.5779 2.5
      vertex 85.7904 7.14209 2.5
      vertex 85.9077 4.38681 2.5
    endloop
  endfacet
  facet normal 0 0 1
    outer loop
      vertex 85.9077 4.38681 2.5
      vertex 85.7904 7.14209 2.5
      vertex 85.9013 4.39833 2.5
    endloop
  endfacet
  facet normal 0 0 1
    outer loop
      vertex 90.4827 42.5779 2.5
      vertex 85.4634 9.82481 2.5
      vertex 85.7904 7.14209 2.5
    endloop
  endfacet
  facet normal 0 0 1
    outer loop
      vertex 90.4827 42.5779 2.5
      vertex 84.9289 12.4379 2.5
      vertex 85.4634 9.82481 2.5
    endloop
  endfacet
  facet normal 0 0 1
    outer loop
      vertex 90.4827 42.5779 2.5
      vertex 84.1956 14.9726 2.5
      vertex 84.9289 12.4379 2.5
    endloop
  endfacet
  facet normal 0 0 1
    outer loop
      vertex 90.4827 42.5779 2.5
      vertex 83.272 17.4205 2.5
      vertex 84.1956 14.9726 2.5
    endloop
  endfacet
  facet normal 0 0 1
    outer loop
      vertex 74.2177 29.8006 2.5
      vertex 90.4827 42.5779 2.5
      vertex 82.5724 46.9804 2.5
    endloop
  endfacet
  facet normal 0 0 1
    outer loop
      vertex 90.4827 42.5779 2.5
      vertex 82.1668 19.7729 2.5
      vertex 83.272 17.4205 2.5
    endloop
  endfacet
  facet normal 0 0 1
    outer loop
      vertex 67.8198 34.1199 2.5
      vertex 82.5724 46.9804 2.5
      vertex 81.9724 48.0196 2.5
    endloop
  endfacet
  facet normal 0 0 1
    outer loop
      vertex 77.0513 63.7424 2.5
      vertex 81.9724 48.0196 2.5
      vertex 80.9017 58.7785 2.5
    endloop
  endfacet
  facet normal 0 0 1
    outer loop
      vertex 90.4827 42.5779 2.5
      vertex 80.8886 22.0211 2.5
      vertex 82.1668 19.7729 2.5
    endloop
  endfacet
  facet normal 0 0 1
    outer loop
      vertex 90.4827 42.5779 2.5
      vertex 79.446 24.1566 2.5
      vertex 80.8886 22.0211 2.5
    endloop
  endfacet
  facet normal 0 0 1
    outer loop
      vertex 90.4827 42.5779 2.5
      vertex 77.8475 26.1707 2.5
      vertex 79.446 24.1566 2.5
    endloop
  endfacet
  facet normal 0 0 1
    outer loop
      vertex 81.9724 48.0196 2.5
      vertex 77.0513 63.7424 2.5
      vertex 63.0196 36.1487 2.5
    endloop
  endfacet
  facet normal 0 0 1
    outer loop
      vertex 90.4827 42.5779 2.5
      vertex 76.1019 28.0549 2.5
      vertex 77.8475 26.1707 2.5
    endloop
  endfacet
  facet normal 0 0 1
    outer loop
      vertex 90.4827 42.5779 2.5
      vertex 74.2177 29.8006 2.5
      vertex 76.1019 28.0549 2.5
    endloop
  endfacet
  facet normal -0 0 1
    outer loop
      vertex 50.7983 63.7996 2.5
      vertex 77.0513 63.7424 2.5
      vertex 72.8969 68.4547 2.5
    endloop
  endfacet
  facet normal 0 0 1
    outer loop
      vertex 82.5724 46.9804 2.5
      vertex 72.2035 31.399 2.5
      vertex 74.2177 29.8006 2.5
    endloop
  endfacet
  facet normal 0 0 1
    outer loop
      vertex 82.5724 46.9804 2.5
      vertex 70.0681 32.8416 2.5
      vertex 72.2035 31.399 2.5
    endloop
  endfacet
  facet normal 0 0 1
    outer loop
      vertex 52.4628 67.0134 2.5
      vertex 72.8969 68.4547 2.5
      vertex 68.4547 72.8969 2.5
    endloop
  endfacet
  facet normal 0 0 1
    outer loop
      vertex 82.5724 46.9804 2.5
      vertex 67.8198 34.1199 2.5
      vertex 70.0681 32.8416 2.5
    endloop
  endfacet
  facet normal 0 0 1
    outer loop
      vertex 81.9724 48.0196 2.5
      vertex 65.4675 35.2251 2.5
      vertex 67.8198 34.1199 2.5
    endloop
  endfacet
  facet normal 0 0 1
    outer loop
      vertex 53.0161 69.4527 2.5
      vertex 68.4547 72.8969 2.5
      vertex 63.7424 77.0513 2.5
    endloop
  endfacet
  facet normal 0 0 1
    outer loop
      vertex 81.9724 48.0196 2.5
      vertex 63.0196 36.1487 2.5
      vertex 65.4675 35.2251 2.5
    endloop
  endfacet
  facet normal 0 0 1
    outer loop
      vertex 72.8969 68.4547 2.5
      vertex 51.948 65.8384 2.5
      vertex 51.6177 65.1982 2.5
    endloop
  endfacet
  facet normal 0 0 1
    outer loop
      vertex 52.9967 70.282 2.5
      vertex 63.7424 77.0513 2.5
      vertex 58.7785 80.9017 2.5
    endloop
  endfacet
  facet normal 0 0 1
    outer loop
      vertex 68.4547 72.8969 2.5
      vertex 52.7999 68.0645 2.5
      vertex 52.6524 67.5532 2.5
    endloop
  endfacet
  facet normal 0 0 1
    outer loop
      vertex 68.4547 72.8969 2.5
      vertex 52.6524 67.5532 2.5
      vertex 52.4628 67.0134 2.5
    endloop
  endfacet
  facet normal 0 0 1
    outer loop
      vertex 50.6784 74.793 2.5
      vertex 58.7785 80.9017 2.5
      vertex 53.5827 84.4328 2.5
    endloop
  endfacet
  facet normal 0 0 1
    outer loop
      vertex 63.7424 77.0513 2.5
      vertex 53.021 69.8753 2.5
      vertex 53.0161 69.4527 2.5
    endloop
  endfacet
  facet normal 0 0 1
    outer loop
      vertex 68.4547 72.8969 2.5
      vertex 53.0161 69.4527 2.5
      vertex 52.9793 69.0117 2.5
    endloop
  endfacet
  facet normal 0 0 1
    outer loop
      vertex 68.4547 72.8969 2.5
      vertex 52.9793 69.0117 2.5
      vertex 52.908 68.5498 2.5
    endloop
  endfacet
  facet normal 0 0 1
    outer loop
      vertex 68.4547 72.8969 2.5
      vertex 52.908 68.5498 2.5
      vertex 52.7999 68.0645 2.5
    endloop
  endfacet
  facet normal 0 0 1
    outer loop
      vertex 72.8969 68.4547 2.5
      vertex 52.4628 67.0134 2.5
      vertex 52.2289 66.4426 2.5
    endloop
  endfacet
  facet normal 0 0 1
    outer loop
      vertex 72.8969 68.4547 2.5
      vertex 52.2289 66.4426 2.5
      vertex 51.948 65.8384 2.5
    endloop
  endfacet
  facet normal 0 0 1
    outer loop
      vertex 72.8969 68.4547 2.5
      vertex 51.6177 65.1982 2.5
      vertex 51.2353 64.5194 2.5
    endloop
  endfacet
  facet normal 0 0 1
    outer loop
      vertex 50.7983 63.7996 2.5
      vertex 72.8969 68.4547 2.5
      vertex 51.2353 64.5194 2.5
    endloop
  endfacet
  facet normal 0 0 1
    outer loop
      vertex 77.0513 63.7424 2.5
      vertex 60.4848 36.8819 2.5
      vertex 63.0196 36.1487 2.5
    endloop
  endfacet
  facet normal 0 0 1
    outer loop
      vertex 77.0513 63.7424 2.5
      vertex 50.7983 63.7996 2.5
      vertex 50.3044 63.0362 2.5
    endloop
  endfacet
  facet normal 0 0 1
    outer loop
      vertex 77.0513 63.7424 2.5
      vertex 50.3044 63.0362 2.5
      vertex 60.4848 36.8819 2.5
    endloop
  endfacet
  facet normal -0 0 1
    outer loop
      vertex 49.7509 62.2267 2.5
      vertex 60.4848 36.8819 2.5
      vertex 50.3044 63.0362 2.5
    endloop
  endfacet
  facet normal 0 0 1
    outer loop
      vertex 60.4848 36.8819 2.5
      vertex 49.7509 62.2267 2.5
      vertex 57.8718 37.4164 2.5
    endloop
  endfacet
  facet normal 0 0 1
    outer loop
      vertex 57.8718 37.4164 2.5
      vertex 49.7509 62.2267 2.5
      vertex 55.1891 37.7434 2.5
    endloop
  endfacet
  facet normal 0 0 1
    outer loop
      vertex 55.1891 37.7434 2.5
      vertex 49.7509 62.2267 2.5
      vertex 52.4453 37.8544 2.5
    endloop
  endfacet
  facet normal 0 0 1
    outer loop
      vertex 52.4453 37.8544 2.5
      vertex 49.7509 62.2267 2.5
      vertex 52.0877 37.8525 2.5
    endloop
  endfacet
  facet normal 0 0 1
    outer loop
      vertex 52.0877 37.8525 2.5
      vertex 49.7509 62.2267 2.5
      vertex 51.731 37.8468 2.5
    endloop
  endfacet
  facet normal 0 0 1
    outer loop
      vertex 51.731 37.8468 2.5
      vertex 49.7509 62.2267 2.5
      vertex 51.375 37.8375 2.5
    endloop
  endfacet
  facet normal 0 0 1
    outer loop
      vertex 51.375 37.8375 2.5
      vertex 49.7509 62.2267 2.5
      vertex 51.0199 37.8245 2.5
    endloop
  endfacet
  facet normal 0 0 1
    outer loop
      vertex 51.0199 37.8245 2.5
      vertex 49.7509 62.2267 2.5
      vertex 50.6657 37.8078 2.5
    endloop
  endfacet
  facet normal 0 0 1
    outer loop
      vertex 50.6657 37.8078 2.5
      vertex 49.7509 62.2267 2.5
      vertex 50.3123 37.7873 2.5
    endloop
  endfacet
  facet normal 0 0 1
    outer loop
      vertex 50.3123 37.7873 2.5
      vertex 49.7509 62.2267 2.5
      vertex 49.96 37.7632 2.5
    endloop
  endfacet
  facet normal 0 0 1
    outer loop
      vertex 49.7509 62.2267 2.5
      vertex 49.6086 37.7355 2.5
      vertex 49.96 37.7632 2.5
    endloop
  endfacet
  facet normal 0 0 1
    outer loop
      vertex 49.7509 62.2267 2.5
      vertex 49.2582 37.7041 2.5
      vertex 49.6086 37.7355 2.5
    endloop
  endfacet
  facet normal 0 0 1
    outer loop
      vertex 49.7509 62.2267 2.5
      vertex 48.9088 37.6691 2.5
      vertex 49.2582 37.7041 2.5
    endloop
  endfacet
  facet normal 0 0 1
    outer loop
      vertex 49.7509 62.2267 2.5
      vertex 48.5606 37.6304 2.5
      vertex 48.9088 37.6691 2.5
    endloop
  endfacet
  facet normal 0 0 1
    outer loop
      vertex 49.7509 62.2267 2.5
      vertex 48.2133 37.5883 2.5
      vertex 48.5606 37.6304 2.5
    endloop
  endfacet
  facet normal 0 0 1
    outer loop
      vertex 49.7509 62.2267 2.5
      vertex 47.8673 37.5425 2.5
      vertex 48.2133 37.5883 2.5
    endloop
  endfacet
  facet normal 0 0 1
    outer loop
      vertex 49.7509 62.2267 2.5
      vertex 47.5223 37.4931 2.5
      vertex 47.8673 37.5425 2.5
    endloop
  endfacet
  facet normal 0 0 1
    outer loop
      vertex 49.7509 62.2267 2.5
      vertex 47.1786 37.4402 2.5
      vertex 47.5223 37.4931 2.5
    endloop
  endfacet
  facet normal 0 0 1
    outer loop
      vertex 49.7509 62.2267 2.5
      vertex 46.8359 37.3838 2.5
      vertex 47.1786 37.4402 2.5
    endloop
  endfacet
  facet normal 0 0 1
    outer loop
      vertex 49.7509 62.2267 2.5
      vertex 46.4946 37.3238 2.5
      vertex 46.8359 37.3838 2.5
    endloop
  endfacet
  facet normal 0 0 1
    outer loop
      vertex 49.7509 62.2267 2.5
      vertex 46.1546 37.2604 2.5
      vertex 46.4946 37.3238 2.5
    endloop
  endfacet
  facet normal 0 0 1
    outer loop
      vertex 49.7509 62.2267 2.5
      vertex 45.8157 37.1934 2.5
      vertex 46.1546 37.2604 2.5
    endloop
  endfacet
  facet normal 0 0 1
    outer loop
      vertex 49.7509 62.2267 2.5
      vertex 45.4783 37.123 2.5
      vertex 45.8157 37.1934 2.5
    endloop
  endfacet
  facet normal 0 0 1
    outer loop
      vertex 45.273 65.3638 2.5
      vertex 45.4783 37.123 2.5
      vertex 49.7509 62.2267 2.5
    endloop
  endfacet
  facet normal 0 0 1
    outer loop
      vertex 45.834 66.1957 2.5
      vertex 43.6785 71.0483 2.5
      vertex 45.6567 65.9312 2.5
    endloop
  endfacet
  facet normal 0 0 1
    outer loop
      vertex 43.1626 71.1078 2.5
      vertex 45.6567 65.9312 2.5
      vertex 43.6785 71.0483 2.5
    endloop
  endfacet
  facet normal 0 0 1
    outer loop
      vertex 45.6567 65.9312 2.5
      vertex 43.1626 71.1078 2.5
      vertex 45.4695 65.6541 2.5
    endloop
  endfacet
  facet normal 0 0 1
    outer loop
      vertex 42.6111 71.1589 2.5
      vertex 45.4695 65.6541 2.5
      vertex 43.1626 71.1078 2.5
    endloop
  endfacet
  facet normal 0 0 1
    outer loop
      vertex 45.4695 65.6541 2.5
      vertex 42.6111 71.1589 2.5
      vertex 45.273 65.3638 2.5
    endloop
  endfacet
  facet normal 0 0 1
    outer loop
      vertex 42.0242 71.2018 2.5
      vertex 45.273 65.3638 2.5
      vertex 42.6111 71.1589 2.5
    endloop
  endfacet
  facet normal 0 0 1
    outer loop
      vertex 41.4023 71.2367 2.5
      vertex 45.273 65.3638 2.5
      vertex 42.0242 71.2018 2.5
    endloop
  endfacet
  facet normal 0 0 1
    outer loop
      vertex 40.7455 71.2637 2.5
      vertex 45.273 65.3638 2.5
      vertex 41.4023 71.2367 2.5
    endloop
  endfacet
  facet normal 0 0 1
    outer loop
      vertex 40.0542 71.2828 2.5
      vertex 45.273 65.3638 2.5
      vertex 40.7455 71.2637 2.5
    endloop
  endfacet
  facet normal 0 0 1
    outer loop
      vertex 39.3286 71.2942 2.5
      vertex 45.273 65.3638 2.5
      vertex 40.0542 71.2828 2.5
    endloop
  endfacet
  facet normal 0 0 1
    outer loop
      vertex 38.569 71.298 2.5
      vertex 45.273 65.3638 2.5
      vertex 39.3286 71.2942 2.5
    endloop
  endfacet
  facet normal -0 0 1
    outer loop
      vertex 38.5 71.298 2.5
      vertex 45.273 65.3638 2.5
      vertex 38.569 71.298 2.5
    endloop
  endfacet
  facet normal 0 0 1
    outer loop
      vertex 34.322 71.3103 2.5
      vertex 45.273 65.3638 2.5
      vertex 38.5 71.298 2.5
    endloop
  endfacet
  facet normal 0 0 1
    outer loop
      vertex 45.273 65.3638 2.5
      vertex 34.322 71.3103 2.5
      vertex 45.4783 37.123 2.5
    endloop
  endfacet
  facet normal 0 0 1
    outer loop
      vertex 90.4827 -42.5779 2.5
      vertex 86.0365 -48.9804 2.5
      vertex 87.6307 -48.1754 2.5
    endloop
  endfacet
  facet normal 0 0 1
    outer loop
      vertex 85.4365 -50.0196 2.5
      vertex 87.6307 -48.1754 2.5
      vertex 86.0365 -48.9804 2.5
    endloop
  endfacet
  facet normal -0 0 1
    outer loop
      vertex 85.4365 -50.0196 2.5
      vertex 84.4328 -53.5827 2.5
      vertex 87.6307 -48.1754 2.5
    endloop
  endfacet
  facet normal 0 0 1
    outer loop
      vertex 81.9724 -48.0196 2.5
      vertex 84.4328 -53.5827 2.5
      vertex 85.4365 -50.0196 2.5
    endloop
  endfacet
  facet normal 0 0 1
    outer loop
      vertex 81.9724 -48.0196 2.5
      vertex 80.9017 -58.7785 2.5
      vertex 84.4328 -53.5827 2.5
    endloop
  endfacet
  facet normal 0 0 1
    outer loop
      vertex 92.9776 -36.8125 2.5
      vertex 82.5724 -46.9804 2.5
      vertex 86.0365 -48.9804 2.5
    endloop
  endfacet
  facet normal -0 0 1
    outer loop
      vertex 75.1556 -20.1831 2.5
      vertex 95.1057 -30.9017 2.5
      vertex 76.5341 -18.8339 2.5
    endloop
  endfacet
  facet normal 0 0 1
    outer loop
      vertex 95.1057 -30.9017 2.5
      vertex 75.1556 -20.1831 2.5
      vertex 92.9776 -36.8125 2.5
    endloop
  endfacet
  facet normal -0 0 1
    outer loop
      vertex 73.7016 -21.4518 2.5
      vertex 92.9776 -36.8125 2.5
      vertex 75.1556 -20.1831 2.5
    endloop
  endfacet
  facet normal -0 0 1
    outer loop
      vertex 72.1754 -22.6361 2.5
      vertex 92.9776 -36.8125 2.5
      vertex 73.7016 -21.4518 2.5
    endloop
  endfacet
  facet normal 0 0 1
    outer loop
      vertex 92.9776 -36.8125 2.5
      vertex 72.1754 -22.6361 2.5
      vertex 82.5724 -46.9804 2.5
    endloop
  endfacet
  facet normal -0 0 1
    outer loop
      vertex 70.5809 -23.7326 2.5
      vertex 82.5724 -46.9804 2.5
      vertex 72.1754 -22.6361 2.5
    endloop
  endfacet
  facet normal -0 0 1
    outer loop
      vertex 64.7055 -33.9232 2.5
      vertex 82.5724 -46.9804 2.5
      vertex 70.5809 -23.7326 2.5
    endloop
  endfacet
  facet normal -0 0 1
    outer loop
      vertex 63.1673 -41.1835 2.5
      vertex 81.9724 -48.0196 2.5
      vertex 63.7697 -38.7895 2.5
    endloop
  endfacet
  facet normal 0 0 1
    outer loop
      vertex 82.5724 -46.9804 2.5
      vertex 63.7697 -38.7895 2.5
      vertex 81.9724 -48.0196 2.5
    endloop
  endfacet
  facet normal -0 0 1
    outer loop
      vertex 64.2827 -36.3688 2.5
      vertex 82.5724 -46.9804 2.5
      vertex 64.7055 -33.9232 2.5
    endloop
  endfacet
  facet normal 0 0 1
    outer loop
      vertex 65.0371 -31.4549 2.5
      vertex 70.5809 -23.7326 2.5
      vertex 68.9217 -24.7375 2.5
    endloop
  endfacet
  facet normal -0 0 1
    outer loop
      vertex 62.4764 -43.5485 2.5
      vertex 81.9724 -48.0196 2.5
      vertex 63.1673 -41.1835 2.5
    endloop
  endfacet
  facet normal 0 0 1
    outer loop
      vertex 65.2768 -28.9658 2.5
      vertex 68.9217 -24.7375 2.5
      vertex 67.2013 -25.6472 2.5
    endloop
  endfacet
  facet normal 0 0 1
    outer loop
      vertex 65.2768 -28.9658 2.5
      vertex 67.2013 -25.6472 2.5
      vertex 65.4236 -26.4581 2.5
    endloop
  endfacet
  facet normal 0 0 1
    outer loop
      vertex 68.9217 -24.7375 2.5
      vertex 65.2768 -28.9658 2.5
      vertex 65.0371 -31.4549 2.5
    endloop
  endfacet
  facet normal 0 0 1
    outer loop
      vertex 70.5809 -23.7326 2.5
      vertex 65.0371 -31.4549 2.5
      vertex 64.7055 -33.9232 2.5
    endloop
  endfacet
  facet normal -0 0 1
    outer loop
      vertex 63.7697 -38.7895 2.5
      vertex 82.5724 -46.9804 2.5
      vertex 64.2827 -36.3688 2.5
    endloop
  endfacet
  facet normal -0 0 1
    outer loop
      vertex 61.6979 -45.8826 2.5
      vertex 81.9724 -48.0196 2.5
      vertex 62.4764 -43.5485 2.5
    endloop
  endfacet
  facet normal 0 0 1
    outer loop
      vertex 60.8327 -48.1837 2.5
      vertex 81.9724 -48.0196 2.5
      vertex 61.6979 -45.8826 2.5
    endloop
  endfacet
  facet normal 0 0 1
    outer loop
      vertex 81.9724 -48.0196 2.5
      vertex 60.8327 -48.1837 2.5
      vertex 80.9017 -58.7785 2.5
    endloop
  endfacet
  facet normal -0 0 1
    outer loop
      vertex 59.8815 -50.4498 2.5
      vertex 80.9017 -58.7785 2.5
      vertex 60.8327 -48.1837 2.5
    endloop
  endfacet
  facet normal 0 0 1
    outer loop
      vertex 80.9017 -58.7785 2.5
      vertex 59.8815 -50.4498 2.5
      vertex 77.0513 -63.7424 2.5
    endloop
  endfacet
  facet normal -0 0 1
    outer loop
      vertex 58.8454 -52.6789 2.5
      vertex 77.0513 -63.7424 2.5
      vertex 59.8815 -50.4498 2.5
    endloop
  endfacet
  facet normal -0 0 1
    outer loop
      vertex 57.725 -54.8689 2.5
      vertex 77.0513 -63.7424 2.5
      vertex 58.8454 -52.6789 2.5
    endloop
  endfacet
  facet normal 0 0 1
    outer loop
      vertex 77.0513 -63.7424 2.5
      vertex 57.725 -54.8689 2.5
      vertex 72.8969 -68.4547 2.5
    endloop
  endfacet
  facet normal -0 0 1
    outer loop
      vertex 56.5214 -57.0178 2.5
      vertex 72.8969 -68.4547 2.5
      vertex 57.725 -54.8689 2.5
    endloop
  endfacet
  facet normal -0 0 1
    outer loop
      vertex 55.2354 -59.1234 2.5
      vertex 72.8969 -68.4547 2.5
      vertex 56.5214 -57.0178 2.5
    endloop
  endfacet
  facet normal 0 0 1
    outer loop
      vertex 72.8969 -68.4547 2.5
      vertex 55.2354 -59.1234 2.5
      vertex 68.4547 -72.8969 2.5
    endloop
  endfacet
  facet normal -0 0 1
    outer loop
      vertex 53.8679 -61.1839 2.5
      vertex 68.4547 -72.8969 2.5
      vertex 55.2354 -59.1234 2.5
    endloop
  endfacet
  facet normal -0 0 1
    outer loop
      vertex 52.4197 -63.1971 2.5
      vertex 68.4547 -72.8969 2.5
      vertex 53.8679 -61.1839 2.5
    endloop
  endfacet
  facet normal 0 0 1
    outer loop
      vertex 68.4547 -72.8969 2.5
      vertex 52.4197 -63.1971 2.5
      vertex 63.7424 -77.0513 2.5
    endloop
  endfacet
  facet normal -0 0 1
    outer loop
      vertex 50.8916 -65.1611 2.5
      vertex 63.7424 -77.0513 2.5
      vertex 52.4197 -63.1971 2.5
    endloop
  endfacet
  facet normal -0 0 1
    outer loop
      vertex 49.2847 -67.0737 2.5
      vertex 63.7424 -77.0513 2.5
      vertex 50.8916 -65.1611 2.5
    endloop
  endfacet
  facet normal 0 0 1
    outer loop
      vertex 63.7424 -77.0513 2.5
      vertex 49.2847 -67.0737 2.5
      vertex 58.7785 -80.9017 2.5
    endloop
  endfacet
  facet normal -0 0 1
    outer loop
      vertex 47.5997 -68.9329 2.5
      vertex 58.7785 -80.9017 2.5
      vertex 49.2847 -67.0737 2.5
    endloop
  endfacet
  facet normal 0 0 1
    outer loop
      vertex 48.1754 -87.6307 2.5
      vertex 50.0196 -85.4365 2.5
      vertex 48.9804 -86.0365 2.5
    endloop
  endfacet
  facet normal -0 0 1
    outer loop
      vertex 50.0196 -85.4365 2.5
      vertex 48.1754 -87.6307 2.5
      vertex 53.5827 -84.4328 2.5
    endloop
  endfacet
  facet normal 0 0 1
    outer loop
      vertex 46.9804 -82.5724 2.5
      vertex 48.1754 -87.6307 2.5
      vertex 48.9804 -86.0365 2.5
    endloop
  endfacet
  facet normal -0 0 1
    outer loop
      vertex 41.996 -74.241 2.5
      vertex 48.0196 -81.9724 2.5
      vertex 43.9458 -72.5305 2.5
    endloop
  endfacet
  facet normal 0 0 1
    outer loop
      vertex 48.0196 -81.9724 2.5
      vertex 41.996 -74.241 2.5
      vertex 46.9804 -82.5724 2.5
    endloop
  endfacet
  facet normal -0 0 1
    outer loop
      vertex 39.9905 -75.8672 2.5
      vertex 46.9804 -82.5724 2.5
      vertex 41.996 -74.241 2.5
    endloop
  endfacet
  facet normal -0 0 1
    outer loop
      vertex 37.9315 -77.4082 2.5
      vertex 46.9804 -82.5724 2.5
      vertex 39.9905 -75.8672 2.5
    endloop
  endfacet
  facet normal -0 0 1
    outer loop
      vertex 35.8213 -78.8631 2.5
      vertex 46.9804 -82.5724 2.5
      vertex 37.9315 -77.4082 2.5
    endloop
  endfacet
  facet normal 0 0 1
    outer loop
      vertex 46.9804 -82.5724 2.5
      vertex 42.5779 -90.4827 2.5
      vertex 48.1754 -87.6307 2.5
    endloop
  endfacet
  facet normal 0 0 1
    outer loop
      vertex 46.9804 -82.5724 2.5
      vertex 35.8213 -78.8631 2.5
      vertex 42.5779 -90.4827 2.5
    endloop
  endfacet
  facet normal -0 0 1
    outer loop
      vertex 33.6622 -80.2309 2.5
      vertex 42.5779 -90.4827 2.5
      vertex 35.8213 -78.8631 2.5
    endloop
  endfacet
  facet normal 0 0 1
    outer loop
      vertex 42.5779 -90.4827 2.5
      vertex 33.6622 -80.2309 2.5
      vertex 36.8125 -92.9776 2.5
    endloop
  endfacet
  facet normal -0 0 1
    outer loop
      vertex 31.4563 -81.5107 2.5
      vertex 36.8125 -92.9776 2.5
      vertex 33.6622 -80.2309 2.5
    endloop
  endfacet
  facet normal -0 0 1
    outer loop
      vertex 29.206 -82.7016 2.5
      vertex 36.8125 -92.9776 2.5
      vertex 31.4563 -81.5107 2.5
    endloop
  endfacet
  facet normal 0 0 1
    outer loop
      vertex 36.8125 -92.9776 2.5
      vertex 29.206 -82.7016 2.5
      vertex 30.9017 -95.1057 2.5
    endloop
  endfacet
  facet normal -0 0 1
    outer loop
      vertex 26.9135 -83.8026 2.5
      vertex 30.9017 -95.1057 2.5
      vertex 29.206 -82.7016 2.5
    endloop
  endfacet
  facet normal -0 0 1
    outer loop
      vertex 24.5811 -84.8128 2.5
      vertex 30.9017 -95.1057 2.5
      vertex 26.9135 -83.8026 2.5
    endloop
  endfacet
  facet normal 0 0 1
    outer loop
      vertex 30.9017 -95.1057 2.5
      vertex 24.5811 -84.8128 2.5
      vertex 24.869 -96.8583 2.5
    endloop
  endfacet
  facet normal -0 0 1
    outer loop
      vertex 22.2111 -85.7312 2.5
      vertex 24.869 -96.8583 2.5
      vertex 24.5811 -84.8128 2.5
    endloop
  endfacet
  facet normal -0 0 1
    outer loop
      vertex 19.8055 -86.5569 2.5
      vertex 24.869 -96.8583 2.5
      vertex 22.2111 -85.7312 2.5
    endloop
  endfacet
  facet normal 0 0 1
    outer loop
      vertex 19.8055 -86.5569 2.5
      vertex 18.7381 -98.2287 2.5
      vertex 24.869 -96.8583 2.5
    endloop
  endfacet
  facet normal -0 0 1
    outer loop
      vertex 17.3669 -87.2891 2.5
      vertex 18.7381 -98.2287 2.5
      vertex 19.8055 -86.5569 2.5
    endloop
  endfacet
  facet normal -0 0 1
    outer loop
      vertex 14.8973 -87.9266 2.5
      vertex 18.7381 -98.2287 2.5
      vertex 17.3669 -87.2891 2.5
    endloop
  endfacet
  facet normal 0 0 1
    outer loop
      vertex 14.8973 -87.9266 2.5
      vertex 12.5333 -99.2115 2.5
      vertex 18.7381 -98.2287 2.5
    endloop
  endfacet
  facet normal -0 0 1
    outer loop
      vertex 12.3991 -88.4686 2.5
      vertex 12.5333 -99.2115 2.5
      vertex 14.8973 -87.9266 2.5
    endloop
  endfacet
  facet normal -0 0 1
    outer loop
      vertex 9.8745 -88.9142 2.5
      vertex 12.5333 -99.2115 2.5
      vertex 12.3991 -88.4686 2.5
    endloop
  endfacet
  facet normal -0 0 1
    outer loop
      vertex 7.32574 -89.2624 2.5
      vertex 12.5333 -99.2115 2.5
      vertex 9.8745 -88.9142 2.5
    endloop
  endfacet
  facet normal 0 0 1
    outer loop
      vertex 7.32574 -89.2624 2.5
      vertex 6.27905 -99.8027 2.5
      vertex 12.5333 -99.2115 2.5
    endloop
  endfacet
  facet normal -0 0 1
    outer loop
      vertex 4.75517 -89.5123 2.5
      vertex 6.27905 -99.8027 2.5
      vertex 7.32574 -89.2624 2.5
    endloop
  endfacet
  facet normal 0 0 1
    outer loop
      vertex 0.599999 -95 2.5
      vertex 4.75517 -89.5123 2.5
      vertex 2.16492 -89.6629 2.5
    endloop
  endfacet
  facet normal 0 0 1
    outer loop
      vertex 4.75517 -89.5123 2.5
      vertex 0.599999 -95 2.5
      vertex 6.27905 -99.8027 2.5
    endloop
  endfacet
  facet normal -0 0 1
    outer loop
      vertex 0.599999 -99 2.5
      vertex 6.27905 -99.8027 2.5
      vertex 0.599999 -95 2.5
    endloop
  endfacet
  facet normal 0 0 1
    outer loop
      vertex 0.599999 -99 2.5
      vertex 0 -100 2.5
      vertex 6.27905 -99.8027 2.5
    endloop
  endfacet
  facet normal -0 0 1
    outer loop
      vertex -0.599999 -99 2.5
      vertex 0 -100 2.5
      vertex 0.599999 -99 2.5
    endloop
  endfacet
  facet normal 0 0 1
    outer loop
      vertex -0.599999 -95 2.5
      vertex -5.64049 -89.5124 2.5
      vertex -6.27905 -99.8027 2.5
    endloop
  endfacet
  facet normal 0 0 1
    outer loop
      vertex -0.599999 -99 2.5
      vertex -6.27905 -99.8027 2.5
      vertex 0 -100 2.5
    endloop
  endfacet
  facet normal 0 0 1
    outer loop
      vertex -0.599999 -95 2.5
      vertex -6.27905 -99.8027 2.5
      vertex -0.599999 -99 2.5
    endloop
  endfacet
  facet normal 0 0 1
    outer loop
      vertex -8.21106 -89.2628 2.5
      vertex -6.27905 -99.8027 2.5
      vertex -5.64049 -89.5124 2.5
    endloop
  endfacet
  facet normal 0 0 1
    outer loop
      vertex -12.5333 -99.2115 2.5
      vertex -8.21106 -89.2628 2.5
      vertex -10.7598 -88.9148 2.5
    endloop
  endfacet
  facet normal 0 0 1
    outer loop
      vertex -8.21106 -89.2628 2.5
      vertex -12.5333 -99.2115 2.5
      vertex -6.27905 -99.8027 2.5
    endloop
  endfacet
  facet normal 0 0 1
    outer loop
      vertex -13.2845 -88.4696 2.5
      vertex -12.5333 -99.2115 2.5
      vertex -10.7598 -88.9148 2.5
    endloop
  endfacet
  facet normal 0 0 1
    outer loop
      vertex -18.7381 -98.2287 2.5
      vertex -13.2845 -88.4696 2.5
      vertex -15.7826 -87.9278 2.5
    endloop
  endfacet
  facet normal 0 0 1
    outer loop
      vertex -18.7381 -98.2287 2.5
      vertex -15.7826 -87.9278 2.5
      vertex -18.2522 -87.2906 2.5
    endloop
  endfacet
  facet normal 0 0 1
    outer loop
      vertex -13.2845 -88.4696 2.5
      vertex -18.7381 -98.2287 2.5
      vertex -12.5333 -99.2115 2.5
    endloop
  endfacet
  facet normal 0 0 1
    outer loop
      vertex -24.869 -96.8583 2.5
      vertex -18.2522 -87.2906 2.5
      vertex -20.6908 -86.5588 2.5
    endloop
  endfacet
  facet normal 0 0 1
    outer loop
      vertex -24.869 -96.8583 2.5
      vertex -20.6908 -86.5588 2.5
      vertex -23.0964 -85.7334 2.5
    endloop
  endfacet
  facet normal 0 0 1
    outer loop
      vertex -18.2522 -87.2906 2.5
      vertex -24.869 -96.8583 2.5
      vertex -18.7381 -98.2287 2.5
    endloop
  endfacet
  facet normal 0 0 1
    outer loop
      vertex -25.4665 -84.8152 2.5
      vertex -24.869 -96.8583 2.5
      vertex -23.0964 -85.7334 2.5
    endloop
  endfacet
  facet normal 0 0 1
    outer loop
      vertex -30.9017 -95.1057 2.5
      vertex -25.4665 -84.8152 2.5
      vertex -27.7988 -83.8053 2.5
    endloop
  endfacet
  facet normal 0 0 1
    outer loop
      vertex -30.9017 -95.1057 2.5
      vertex -27.7988 -83.8053 2.5
      vertex -30.0913 -82.7043 2.5
    endloop
  endfacet
  facet normal 0 0 1
    outer loop
      vertex -25.4665 -84.8152 2.5
      vertex -30.9017 -95.1057 2.5
      vertex -24.869 -96.8583 2.5
    endloop
  endfacet
  facet normal 0 0 1
    outer loop
      vertex -36.8125 -92.9776 2.5
      vertex -30.0913 -82.7043 2.5
      vertex -32.3416 -81.5135 2.5
    endloop
  endfacet
  facet normal 0 0 1
    outer loop
      vertex -36.8125 -92.9776 2.5
      vertex -32.3416 -81.5135 2.5
      vertex -34.5475 -80.2337 2.5
    endloop
  endfacet
  facet normal 0 0 1
    outer loop
      vertex -42.5779 -90.4827 2.5
      vertex -34.5475 -80.2337 2.5
      vertex -36.7066 -78.8658 2.5
    endloop
  endfacet
  facet normal 0 0 1
    outer loop
      vertex -30.0913 -82.7043 2.5
      vertex -36.8125 -92.9776 2.5
      vertex -30.9017 -95.1057 2.5
    endloop
  endfacet
  facet normal 0 0 1
    outer loop
      vertex -46.9804 -82.5724 2.5
      vertex -36.7066 -78.8658 2.5
      vertex -38.8168 -77.4106 2.5
    endloop
  endfacet
  facet normal 0 0 1
    outer loop
      vertex -46.9804 -82.5724 2.5
      vertex -38.8168 -77.4106 2.5
      vertex -40.8758 -75.8692 2.5
    endloop
  endfacet
  facet normal 0 0 1
    outer loop
      vertex -34.5475 -80.2337 2.5
      vertex -42.5779 -90.4827 2.5
      vertex -36.8125 -92.9776 2.5
    endloop
  endfacet
  facet normal 0 0 1
    outer loop
      vertex -46.9804 -82.5724 2.5
      vertex -40.8758 -75.8692 2.5
      vertex -42.8813 -74.2425 2.5
    endloop
  endfacet
  facet normal 0 0 1
    outer loop
      vertex -48.0196 -81.9724 2.5
      vertex -42.8813 -74.2425 2.5
      vertex -44.8311 -72.5314 2.5
    endloop
  endfacet
  facet normal 0 0 1
    outer loop
      vertex -48.0196 -81.9724 2.5
      vertex -44.8311 -72.5314 2.5
      vertex -46.7229 -70.7367 2.5
    endloop
  endfacet
  facet normal 0 0 1
    outer loop
      vertex -36.7066 -78.8658 2.5
      vertex -46.9804 -82.5724 2.5
      vertex -42.5779 -90.4827 2.5
    endloop
  endfacet
  facet normal 0 0 1
    outer loop
      vertex -46.9804 -82.5724 2.5
      vertex -48.1754 -87.6307 2.5
      vertex -42.5779 -90.4827 2.5
    endloop
  endfacet
  facet normal -0 0 1
    outer loop
      vertex -48.9804 -86.0365 2.5
      vertex -48.1754 -87.6307 2.5
      vertex -46.9804 -82.5724 2.5
    endloop
  endfacet
  facet normal 0 0 1
    outer loop
      vertex -50.0196 -85.4365 2.5
      vertex -48.1754 -87.6307 2.5
      vertex -48.9804 -86.0365 2.5
    endloop
  endfacet
  facet normal 0 0 1
    outer loop
      vertex -63.7424 -77.0513 2.5
      vertex -50.1754 -67.0567 2.5
      vertex -51.7847 -65.1296 2.5
    endloop
  endfacet
  facet normal 0 0 1
    outer loop
      vertex -63.7424 -77.0513 2.5
      vertex -51.7847 -65.1296 2.5
      vertex -53.3148 -63.1475 2.5
    endloop
  endfacet
  facet normal 0 0 1
    outer loop
      vertex -50.0196 -85.4365 2.5
      vertex -53.5827 -84.4328 2.5
      vertex -48.1754 -87.6307 2.5
    endloop
  endfacet
  facet normal 0 0 1
    outer loop
      vertex -48.0196 -81.9724 2.5
      vertex -53.5827 -84.4328 2.5
      vertex -50.0196 -85.4365 2.5
    endloop
  endfacet
  facet normal 0 0 1
    outer loop
      vertex -68.4547 -72.8969 2.5
      vertex -53.3148 -63.1475 2.5
      vertex -54.7649 -61.1131 2.5
    endloop
  endfacet
  facet normal 0 0 1
    outer loop
      vertex -68.4547 -72.8969 2.5
      vertex -54.7649 -61.1131 2.5
      vertex -56.134 -59.0289 2.5
    endloop
  endfacet
  facet normal 0 0 1
    outer loop
      vertex -72.8969 -68.4547 2.5
      vertex -56.134 -59.0289 2.5
      vertex -57.4214 -56.8975 2.5
    endloop
  endfacet
  facet normal 0 0 1
    outer loop
      vertex -72.8969 -68.4547 2.5
      vertex -57.4214 -56.8975 2.5
      vertex -58.626 -54.7212 2.5
    endloop
  endfacet
  facet normal 0 0 1
    outer loop
      vertex -48.0196 -81.9724 2.5
      vertex -58.7785 -80.9017 2.5
      vertex -53.5827 -84.4328 2.5
    endloop
  endfacet
  facet normal 0 0 1
    outer loop
      vertex -77.0513 -63.7424 2.5
      vertex -58.626 -54.7212 2.5
      vertex -59.7471 -52.5028 2.5
    endloop
  endfacet
  facet normal 0 0 1
    outer loop
      vertex -77.0513 -63.7424 2.5
      vertex -59.7471 -52.5028 2.5
      vertex -60.7837 -50.2445 2.5
    endloop
  endfacet
  facet normal 0 0 1
    outer loop
      vertex -80.9017 -58.7785 2.5
      vertex -60.7837 -50.2445 2.5
      vertex -61.7349 -47.9491 2.5
    endloop
  endfacet
  facet normal 0 0 1
    outer loop
      vertex -81.9724 -48.0196 2.5
      vertex -61.7349 -47.9491 2.5
      vertex -62.5999 -45.6188 2.5
    endloop
  endfacet
  facet normal 0 0 1
    outer loop
      vertex -81.9724 -48.0196 2.5
      vertex -62.5999 -45.6188 2.5
      vertex -63.3778 -43.2564 2.5
    endloop
  endfacet
  facet normal 0 0 1
    outer loop
      vertex -50.1754 -67.0567 2.5
      vertex -63.7424 -77.0513 2.5
      vertex -58.7785 -80.9017 2.5
    endloop
  endfacet
  facet normal 0 0 1
    outer loop
      vertex -81.9724 -48.0196 2.5
      vertex -63.3778 -43.2564 2.5
      vertex -64.0676 -40.8643 2.5
    endloop
  endfacet
  facet normal 0 0 1
    outer loop
      vertex -81.9724 -48.0196 2.5
      vertex -64.0676 -40.8643 2.5
      vertex -64.6686 -38.4449 2.5
    endloop
  endfacet
  facet normal 0 0 1
    outer loop
      vertex -81.9724 -48.0196 2.5
      vertex -64.6686 -38.4449 2.5
      vertex -65.1797 -36.0009 2.5
    endloop
  endfacet
  facet normal 0 0 1
    outer loop
      vertex -81.9724 -48.0196 2.5
      vertex -65.1797 -36.0009 2.5
      vertex -65.6003 -33.5347 2.5
    endloop
  endfacet
  facet normal 0 0 1
    outer loop
      vertex -71.254 -23.2475 2.5
      vertex -65.6003 -33.5347 2.5
      vertex -65.9292 -31.0489 2.5
    endloop
  endfacet
  facet normal 0 0 1
    outer loop
      vertex -69.6638 -24.2647 2.5
      vertex -65.9292 -31.0489 2.5
      vertex -66.1657 -28.5459 2.5
    endloop
  endfacet
  facet normal 0 0 1
    outer loop
      vertex -68.0142 -25.1927 2.5
      vertex -66.1657 -28.5459 2.5
      vertex -66.3089 -26.0282 2.5
    endloop
  endfacet
  facet normal 0 0 1
    outer loop
      vertex -69.6638 -24.2647 2.5
      vertex -66.1657 -28.5459 2.5
      vertex -68.0142 -25.1927 2.5
    endloop
  endfacet
  facet normal 0 0 1
    outer loop
      vertex -53.3148 -63.1475 2.5
      vertex -68.4547 -72.8969 2.5
      vertex -63.7424 -77.0513 2.5
    endloop
  endfacet
  facet normal 0 0 1
    outer loop
      vertex -65.9292 -31.0489 2.5
      vertex -69.6638 -24.2647 2.5
      vertex -71.254 -23.2475 2.5
    endloop
  endfacet
  facet normal 0 0 1
    outer loop
      vertex -65.6003 -33.5347 2.5
      vertex -71.254 -23.2475 2.5
      vertex -81.9724 -48.0196 2.5
    endloop
  endfacet
  facet normal 0 0 1
    outer loop
      vertex -81.9724 -48.0196 2.5
      vertex -71.254 -23.2475 2.5
      vertex -72.7814 -22.1446 2.5
    endloop
  endfacet
  facet normal 0 0 1
    outer loop
      vertex -56.134 -59.0289 2.5
      vertex -72.8969 -68.4547 2.5
      vertex -68.4547 -72.8969 2.5
    endloop
  endfacet
  facet normal 0 0 1
    outer loop
      vertex -81.9724 -48.0196 2.5
      vertex -72.7814 -22.1446 2.5
      vertex -74.2429 -20.9595 2.5
    endloop
  endfacet
  facet normal 0 0 1
    outer loop
      vertex -81.9724 -48.0196 2.5
      vertex -74.2429 -20.9595 2.5
      vertex -75.6348 -19.6955 2.5
    endloop
  endfacet
  facet normal 0 0 1
    outer loop
      vertex -81.9724 -48.0196 2.5
      vertex -75.6348 -19.6955 2.5
      vertex -76.9537 -18.3561 2.5
    endloop
  endfacet
  facet normal 0 0 1
    outer loop
      vertex -61.7349 -47.9491 2.5
      vertex -81.9724 -48.0196 2.5
      vertex -80.9017 -58.7785 2.5
    endloop
  endfacet
  facet normal 0 0 1
    outer loop
      vertex -81.9724 -48.0196 2.5
      vertex -76.9537 -18.3561 2.5
      vertex -78.1963 -16.9446 2.5
    endloop
  endfacet
  facet normal 0 0 1
    outer loop
      vertex -81.9724 -48.0196 2.5
      vertex -78.1963 -16.9446 2.5
      vertex -79.3591 -15.4646 2.5
    endloop
  endfacet
  facet normal 0 0 1
    outer loop
      vertex -81.9724 -48.0196 2.5
      vertex -79.3591 -15.4646 2.5
      vertex -80.4387 -13.9193 2.5
    endloop
  endfacet
  facet normal 0 0 1
    outer loop
      vertex -58.626 -54.7212 2.5
      vertex -77.0513 -63.7424 2.5
      vertex -72.8969 -68.4547 2.5
    endloop
  endfacet
  facet normal 0 0 1
    outer loop
      vertex -81.9724 -48.0196 2.5
      vertex -80.4387 -13.9193 2.5
      vertex -81.4317 -12.3123 2.5
    endloop
  endfacet
  facet normal 0 0 1
    outer loop
      vertex -60.7837 -50.2445 2.5
      vertex -80.9017 -58.7785 2.5
      vertex -77.0513 -63.7424 2.5
    endloop
  endfacet
  facet normal 0 0 1
    outer loop
      vertex -81.9724 -48.0196 2.5
      vertex -84.4328 -53.5827 2.5
      vertex -80.9017 -58.7785 2.5
    endloop
  endfacet
  facet normal -0 0 1
    outer loop
      vertex -85.4365 -50.0196 2.5
      vertex -84.4328 -53.5827 2.5
      vertex -81.9724 -48.0196 2.5
    endloop
  endfacet
  facet normal 0 0 1
    outer loop
      vertex -87.6307 -48.1754 2.5
      vertex -85.4365 -50.0196 2.5
      vertex -86.0365 -48.9804 2.5
    endloop
  endfacet
  facet normal 0 0 1
    outer loop
      vertex -85.4365 -50.0196 2.5
      vertex -87.6307 -48.1754 2.5
      vertex -84.4328 -53.5827 2.5
    endloop
  endfacet
  facet normal 0 0 1
    outer loop
      vertex -83.8569 -7.15456 2.5
      vertex -99.2115 -12.5333 2.5
      vertex -83.1442 -8.92648 2.5
    endloop
  endfacet
  facet normal 0 0 1
    outer loop
      vertex -84.7406 13.0893 2.5
      vertex -99.2115 12.5333 2.5
      vertex -85.1557 11.3893 2.5
    endloop
  endfacet
  facet normal -0 -0 1
    outer loop
      vertex -90.4827 -42.5779 2.5
      vertex -82.5724 -46.9804 2.5
      vertex -92.9776 -36.8125 2.5
    endloop
  endfacet
  facet normal 0 0 1
    outer loop
      vertex -85.1557 11.3893 2.5
      vertex -99.2115 12.5333 2.5
      vertex -85.4819 9.66383 2.5
    endloop
  endfacet
  facet normal 0 0 1
    outer loop
      vertex -82.5724 -46.9804 2.5
      vertex -87.6307 -48.1754 2.5
      vertex -86.0365 -48.9804 2.5
    endloop
  endfacet
  facet normal 0 -0 1
    outer loop
      vertex -87.6307 -48.1754 2.5
      vertex -82.5724 -46.9804 2.5
      vertex -90.4827 -42.5779 2.5
    endloop
  endfacet
  facet normal 0 0 1
    outer loop
      vertex -85.4819 9.66383 2.5
      vertex -99.2115 12.5333 2.5
      vertex -85.7172 7.91624 2.5
    endloop
  endfacet
  facet normal 0 0 1
    outer loop
      vertex -99.8027 6.27905 2.5
      vertex -85.7172 7.91624 2.5
      vertex -99.2115 12.5333 2.5
    endloop
  endfacet
  facet normal -0 0 1
    outer loop
      vertex -99.8027 6.27905 2.5
      vertex -85.8598 6.14973 2.5
      vertex -85.7172 7.91624 2.5
    endloop
  endfacet
  facet normal 0 0 1
    outer loop
      vertex -85.8598 6.14973 2.5
      vertex -95 0.599999 2.5
      vertex -85.9077 4.36758 2.5
    endloop
  endfacet
  facet normal 0 0 1
    outer loop
      vertex -95 0.599999 2.5
      vertex -99.8027 6.27905 2.5
      vertex -99 0.599999 2.5
    endloop
  endfacet
  facet normal 0 0 1
    outer loop
      vertex -85.8598 6.14973 2.5
      vertex -99.8027 6.27905 2.5
      vertex -95 0.599999 2.5
    endloop
  endfacet
  facet normal -0 0 1
    outer loop
      vertex 83.7579 -7.43723 2.5
      vertex 99.2115 -12.5333 2.5
      vertex 84.3996 -5.57413 2.5
    endloop
  endfacet
  facet normal -0 0 1
    outer loop
      vertex 83.0112 -9.2489 2.5
      vertex 99.2115 -12.5333 2.5
      vertex 83.7579 -7.43723 2.5
    endloop
  endfacet
  facet normal -0 0 1
    outer loop
      vertex 82.1635 -11.0055 2.5
      vertex 99.2115 -12.5333 2.5
      vertex 83.0112 -9.2489 2.5
    endloop
  endfacet
  facet normal 0 0 1
    outer loop
      vertex 99.2115 -12.5333 2.5
      vertex 82.1635 -11.0055 2.5
      vertex 98.2287 -18.7381 2.5
    endloop
  endfacet
  facet normal -0 0 1
    outer loop
      vertex 81.2181 -12.7033 2.5
      vertex 98.2287 -18.7381 2.5
      vertex 82.1635 -11.0055 2.5
    endloop
  endfacet
  facet normal -0 0 1
    outer loop
      vertex 80.1788 -14.3387 2.5
      vertex 98.2287 -18.7381 2.5
      vertex 81.2181 -12.7033 2.5
    endloop
  endfacet
  facet normal 0 0 1
    outer loop
      vertex 98.2287 -18.7381 2.5
      vertex 80.1788 -14.3387 2.5
      vertex 96.8583 -24.869 2.5
    endloop
  endfacet
  facet normal -0 0 1
    outer loop
      vertex 79.0493 -15.908 2.5
      vertex 96.8583 -24.869 2.5
      vertex 80.1788 -14.3387 2.5
    endloop
  endfacet
  facet normal -0 0 1
    outer loop
      vertex 77.8332 -17.4076 2.5
      vertex 96.8583 -24.869 2.5
      vertex 79.0493 -15.908 2.5
    endloop
  endfacet
  facet normal 0 0 1
    outer loop
      vertex 96.8583 -24.869 2.5
      vertex 77.8332 -17.4076 2.5
      vertex 95.1057 -30.9017 2.5
    endloop
  endfacet
  facet normal -0 0 1
    outer loop
      vertex 76.5341 -18.8339 2.5
      vertex 95.1057 -30.9017 2.5
      vertex 77.8332 -17.4076 2.5
    endloop
  endfacet
  facet normal -0 0 1
    outer loop
      vertex 99 0.599999 2.5
      vertex 100 0 2.5
      vertex 99.8027 6.27905 2.5
    endloop
  endfacet
  facet normal 0 0 1
    outer loop
      vertex 85.9077 4.38681 2.5
      vertex 99.8027 6.27905 2.5
      vertex 99.2115 12.5333 2.5
    endloop
  endfacet
  facet normal 0 0 1
    outer loop
      vertex 99 -0.599999 2.5
      vertex 100 0 2.5
      vertex 99 0.599999 2.5
    endloop
  endfacet
  facet normal 0 0 1
    outer loop
      vertex 100 0 2.5
      vertex 99 -0.599999 2.5
      vertex 99.8027 -6.27905 2.5
    endloop
  endfacet
  facet normal 0 0 1
    outer loop
      vertex 85.9077 4.38681 2.5
      vertex 99.2115 12.5333 2.5
      vertex 98.2287 18.7381 2.5
    endloop
  endfacet
  facet normal 0 0 1
    outer loop
      vertex 85.9077 4.38681 2.5
      vertex 98.2287 18.7381 2.5
      vertex 96.8583 24.869 2.5
    endloop
  endfacet
  facet normal 0 0 1
    outer loop
      vertex 85.9077 4.38681 2.5
      vertex 96.8583 24.869 2.5
      vertex 95.1057 30.9017 2.5
    endloop
  endfacet
  facet normal 0 0 1
    outer loop
      vertex 99.8027 6.27905 2.5
      vertex 95 0.599999 2.5
      vertex 99 0.599999 2.5
    endloop
  endfacet
  facet normal 0 0 1
    outer loop
      vertex 90.4827 42.5779 2.5
      vertex 85.9077 4.38681 2.5
      vertex 92.9776 36.8125 2.5
    endloop
  endfacet
  facet normal 0 0 1
    outer loop
      vertex 85.9077 4.38681 2.5
      vertex 95.1057 30.9017 2.5
      vertex 92.9776 36.8125 2.5
    endloop
  endfacet
  facet normal -0 0 1
    outer loop
      vertex 95 -0.599999 2.5
      vertex 99.8027 -6.27905 2.5
      vertex 99 -0.599999 2.5
    endloop
  endfacet
  facet normal 0 0 1
    outer loop
      vertex 84.3996 -5.57413 2.5
      vertex 95 -0.599999 2.5
      vertex 84.9328 -3.66304 2.5
    endloop
  endfacet
  facet normal 0 0 1
    outer loop
      vertex 85.6592 0.287994 2.5
      vertex 95 0.599999 2.5
      vertex 85.845 2.32077 2.5
    endloop
  endfacet
  facet normal 0 0 1
    outer loop
      vertex 95 0.599999 2.5
      vertex 85.6592 0.287994 2.5
      vertex 95 -0.599999 2.5
    endloop
  endfacet
  facet normal 0 0 1
    outer loop
      vertex 85.3539 -1.70778 2.5
      vertex 95 -0.599999 2.5
      vertex 85.6592 0.287994 2.5
    endloop
  endfacet
  facet normal 0 0 1
    outer loop
      vertex 99.8027 6.27905 2.5
      vertex 85.9077 4.38681 2.5
      vertex 95 0.599999 2.5
    endloop
  endfacet
  facet normal -0 0 1
    outer loop
      vertex 85.845 2.32077 2.5
      vertex 95 0.599999 2.5
      vertex 85.9077 4.38681 2.5
    endloop
  endfacet
  facet normal 0 0 1
    outer loop
      vertex 87.6307 48.1754 2.5
      vertex 82.5724 46.9804 2.5
      vertex 90.4827 42.5779 2.5
    endloop
  endfacet
  facet normal 0 0 1
    outer loop
      vertex 84.9328 -3.66304 2.5
      vertex 95 -0.599999 2.5
      vertex 85.3539 -1.70778 2.5
    endloop
  endfacet
  facet normal 0 0 1
    outer loop
      vertex 82.5724 46.9804 2.5
      vertex 87.6307 48.1754 2.5
      vertex 86.0365 48.9804 2.5
    endloop
  endfacet
  facet normal 0 0 1
    outer loop
      vertex 95 -0.599999 2.5
      vertex 84.3996 -5.57413 2.5
      vertex 99.8027 -6.27905 2.5
    endloop
  endfacet
  facet normal 0 0 1
    outer loop
      vertex 92.9776 -36.8125 2.5
      vertex 86.0365 -48.9804 2.5
      vertex 90.4827 -42.5779 2.5
    endloop
  endfacet
  facet normal 0 0 1
    outer loop
      vertex 87.6307 48.1754 2.5
      vertex 85.4365 50.0196 2.5
      vertex 86.0365 48.9804 2.5
    endloop
  endfacet
  facet normal 0 0 1
    outer loop
      vertex 84.4328 53.5827 2.5
      vertex 85.4365 50.0196 2.5
      vertex 87.6307 48.1754 2.5
    endloop
  endfacet
  facet normal 0 0 1
    outer loop
      vertex 84.4328 53.5827 2.5
      vertex 81.9724 48.0196 2.5
      vertex 85.4365 50.0196 2.5
    endloop
  endfacet
  facet normal 0 -0 1
    outer loop
      vertex 81.9724 48.0196 2.5
      vertex 84.4328 53.5827 2.5
      vertex 80.9017 58.7785 2.5
    endloop
  endfacet
  facet normal -0 0 1
    outer loop
      vertex 57.5712 -28.6643 2.5
      vertex 57.5983 -30.6667 2.5
      vertex 57.8342 -28.6221 2.5
    endloop
  endfacet
  facet normal -0 0 1
    outer loop
      vertex 57.3074 -28.7045 2.5
      vertex 57.5983 -30.6667 2.5
      vertex 57.5712 -28.6643 2.5
    endloop
  endfacet
  facet normal -0 0 1
    outer loop
      vertex 57.0431 -28.7425 2.5
      vertex 57.5983 -30.6667 2.5
      vertex 57.3074 -28.7045 2.5
    endloop
  endfacet
  facet normal -0 0 1
    outer loop
      vertex 56.778 -28.7783 2.5
      vertex 57.5983 -30.6667 2.5
      vertex 57.0431 -28.7425 2.5
    endloop
  endfacet
  facet normal -0 0 1
    outer loop
      vertex 56.5124 -28.812 2.5
      vertex 57.5983 -30.6667 2.5
      vertex 56.778 -28.7783 2.5
    endloop
  endfacet
  facet normal -0 0 1
    outer loop
      vertex 56.246 -28.8436 2.5
      vertex 57.5983 -30.6667 2.5
      vertex 56.5124 -28.812 2.5
    endloop
  endfacet
  facet normal -0 0 1
    outer loop
      vertex 55.979 -28.8731 2.5
      vertex 57.5983 -30.6667 2.5
      vertex 56.246 -28.8436 2.5
    endloop
  endfacet
  facet normal -0 0 1
    outer loop
      vertex 55.7114 -28.9003 2.5
      vertex 57.5983 -30.6667 2.5
      vertex 55.979 -28.8731 2.5
    endloop
  endfacet
  facet normal -0 0 1
    outer loop
      vertex 55.4431 -28.9255 2.5
      vertex 57.5983 -30.6667 2.5
      vertex 55.7114 -28.9003 2.5
    endloop
  endfacet
  facet normal -0 0 1
    outer loop
      vertex 55.1743 -28.9485 2.5
      vertex 57.5983 -30.6667 2.5
      vertex 55.4431 -28.9255 2.5
    endloop
  endfacet
  facet normal 0 0 1
    outer loop
      vertex 57.5983 -30.6667 2.5
      vertex 55.1743 -28.9485 2.5
      vertex 57.2934 -32.707 2.5
    endloop
  endfacet
  facet normal -0 0 1
    outer loop
      vertex 54.9047 -28.9693 2.5
      vertex 57.2934 -32.707 2.5
      vertex 55.1743 -28.9485 2.5
    endloop
  endfacet
  facet normal -0 0 1
    outer loop
      vertex 54.6346 -28.9879 2.5
      vertex 57.2934 -32.707 2.5
      vertex 54.9047 -28.9693 2.5
    endloop
  endfacet
  facet normal -0 0 1
    outer loop
      vertex 54.3639 -29.0044 2.5
      vertex 57.2934 -32.707 2.5
      vertex 54.6346 -28.9879 2.5
    endloop
  endfacet
  facet normal -0 0 1
    outer loop
      vertex 54.0925 -29.0186 2.5
      vertex 57.2934 -32.707 2.5
      vertex 54.3639 -29.0044 2.5
    endloop
  endfacet
  facet normal -0 0 1
    outer loop
      vertex 53.8205 -29.0308 2.5
      vertex 57.2934 -32.707 2.5
      vertex 54.0925 -29.0186 2.5
    endloop
  endfacet
  facet normal -0 0 1
    outer loop
      vertex 53.548 -29.0407 2.5
      vertex 57.2934 -32.707 2.5
      vertex 53.8205 -29.0308 2.5
    endloop
  endfacet
  facet normal -0 0 1
    outer loop
      vertex 53.2748 -29.0484 2.5
      vertex 57.2934 -32.707 2.5
      vertex 53.548 -29.0407 2.5
    endloop
  endfacet
  facet normal 0 0 1
    outer loop
      vertex 57.2934 -32.707 2.5
      vertex 53.2748 -29.0484 2.5
      vertex 56.92 -34.7401 2.5
    endloop
  endfacet
  facet normal -0 0 1
    outer loop
      vertex 53.001 -29.0539 2.5
      vertex 56.92 -34.7401 2.5
      vertex 53.2748 -29.0484 2.5
    endloop
  endfacet
  facet normal -0 0 1
    outer loop
      vertex 52.7267 -29.0573 2.5
      vertex 56.92 -34.7401 2.5
      vertex 53.001 -29.0539 2.5
    endloop
  endfacet
  facet normal -0 0 1
    outer loop
      vertex 52.4517 -29.0583 2.5
      vertex 56.92 -34.7401 2.5
      vertex 52.7267 -29.0573 2.5
    endloop
  endfacet
  facet normal 0 0 1
    outer loop
      vertex 52.1999 -29.0574 2.5
      vertex 56.92 -34.7401 2.5
      vertex 52.4517 -29.0583 2.5
    endloop
  endfacet
  facet normal -0 0 1
    outer loop
      vertex 45.3828 -38.5514 2.5
      vertex 55.3949 -40.7685 2.5
      vertex 45.8687 -36.9293 2.5
    endloop
  endfacet
  facet normal 0 0 1
    outer loop
      vertex 51.9485 -29.0545 2.5
      vertex 56.92 -34.7401 2.5
      vertex 52.1999 -29.0574 2.5
    endloop
  endfacet
  facet normal 0 0 1
    outer loop
      vertex 55.9702 -38.7737 2.5
      vertex 45.8687 -36.9293 2.5
      vertex 55.3949 -40.7685 2.5
    endloop
  endfacet
  facet normal 0 0 1
    outer loop
      vertex 56.4787 -36.7632 2.5
      vertex 46.3028 -35.2956 2.5
      vertex 55.9702 -38.7737 2.5
    endloop
  endfacet
  facet normal -0 0 1
    outer loop
      vertex 46.6846 -33.6526 2.5
      vertex 56.92 -34.7401 2.5
      vertex 51.9485 -29.0545 2.5
    endloop
  endfacet
  facet normal 0 0 1
    outer loop
      vertex 55.3949 -40.7685 2.5
      vertex 45.3828 -38.5514 2.5
      vertex 54.7536 -42.745 2.5
    endloop
  endfacet
  facet normal -0 0 1
    outer loop
      vertex 46.3028 -35.2956 2.5
      vertex 56.4787 -36.7632 2.5
      vertex 46.6846 -33.6526 2.5
    endloop
  endfacet
  facet normal 0 0 1
    outer loop
      vertex 56.92 -34.7401 2.5
      vertex 46.6846 -33.6526 2.5
      vertex 56.4787 -36.7632 2.5
    endloop
  endfacet
  facet normal 0 0 1
    outer loop
      vertex 46.6846 -33.6526 2.5
      vertex 51.9485 -29.0545 2.5
      vertex 51.6975 -29.0498 2.5
    endloop
  endfacet
  facet normal -0 0 1
    outer loop
      vertex 44.8457 -40.1594 2.5
      vertex 54.7536 -42.745 2.5
      vertex 45.3828 -38.5514 2.5
    endloop
  endfacet
  facet normal 0 0 1
    outer loop
      vertex 46.6846 -33.6526 2.5
      vertex 51.6975 -29.0498 2.5
      vertex 51.4471 -29.0431 2.5
    endloop
  endfacet
  facet normal 0 0 1
    outer loop
      vertex 47.0137 -32.0028 2.5
      vertex 51.4471 -29.0431 2.5
      vertex 51.1972 -29.0346 2.5
    endloop
  endfacet
  facet normal 0 0 1
    outer loop
      vertex 47.0137 -32.0028 2.5
      vertex 51.1972 -29.0346 2.5
      vertex 50.9478 -29.0242 2.5
    endloop
  endfacet
  facet normal 0 0 1
    outer loop
      vertex 47.0137 -32.0028 2.5
      vertex 50.9478 -29.0242 2.5
      vertex 50.6989 -29.012 2.5
    endloop
  endfacet
  facet normal -0 0 1
    outer loop
      vertex 44.2576 -41.7507 2.5
      vertex 54.0467 -44.7003 2.5
      vertex 44.8457 -40.1594 2.5
    endloop
  endfacet
  facet normal 0 0 1
    outer loop
      vertex 47.0137 -32.0028 2.5
      vertex 50.6989 -29.012 2.5
      vertex 50.4506 -28.998 2.5
    endloop
  endfacet
  facet normal 0 0 1
    outer loop
      vertex 47.0137 -32.0028 2.5
      vertex 50.4506 -28.998 2.5
      vertex 50.2027 -28.9822 2.5
    endloop
  endfacet
  facet normal 0 0 1
    outer loop
      vertex 47.0137 -32.0028 2.5
      vertex 50.2027 -28.9822 2.5
      vertex 49.9554 -28.9646 2.5
    endloop
  endfacet
  facet normal 0 0 1
    outer loop
      vertex 47.0137 -32.0028 2.5
      vertex 49.9554 -28.9646 2.5
      vertex 49.7086 -28.9451 2.5
    endloop
  endfacet
  facet normal 0 0 1
    outer loop
      vertex 54.7536 -42.745 2.5
      vertex 44.8457 -40.1594 2.5
      vertex 54.0467 -44.7003 2.5
    endloop
  endfacet
  facet normal 0 0 1
    outer loop
      vertex 47.2897 -30.3487 2.5
      vertex 49.7086 -28.9451 2.5
      vertex 49.4623 -28.924 2.5
    endloop
  endfacet
  facet normal 0 0 1
    outer loop
      vertex 47.2897 -30.3487 2.5
      vertex 49.4623 -28.924 2.5
      vertex 49.2165 -28.901 2.5
    endloop
  endfacet
  facet normal 0 0 1
    outer loop
      vertex 47.2897 -30.3487 2.5
      vertex 49.2165 -28.901 2.5
      vertex 48.9714 -28.8764 2.5
    endloop
  endfacet
  facet normal 0 0 1
    outer loop
      vertex 47.2897 -30.3487 2.5
      vertex 48.9714 -28.8764 2.5
      vertex 48.7267 -28.85 2.5
    endloop
  endfacet
  facet normal 0 0 1
    outer loop
      vertex 47.2897 -30.3487 2.5
      vertex 48.7267 -28.85 2.5
      vertex 48.4827 -28.8219 2.5
    endloop
  endfacet
  facet normal 0 0 1
    outer loop
      vertex 54.0467 -44.7003 2.5
      vertex 44.2576 -41.7507 2.5
      vertex 53.2749 -46.6316 2.5
    endloop
  endfacet
  facet normal 0 0 1
    outer loop
      vertex 47.2897 -30.3487 2.5
      vertex 48.4827 -28.8219 2.5
      vertex 48.2391 -28.7921 2.5
    endloop
  endfacet
  facet normal 0 0 1
    outer loop
      vertex 47.2897 -30.3487 2.5
      vertex 48.2391 -28.7921 2.5
      vertex 47.9961 -28.7606 2.5
    endloop
  endfacet
  facet normal 0 0 1
    outer loop
      vertex 47.2897 -30.3487 2.5
      vertex 47.9961 -28.7606 2.5
      vertex 47.7538 -28.7274 2.5
    endloop
  endfacet
  facet normal 0 0 1
    outer loop
      vertex 47.2897 -30.3487 2.5
      vertex 47.7538 -28.7274 2.5
      vertex 47.5119 -28.6927 2.5
    endloop
  endfacet
  facet normal 0 0 1
    outer loop
      vertex 49.7086 -28.9451 2.5
      vertex 47.2897 -30.3487 2.5
      vertex 47.0137 -32.0028 2.5
    endloop
  endfacet
  facet normal 0 0 1
    outer loop
      vertex 51.4471 -29.0431 2.5
      vertex 47.0137 -32.0028 2.5
      vertex 46.6846 -33.6526 2.5
    endloop
  endfacet
  facet normal -0 0 1
    outer loop
      vertex 45.8687 -36.9293 2.5
      vertex 55.9702 -38.7737 2.5
      vertex 46.3028 -35.2956 2.5
    endloop
  endfacet
  facet normal -0 0 1
    outer loop
      vertex 43.6191 -43.323 2.5
      vertex 53.2749 -46.6316 2.5
      vertex 44.2576 -41.7507 2.5
    endloop
  endfacet
  facet normal 0 0 1
    outer loop
      vertex 53.2749 -46.6316 2.5
      vertex 43.6191 -43.323 2.5
      vertex 52.4389 -48.5361 2.5
    endloop
  endfacet
  facet normal -0 0 1
    outer loop
      vertex 42.9306 -44.8737 2.5
      vertex 52.4389 -48.5361 2.5
      vertex 43.6191 -43.323 2.5
    endloop
  endfacet
  facet normal 0 0 1
    outer loop
      vertex 52.4389 -48.5361 2.5
      vertex 42.9306 -44.8737 2.5
      vertex 51.5392 -50.411 2.5
    endloop
  endfacet
  facet normal -0 0 1
    outer loop
      vertex 42.1926 -46.4005 2.5
      vertex 51.5392 -50.411 2.5
      vertex 42.9306 -44.8737 2.5
    endloop
  endfacet
  facet normal 0 0 1
    outer loop
      vertex 51.5392 -50.411 2.5
      vertex 42.1926 -46.4005 2.5
      vertex 50.5763 -52.2536 2.5
    endloop
  endfacet
  facet normal -0 0 1
    outer loop
      vertex 41.4056 -47.9009 2.5
      vertex 50.5763 -52.2536 2.5
      vertex 42.1926 -46.4005 2.5
    endloop
  endfacet
  facet normal 0 0 1
    outer loop
      vertex 50.5763 -52.2536 2.5
      vertex 41.4056 -47.9009 2.5
      vertex 49.5509 -54.0609 2.5
    endloop
  endfacet
  facet normal -0 0 1
    outer loop
      vertex 40.5699 -49.3725 2.5
      vertex 49.5509 -54.0609 2.5
      vertex 41.4056 -47.9009 2.5
    endloop
  endfacet
  facet normal 0 0 1
    outer loop
      vertex 49.5509 -54.0609 2.5
      vertex 40.5699 -49.3725 2.5
      vertex 48.4637 -55.8302 2.5
    endloop
  endfacet
  facet normal -0 0 1
    outer loop
      vertex 39.6861 -50.8127 2.5
      vertex 48.4637 -55.8302 2.5
      vertex 40.5699 -49.3725 2.5
    endloop
  endfacet
  facet normal 0 0 1
    outer loop
      vertex 48.4637 -55.8302 2.5
      vertex 39.6861 -50.8127 2.5
      vertex 47.3151 -57.5588 2.5
    endloop
  endfacet
  facet normal -0 0 1
    outer loop
      vertex 38.7547 -52.2191 2.5
      vertex 47.3151 -57.5588 2.5
      vertex 39.6861 -50.8127 2.5
    endloop
  endfacet
  facet normal 0 0 1
    outer loop
      vertex 47.3151 -57.5588 2.5
      vertex 38.7547 -52.2191 2.5
      vertex 46.1057 -59.2437 2.5
    endloop
  endfacet
  facet normal -0 0 1
    outer loop
      vertex 37.776 -53.5893 2.5
      vertex 46.1057 -59.2437 2.5
      vertex 38.7547 -52.2191 2.5
    endloop
  endfacet
  facet normal 0 0 1
    outer loop
      vertex 46.1057 -59.2437 2.5
      vertex 37.776 -53.5893 2.5
      vertex 44.8363 -60.8822 2.5
    endloop
  endfacet
  facet normal -0 0 1
    outer loop
      vertex 36.7506 -54.9208 2.5
      vertex 44.8363 -60.8822 2.5
      vertex 37.776 -53.5893 2.5
    endloop
  endfacet
  facet normal 0 0 1
    outer loop
      vertex 44.8363 -60.8822 2.5
      vertex 36.7506 -54.9208 2.5
      vertex 43.5073 -62.4714 2.5
    endloop
  endfacet
  facet normal -0 0 1
    outer loop
      vertex 35.6788 -56.2112 2.5
      vertex 43.5073 -62.4714 2.5
      vertex 36.7506 -54.9208 2.5
    endloop
  endfacet
  facet normal 0 0 1
    outer loop
      vertex 43.5073 -62.4714 2.5
      vertex 35.6788 -56.2112 2.5
      vertex 42.1194 -64.0087 2.5
    endloop
  endfacet
  facet normal -0 0 1
    outer loop
      vertex 34.5612 -57.458 2.5
      vertex 42.1194 -64.0087 2.5
      vertex 35.6788 -56.2112 2.5
    endloop
  endfacet
  facet normal 0 0 1
    outer loop
      vertex 42.1194 -64.0087 2.5
      vertex 34.5612 -57.458 2.5
      vertex 40.6732 -65.491 2.5
    endloop
  endfacet
  facet normal -0 0 1
    outer loop
      vertex 33.3982 -58.6587 2.5
      vertex 40.6732 -65.491 2.5
      vertex 34.5612 -57.458 2.5
    endloop
  endfacet
  facet normal 0 0 1
    outer loop
      vertex 40.6732 -65.491 2.5
      vertex 33.3982 -58.6587 2.5
      vertex 38.9925 -67.0854 2.5
    endloop
  endfacet
  facet normal -0 0 1
    outer loop
      vertex 32.0139 -59.9812 2.5
      vertex 38.9925 -67.0854 2.5
      vertex 33.3982 -58.6587 2.5
    endloop
  endfacet
  facet normal 0 0 1
    outer loop
      vertex 38.9925 -67.0854 2.5
      vertex 32.0139 -59.9812 2.5
      vertex 37.2603 -68.6055 2.5
    endloop
  endfacet
  facet normal -0 0 1
    outer loop
      vertex 30.5874 -61.2423 2.5
      vertex 37.2603 -68.6055 2.5
      vertex 32.0139 -59.9812 2.5
    endloop
  endfacet
  facet normal 0 0 1
    outer loop
      vertex 37.2603 -68.6055 2.5
      vertex 30.5874 -61.2423 2.5
      vertex 35.4784 -70.0507 2.5
    endloop
  endfacet
  facet normal -0 0 1
    outer loop
      vertex 29.1203 -62.4413 2.5
      vertex 35.4784 -70.0507 2.5
      vertex 30.5874 -61.2423 2.5
    endloop
  endfacet
  facet normal 0 0 1
    outer loop
      vertex 35.4784 -70.0507 2.5
      vertex 29.1203 -62.4413 2.5
      vertex 33.6491 -71.4201 2.5
    endloop
  endfacet
  facet normal -0 0 1
    outer loop
      vertex 27.6142 -63.5775 2.5
      vertex 33.6491 -71.4201 2.5
      vertex 29.1203 -62.4413 2.5
    endloop
  endfacet
  facet normal 0 0 1
    outer loop
      vertex 33.6491 -71.4201 2.5
      vertex 27.6142 -63.5775 2.5
      vertex 31.7742 -72.7128 2.5
    endloop
  endfacet
  facet normal -0 0 1
    outer loop
      vertex 26.0709 -64.6502 2.5
      vertex 31.7742 -72.7128 2.5
      vertex 27.6142 -63.5775 2.5
    endloop
  endfacet
  facet normal 0 0 1
    outer loop
      vertex 31.7742 -72.7128 2.5
      vertex 26.0709 -64.6502 2.5
      vertex 29.8558 -73.9282 2.5
    endloop
  endfacet
  facet normal -0 0 1
    outer loop
      vertex 24.4919 -65.6587 2.5
      vertex 29.8558 -73.9282 2.5
      vertex 26.0709 -64.6502 2.5
    endloop
  endfacet
  facet normal 0 0 1
    outer loop
      vertex 29.8558 -73.9282 2.5
      vertex 24.4919 -65.6587 2.5
      vertex 27.8959 -75.0652 2.5
    endloop
  endfacet
  facet normal -0 0 1
    outer loop
      vertex 22.8789 -66.6024 2.5
      vertex 27.8959 -75.0652 2.5
      vertex 24.4919 -65.6587 2.5
    endloop
  endfacet
  facet normal 0 0 1
    outer loop
      vertex 27.8959 -75.0652 2.5
      vertex 22.8789 -66.6024 2.5
      vertex 25.8965 -76.1231 2.5
    endloop
  endfacet
  facet normal -0 0 1
    outer loop
      vertex 21.2334 -67.4805 2.5
      vertex 25.8965 -76.1231 2.5
      vertex 22.8789 -66.6024 2.5
    endloop
  endfacet
  facet normal 0 0 1
    outer loop
      vertex 25.8965 -76.1231 2.5
      vertex 21.2334 -67.4805 2.5
      vertex 23.8596 -77.1012 2.5
    endloop
  endfacet
  facet normal -0 0 1
    outer loop
      vertex 19.5574 -68.2923 2.5
      vertex 23.8596 -77.1012 2.5
      vertex 21.2334 -67.4805 2.5
    endloop
  endfacet
  facet normal 0 0 1
    outer loop
      vertex 23.8596 -77.1012 2.5
      vertex 19.5574 -68.2923 2.5
      vertex 21.7873 -77.9985 2.5
    endloop
  endfacet
  facet normal -0 0 1
    outer loop
      vertex 17.8522 -69.0371 2.5
      vertex 21.7873 -77.9985 2.5
      vertex 19.5574 -68.2923 2.5
    endloop
  endfacet
  facet normal 0 0 1
    outer loop
      vertex 21.7873 -77.9985 2.5
      vertex 17.8522 -69.0371 2.5
      vertex 19.6815 -78.8143 2.5
    endloop
  endfacet
  facet normal -0 0 1
    outer loop
      vertex 16.1196 -69.7143 2.5
      vertex 19.6815 -78.8143 2.5
      vertex 17.8522 -69.0371 2.5
    endloop
  endfacet
  facet normal 0 0 1
    outer loop
      vertex 19.6815 -78.8143 2.5
      vertex 16.1196 -69.7143 2.5
      vertex 17.5443 -79.5477 2.5
    endloop
  endfacet
  facet normal -0 0 1
    outer loop
      vertex 14.3613 -70.3232 2.5
      vertex 17.5443 -79.5477 2.5
      vertex 16.1196 -69.7143 2.5
    endloop
  endfacet
  facet normal 0 0 1
    outer loop
      vertex 17.5443 -79.5477 2.5
      vertex 14.3613 -70.3232 2.5
      vertex 15.3777 -80.1979 2.5
    endloop
  endfacet
  facet normal -0 0 1
    outer loop
      vertex 12.5787 -70.863 2.5
      vertex 15.3777 -80.1979 2.5
      vertex 14.3613 -70.3232 2.5
    endloop
  endfacet
  facet normal 0 0 1
    outer loop
      vertex 15.3777 -80.1979 2.5
      vertex 12.5787 -70.863 2.5
      vertex 13.1836 -80.7641 2.5
    endloop
  endfacet
  facet normal -0 0 1
    outer loop
      vertex 10.7738 -71.3331 2.5
      vertex 13.1836 -80.7641 2.5
      vertex 12.5787 -70.863 2.5
    endloop
  endfacet
  facet normal 0 0 1
    outer loop
      vertex 13.1836 -80.7641 2.5
      vertex 10.7738 -71.3331 2.5
      vertex 10.9643 -81.2454 2.5
    endloop
  endfacet
  facet normal -0 0 1
    outer loop
      vertex 8.94791 -71.7327 2.5
      vertex 10.9643 -81.2454 2.5
      vertex 10.7738 -71.3331 2.5
    endloop
  endfacet
  facet normal 0 0 1
    outer loop
      vertex 8.94791 -71.7327 2.5
      vertex 8.72154 -81.6411 2.5
      vertex 10.9643 -81.2454 2.5
    endloop
  endfacet
  facet normal -0 0 1
    outer loop
      vertex 7.10289 -72.0613 2.5
      vertex 8.72154 -81.6411 2.5
      vertex 8.94791 -71.7327 2.5
    endloop
  endfacet
  facet normal 0 0 1
    outer loop
      vertex 7.10289 -72.0613 2.5
      vertex 6.45744 -81.9502 2.5
      vertex 8.72154 -81.6411 2.5
    endloop
  endfacet
  facet normal -0 0 1
    outer loop
      vertex 5.24033 -72.3181 2.5
      vertex 6.45744 -81.9502 2.5
      vertex 7.10289 -72.0613 2.5
    endloop
  endfacet
  facet normal 0 0 1
    outer loop
      vertex 5.24033 -72.3181 2.5
      vertex 4.17404 -82.1721 2.5
      vertex 6.45744 -81.9502 2.5
    endloop
  endfacet
  facet normal -0 0 1
    outer loop
      vertex 3.36182 -72.5023 2.5
      vertex 4.17404 -82.1721 2.5
      vertex 5.24033 -72.3181 2.5
    endloop
  endfacet
  facet normal 0 0 1
    outer loop
      vertex 3.36182 -72.5023 2.5
      vertex 1.87332 -82.3058 2.5
      vertex 4.17404 -82.1721 2.5
    endloop
  endfacet
  facet normal -0 0 1
    outer loop
      vertex 1.46904 -72.6134 2.5
      vertex 1.87332 -82.3058 2.5
      vertex 3.36182 -72.5023 2.5
    endloop
  endfacet
  facet normal -0 0 1
    outer loop
      vertex -0.436249 -72.6505 2.5
      vertex 1.87332 -82.3058 2.5
      vertex 1.46904 -72.6134 2.5
    endloop
  endfacet
  facet normal 0 0 1
    outer loop
      vertex -0.436249 -72.6505 2.5
      vertex -0.442657 -82.3506 2.5
      vertex 1.87332 -82.3058 2.5
    endloop
  endfacet
  facet normal 0 0 1
    outer loop
      vertex -2.34161 -72.6135 2.5
      vertex -0.442657 -82.3506 2.5
      vertex -0.436249 -72.6505 2.5
    endloop
  endfacet
  facet normal 0 0 1
    outer loop
      vertex -2.34161 -72.6135 2.5
      vertex -2.75864 -82.3058 2.5
      vertex -0.442657 -82.3506 2.5
    endloop
  endfacet
  facet normal 0 0 1
    outer loop
      vertex -4.23454 -72.5025 2.5
      vertex -2.75864 -82.3058 2.5
      vertex -2.34161 -72.6135 2.5
    endloop
  endfacet
  facet normal 0 0 1
    outer loop
      vertex -4.23454 -72.5025 2.5
      vertex -5.05936 -82.1721 2.5
      vertex -2.75864 -82.3058 2.5
    endloop
  endfacet
  facet normal 0 0 1
    outer loop
      vertex -6.1132 -72.3184 2.5
      vertex -5.05936 -82.1721 2.5
      vertex -4.23454 -72.5025 2.5
    endloop
  endfacet
  facet normal 0 0 1
    outer loop
      vertex -6.1132 -72.3184 2.5
      vertex -7.34276 -81.9502 2.5
      vertex -5.05936 -82.1721 2.5
    endloop
  endfacet
  facet normal 0 0 1
    outer loop
      vertex -7.97607 -72.0619 2.5
      vertex -7.34276 -81.9502 2.5
      vertex -6.1132 -72.3184 2.5
    endloop
  endfacet
  facet normal 0 0 1
    outer loop
      vertex -7.97607 -72.0619 2.5
      vertex -9.60686 -81.6411 2.5
      vertex -7.34276 -81.9502 2.5
    endloop
  endfacet
  facet normal 0 0 1
    outer loop
      vertex -9.82147 -71.7336 2.5
      vertex -9.60686 -81.6411 2.5
      vertex -7.97607 -72.0619 2.5
    endloop
  endfacet
  facet normal 0 0 1
    outer loop
      vertex -11.8496 -81.2454 2.5
      vertex -9.82147 -71.7336 2.5
      vertex -11.6476 -71.3343 2.5
    endloop
  endfacet
  facet normal 0 0 1
    outer loop
      vertex -9.82147 -71.7336 2.5
      vertex -11.8496 -81.2454 2.5
      vertex -9.60686 -81.6411 2.5
    endloop
  endfacet
  facet normal 0 0 1
    outer loop
      vertex -14.069 -80.7641 2.5
      vertex -11.6476 -71.3343 2.5
      vertex -13.4531 -70.8645 2.5
    endloop
  endfacet
  facet normal 0 0 1
    outer loop
      vertex -11.6476 -71.3343 2.5
      vertex -14.069 -80.7641 2.5
      vertex -11.8496 -81.2454 2.5
    endloop
  endfacet
  facet normal 0 0 1
    outer loop
      vertex -16.263 -80.1979 2.5
      vertex -13.4531 -70.8645 2.5
      vertex -15.2361 -70.325 2.5
    endloop
  endfacet
  facet normal 0 0 1
    outer loop
      vertex -13.4531 -70.8645 2.5
      vertex -16.263 -80.1979 2.5
      vertex -14.069 -80.7641 2.5
    endloop
  endfacet
  facet normal 0 0 1
    outer loop
      vertex -18.4296 -79.5477 2.5
      vertex -15.2361 -70.325 2.5
      vertex -16.9949 -69.7164 2.5
    endloop
  endfacet
  facet normal 0 0 1
    outer loop
      vertex -15.2361 -70.325 2.5
      vertex -18.4296 -79.5477 2.5
      vertex -16.263 -80.1979 2.5
    endloop
  endfacet
  facet normal 0 0 1
    outer loop
      vertex -20.5668 -78.8143 2.5
      vertex -16.9949 -69.7164 2.5
      vertex -18.728 -69.0396 2.5
    endloop
  endfacet
  facet normal 0 0 1
    outer loop
      vertex -22.6726 -77.9985 2.5
      vertex -18.728 -69.0396 2.5
      vertex -20.4336 -68.2949 2.5
    endloop
  endfacet
  facet normal 0 0 1
    outer loop
      vertex -16.9949 -69.7164 2.5
      vertex -20.5668 -78.8143 2.5
      vertex -18.4296 -79.5477 2.5
    endloop
  endfacet
  facet normal 0 0 1
    outer loop
      vertex -24.7449 -77.1012 2.5
      vertex -20.4336 -68.2949 2.5
      vertex -22.1101 -67.4832 2.5
    endloop
  endfacet
  facet normal 0 0 1
    outer loop
      vertex -18.728 -69.0396 2.5
      vertex -22.6726 -77.9985 2.5
      vertex -20.5668 -78.8143 2.5
    endloop
  endfacet
  facet normal 0 0 1
    outer loop
      vertex -26.7818 -76.1231 2.5
      vertex -22.1101 -67.4832 2.5
      vertex -23.756 -66.6052 2.5
    endloop
  endfacet
  facet normal 0 0 1
    outer loop
      vertex -20.4336 -68.2949 2.5
      vertex -24.7449 -77.1012 2.5
      vertex -22.6726 -77.9985 2.5
    endloop
  endfacet
  facet normal 0 0 1
    outer loop
      vertex -28.7812 -75.0652 2.5
      vertex -23.756 -66.6052 2.5
      vertex -25.3694 -65.6616 2.5
    endloop
  endfacet
  facet normal 0 0 1
    outer loop
      vertex -22.1101 -67.4832 2.5
      vertex -26.7818 -76.1231 2.5
      vertex -24.7449 -77.1012 2.5
    endloop
  endfacet
  facet normal 0 0 1
    outer loop
      vertex -30.7411 -73.9282 2.5
      vertex -25.3694 -65.6616 2.5
      vertex -26.9488 -64.653 2.5
    endloop
  endfacet
  facet normal 0 0 1
    outer loop
      vertex -32.6595 -72.7128 2.5
      vertex -26.9488 -64.653 2.5
      vertex -28.4925 -63.58 2.5
    endloop
  endfacet
  facet normal 0 0 1
    outer loop
      vertex -23.756 -66.6052 2.5
      vertex -28.7812 -75.0652 2.5
      vertex -26.7818 -76.1231 2.5
    endloop
  endfacet
  facet normal 0 0 1
    outer loop
      vertex -34.5345 -71.4201 2.5
      vertex -28.4925 -63.58 2.5
      vertex -29.9989 -62.4434 2.5
    endloop
  endfacet
  facet normal 0 0 1
    outer loop
      vertex -25.3694 -65.6616 2.5
      vertex -30.7411 -73.9282 2.5
      vertex -28.7812 -75.0652 2.5
    endloop
  endfacet
  facet normal 0 0 1
    outer loop
      vertex -36.3638 -70.0507 2.5
      vertex -29.9989 -62.4434 2.5
      vertex -31.4661 -61.2439 2.5
    endloop
  endfacet
  facet normal 0 0 1
    outer loop
      vertex -26.9488 -64.653 2.5
      vertex -32.6595 -72.7128 2.5
      vertex -30.7411 -73.9282 2.5
    endloop
  endfacet
  facet normal 0 0 1
    outer loop
      vertex -38.1456 -68.6055 2.5
      vertex -31.4661 -61.2439 2.5
      vertex -32.8928 -59.9821 2.5
    endloop
  endfacet
  facet normal 0 0 1
    outer loop
      vertex -39.8779 -67.0854 2.5
      vertex -32.8928 -59.9821 2.5
      vertex -34.2771 -58.6587 2.5
    endloop
  endfacet
  facet normal 0 0 1
    outer loop
      vertex -28.4925 -63.58 2.5
      vertex -34.5345 -71.4201 2.5
      vertex -32.6595 -72.7128 2.5
    endloop
  endfacet
  facet normal 0 0 1
    outer loop
      vertex -41.5585 -65.491 2.5
      vertex -34.2771 -58.6587 2.5
      vertex -35.4605 -57.4397 2.5
    endloop
  endfacet
  facet normal 0 0 1
    outer loop
      vertex -29.9989 -62.4434 2.5
      vertex -36.3638 -70.0507 2.5
      vertex -34.5345 -71.4201 2.5
    endloop
  endfacet
  facet normal 0 0 1
    outer loop
      vertex -43.0353 -63.9805 2.5
      vertex -35.4605 -57.4397 2.5
      vertex -36.597 -56.1818 2.5
    endloop
  endfacet
  facet normal 0 0 1
    outer loop
      vertex -44.4511 -62.4217 2.5
      vertex -36.597 -56.1818 2.5
      vertex -37.6859 -54.8866 2.5
    endloop
  endfacet
  facet normal 0 0 1
    outer loop
      vertex -31.4661 -61.2439 2.5
      vertex -38.1456 -68.6055 2.5
      vertex -36.3638 -70.0507 2.5
    endloop
  endfacet
  facet normal 0 0 1
    outer loop
      vertex -45.8054 -60.8167 2.5
      vertex -37.6859 -54.8866 2.5
      vertex -38.727 -53.5559 2.5
    endloop
  endfacet
  facet normal 0 0 1
    outer loop
      vertex -47.0976 -59.1674 2.5
      vertex -38.727 -53.5559 2.5
      vertex -39.7195 -52.1912 2.5
    endloop
  endfacet
  facet normal 0 0 1
    outer loop
      vertex -32.8928 -59.9821 2.5
      vertex -39.8779 -67.0854 2.5
      vertex -38.1456 -68.6055 2.5
    endloop
  endfacet
  facet normal 0 0 1
    outer loop
      vertex -48.327 -57.476 2.5
      vertex -39.7195 -52.1912 2.5
      vertex -40.6632 -50.7941 2.5
    endloop
  endfacet
  facet normal 0 0 1
    outer loop
      vertex -49.493 -55.7443 2.5
      vertex -40.6632 -50.7941 2.5
      vertex -41.5574 -49.3662 2.5
    endloop
  endfacet
  facet normal 0 0 1
    outer loop
      vertex -34.2771 -58.6587 2.5
      vertex -41.5585 -65.491 2.5
      vertex -39.8779 -67.0854 2.5
    endloop
  endfacet
  facet normal 0 0 1
    outer loop
      vertex -50.5948 -53.9745 2.5
      vertex -41.5574 -49.3662 2.5
      vertex -42.4017 -47.9093 2.5
    endloop
  endfacet
  facet normal 0 0 1
    outer loop
      vertex -35.4605 -57.4397 2.5
      vertex -43.0353 -63.9805 2.5
      vertex -41.5585 -65.491 2.5
    endloop
  endfacet
  facet normal 0 0 1
    outer loop
      vertex -51.6319 -52.1685 2.5
      vertex -42.4017 -47.9093 2.5
      vertex -43.1956 -46.4249 2.5
    endloop
  endfacet
  facet normal 0 0 1
    outer loop
      vertex -52.6038 -50.3283 2.5
      vertex -43.1956 -46.4249 2.5
      vertex -43.9387 -44.9146 2.5
    endloop
  endfacet
  facet normal 0 0 1
    outer loop
      vertex -36.597 -56.1818 2.5
      vertex -44.4511 -62.4217 2.5
      vertex -43.0353 -63.9805 2.5
    endloop
  endfacet
  facet normal 0 0 1
    outer loop
      vertex -53.5095 -48.4559 2.5
      vertex -43.9387 -44.9146 2.5
      vertex -44.6303 -43.3802 2.5
    endloop
  endfacet
  facet normal 0 0 1
    outer loop
      vertex -54.3487 -46.5534 2.5
      vertex -44.6303 -43.3802 2.5
      vertex -45.27 -41.8232 2.5
    endloop
  endfacet
  facet normal 0 0 1
    outer loop
      vertex -37.6859 -54.8866 2.5
      vertex -45.8054 -60.8167 2.5
      vertex -44.4511 -62.4217 2.5
    endloop
  endfacet
  facet normal 0 0 1
    outer loop
      vertex -55.1205 -44.6227 2.5
      vertex -45.27 -41.8232 2.5
      vertex -45.8574 -40.2453 2.5
    endloop
  endfacet
  facet normal 0 0 1
    outer loop
      vertex -55.8244 -42.6658 2.5
      vertex -45.8574 -40.2453 2.5
      vertex -46.3919 -38.648 2.5
    endloop
  endfacet
  facet normal 0 0 1
    outer loop
      vertex -56.4598 -40.6848 2.5
      vertex -46.3919 -38.648 2.5
      vertex -46.873 -37.0331 2.5
    endloop
  endfacet
  facet normal 0 0 1
    outer loop
      vertex -38.727 -53.5559 2.5
      vertex -47.0976 -59.1674 2.5
      vertex -45.8054 -60.8167 2.5
    endloop
  endfacet
  facet normal 0 0 1
    outer loop
      vertex -57.026 -38.6817 2.5
      vertex -46.873 -37.0331 2.5
      vertex -47.3004 -35.4022 2.5
    endloop
  endfacet
  facet normal 0 0 1
    outer loop
      vertex -57.5224 -36.6583 2.5
      vertex -47.3004 -35.4022 2.5
      vertex -47.6733 -33.7567 2.5
    endloop
  endfacet
  facet normal 0 0 1
    outer loop
      vertex -52.5224 -29.0006 2.5
      vertex -47.6733 -33.7567 2.5
      vertex -47.9916 -32.0986 2.5
    endloop
  endfacet
  facet normal 0 0 1
    outer loop
      vertex -50.8823 -28.9606 2.5
      vertex -47.9916 -32.0986 2.5
      vertex -48.2544 -30.4292 2.5
    endloop
  endfacet
  facet normal 0 0 1
    outer loop
      vertex -39.7195 -52.1912 2.5
      vertex -48.327 -57.476 2.5
      vertex -47.0976 -59.1674 2.5
    endloop
  endfacet
  facet normal -0 0 1
    outer loop
      vertex -48.6609 -28.7748 2.5
      vertex -48.2544 -30.4292 2.5
      vertex -48.4615 -28.7504 2.5
    endloop
  endfacet
  facet normal -0 0 1
    outer loop
      vertex -48.8608 -28.798 2.5
      vertex -48.2544 -30.4292 2.5
      vertex -48.6609 -28.7748 2.5
    endloop
  endfacet
  facet normal -0 0 1
    outer loop
      vertex -49.0611 -28.8199 2.5
      vertex -48.2544 -30.4292 2.5
      vertex -48.8608 -28.798 2.5
    endloop
  endfacet
  facet normal -0 0 1
    outer loop
      vertex -49.2619 -28.8405 2.5
      vertex -48.2544 -30.4292 2.5
      vertex -49.0611 -28.8199 2.5
    endloop
  endfacet
  facet normal -0 0 1
    outer loop
      vertex -49.4631 -28.86 2.5
      vertex -48.2544 -30.4292 2.5
      vertex -49.2619 -28.8405 2.5
    endloop
  endfacet
  facet normal -0 0 1
    outer loop
      vertex -49.6648 -28.878 2.5
      vertex -48.2544 -30.4292 2.5
      vertex -49.4631 -28.86 2.5
    endloop
  endfacet
  facet normal 0 0 1
    outer loop
      vertex -40.6632 -50.7941 2.5
      vertex -49.493 -55.7443 2.5
      vertex -48.327 -57.476 2.5
    endloop
  endfacet
  facet normal -0 0 1
    outer loop
      vertex -49.8668 -28.895 2.5
      vertex -48.2544 -30.4292 2.5
      vertex -49.6648 -28.878 2.5
    endloop
  endfacet
  facet normal -0 0 1
    outer loop
      vertex -50.0692 -28.9106 2.5
      vertex -48.2544 -30.4292 2.5
      vertex -49.8668 -28.895 2.5
    endloop
  endfacet
  facet normal -0 0 1
    outer loop
      vertex -50.2719 -28.925 2.5
      vertex -48.2544 -30.4292 2.5
      vertex -50.0692 -28.9106 2.5
    endloop
  endfacet
  facet normal -0 0 1
    outer loop
      vertex -50.4751 -28.9381 2.5
      vertex -48.2544 -30.4292 2.5
      vertex -50.2719 -28.925 2.5
    endloop
  endfacet
  facet normal -0 0 1
    outer loop
      vertex -50.6785 -28.95 2.5
      vertex -48.2544 -30.4292 2.5
      vertex -50.4751 -28.9381 2.5
    endloop
  endfacet
  facet normal 0 0 1
    outer loop
      vertex -41.5574 -49.3662 2.5
      vertex -50.5948 -53.9745 2.5
      vertex -49.493 -55.7443 2.5
    endloop
  endfacet
  facet normal -0 0 1
    outer loop
      vertex -50.8823 -28.9606 2.5
      vertex -48.2544 -30.4292 2.5
      vertex -50.6785 -28.95 2.5
    endloop
  endfacet
  facet normal 0 0 1
    outer loop
      vertex -47.9916 -32.0986 2.5
      vertex -50.8823 -28.9606 2.5
      vertex -51.0863 -28.97 2.5
    endloop
  endfacet
  facet normal 0 0 1
    outer loop
      vertex -47.9916 -32.0986 2.5
      vertex -51.0863 -28.97 2.5
      vertex -51.2907 -28.9781 2.5
    endloop
  endfacet
  facet normal 0 0 1
    outer loop
      vertex -47.9916 -32.0986 2.5
      vertex -51.2907 -28.9781 2.5
      vertex -51.4954 -28.985 2.5
    endloop
  endfacet
  facet normal 0 0 1
    outer loop
      vertex -47.9916 -32.0986 2.5
      vertex -51.4954 -28.985 2.5
      vertex -51.7003 -28.9906 2.5
    endloop
  endfacet
  facet normal 0 0 1
    outer loop
      vertex -42.4017 -47.9093 2.5
      vertex -51.6319 -52.1685 2.5
      vertex -50.5948 -53.9745 2.5
    endloop
  endfacet
  facet normal 0 0 1
    outer loop
      vertex -47.9916 -32.0986 2.5
      vertex -51.7003 -28.9906 2.5
      vertex -51.9055 -28.995 2.5
    endloop
  endfacet
  facet normal 0 0 1
    outer loop
      vertex -47.9916 -32.0986 2.5
      vertex -51.9055 -28.995 2.5
      vertex -52.1109 -28.9981 2.5
    endloop
  endfacet
  facet normal -0 0 1
    outer loop
      vertex -52.3165 -29 2.5
      vertex -47.9916 -32.0986 2.5
      vertex -52.1109 -28.9981 2.5
    endloop
  endfacet
  facet normal -0 0 1
    outer loop
      vertex -52.5224 -29.0006 2.5
      vertex -47.9916 -32.0986 2.5
      vertex -52.3165 -29 2.5
    endloop
  endfacet
  facet normal 0 0 1
    outer loop
      vertex -52.8443 -28.999 2.5
      vertex -47.6733 -33.7567 2.5
      vertex -52.5224 -29.0006 2.5
    endloop
  endfacet
  facet normal 0 0 1
    outer loop
      vertex -43.1956 -46.4249 2.5
      vertex -52.6038 -50.3283 2.5
      vertex -51.6319 -52.1685 2.5
    endloop
  endfacet
  facet normal 0 0 1
    outer loop
      vertex -47.6733 -33.7567 2.5
      vertex -52.8443 -28.999 2.5
      vertex -57.9482 -34.6169 2.5
    endloop
  endfacet
  facet normal 0 0 1
    outer loop
      vertex -57.9482 -34.6169 2.5
      vertex -52.8443 -28.999 2.5
      vertex -53.1654 -28.9943 2.5
    endloop
  endfacet
  facet normal 0 0 1
    outer loop
      vertex -57.9482 -34.6169 2.5
      vertex -53.1654 -28.9943 2.5
      vertex -53.4856 -28.9865 2.5
    endloop
  endfacet
  facet normal 0 0 1
    outer loop
      vertex -43.9387 -44.9146 2.5
      vertex -53.5095 -48.4559 2.5
      vertex -52.6038 -50.3283 2.5
    endloop
  endfacet
  facet normal 0 0 1
    outer loop
      vertex -57.9482 -34.6169 2.5
      vertex -53.4856 -28.9865 2.5
      vertex -53.8049 -28.9755 2.5
    endloop
  endfacet
  facet normal 0 0 1
    outer loop
      vertex -57.9482 -34.6169 2.5
      vertex -53.8049 -28.9755 2.5
      vertex -54.1234 -28.9615 2.5
    endloop
  endfacet
  facet normal 0 0 1
    outer loop
      vertex -44.6303 -43.3802 2.5
      vertex -54.3487 -46.5534 2.5
      vertex -53.5095 -48.4559 2.5
    endloop
  endfacet
  facet normal 0 0 1
    outer loop
      vertex -58.303 -32.5594 2.5
      vertex -54.1234 -28.9615 2.5
      vertex -54.441 -28.9445 2.5
    endloop
  endfacet
  facet normal 0 0 1
    outer loop
      vertex -58.303 -32.5594 2.5
      vertex -54.441 -28.9445 2.5
      vertex -54.7578 -28.9244 2.5
    endloop
  endfacet
  facet normal 0 0 1
    outer loop
      vertex -58.303 -32.5594 2.5
      vertex -54.7578 -28.9244 2.5
      vertex -55.0736 -28.9015 2.5
    endloop
  endfacet
  facet normal 0 0 1
    outer loop
      vertex -45.27 -41.8232 2.5
      vertex -55.1205 -44.6227 2.5
      vertex -54.3487 -46.5534 2.5
    endloop
  endfacet
  facet normal 0 0 1
    outer loop
      vertex -58.303 -32.5594 2.5
      vertex -55.0736 -28.9015 2.5
      vertex -55.3886 -28.8755 2.5
    endloop
  endfacet
  facet normal 0 0 1
    outer loop
      vertex -58.303 -32.5594 2.5
      vertex -55.3886 -28.8755 2.5
      vertex -55.7027 -28.8466 2.5
    endloop
  endfacet
  facet normal 0 0 1
    outer loop
      vertex -45.8574 -40.2453 2.5
      vertex -55.8244 -42.6658 2.5
      vertex -55.1205 -44.6227 2.5
    endloop
  endfacet
  facet normal 0 0 1
    outer loop
      vertex -58.303 -32.5594 2.5
      vertex -55.7027 -28.8466 2.5
      vertex -56.0161 -28.8149 2.5
    endloop
  endfacet
  facet normal 0 0 1
    outer loop
      vertex -58.586 -30.4878 2.5
      vertex -56.0161 -28.8149 2.5
      vertex -56.3284 -28.7803 2.5
    endloop
  endfacet
  facet normal 0 0 1
    outer loop
      vertex -46.3919 -38.648 2.5
      vertex -56.4598 -40.6848 2.5
      vertex -55.8244 -42.6658 2.5
    endloop
  endfacet
  facet normal 0 0 1
    outer loop
      vertex -58.586 -30.4878 2.5
      vertex -56.3284 -28.7803 2.5
      vertex -56.64 -28.7428 2.5
    endloop
  endfacet
  facet normal 0 0 1
    outer loop
      vertex -58.586 -30.4878 2.5
      vertex -56.64 -28.7428 2.5
      vertex -56.9507 -28.7026 2.5
    endloop
  endfacet
  facet normal 0 0 1
    outer loop
      vertex -46.873 -37.0331 2.5
      vertex -57.026 -38.6817 2.5
      vertex -56.4598 -40.6848 2.5
    endloop
  endfacet
  facet normal 0 0 1
    outer loop
      vertex -58.586 -30.4878 2.5
      vertex -56.9507 -28.7026 2.5
      vertex -57.2605 -28.6596 2.5
    endloop
  endfacet
  facet normal 0 0 1
    outer loop
      vertex -47.3004 -35.4022 2.5
      vertex -57.5224 -36.6583 2.5
      vertex -57.026 -38.6817 2.5
    endloop
  endfacet
  facet normal 0 0 1
    outer loop
      vertex -58.586 -30.4878 2.5
      vertex -57.2605 -28.6596 2.5
      vertex -57.5694 -28.6138 2.5
    endloop
  endfacet
  facet normal 0 0 1
    outer loop
      vertex -58.586 -30.4878 2.5
      vertex -57.5694 -28.6138 2.5
      vertex -57.8775 -28.5654 2.5
    endloop
  endfacet
  facet normal 0 0 1
    outer loop
      vertex -47.6733 -33.7567 2.5
      vertex -57.9482 -34.6169 2.5
      vertex -57.5224 -36.6583 2.5
    endloop
  endfacet
  facet normal 0 0 1
    outer loop
      vertex -58.586 -30.4878 2.5
      vertex -57.8775 -28.5654 2.5
      vertex -58.1847 -28.5142 2.5
    endloop
  endfacet
  facet normal 0 0 1
    outer loop
      vertex -54.1234 -28.9615 2.5
      vertex -58.303 -32.5594 2.5
      vertex -57.9482 -34.6169 2.5
    endloop
  endfacet
  facet normal 0 0 1
    outer loop
      vertex -58.586 -30.4878 2.5
      vertex -58.1847 -28.5142 2.5
      vertex -58.4911 -28.4604 2.5
    endloop
  endfacet
  facet normal 0 0 1
    outer loop
      vertex -56.0161 -28.8149 2.5
      vertex -58.586 -30.4878 2.5
      vertex -58.303 -32.5594 2.5
    endloop
  endfacet
  facet normal 0 -0 1
    outer loop
      vertex -58.586 -30.4878 2.5
      vertex -58.4911 -28.4604 2.5
      vertex -58.7965 -28.4039 2.5
    endloop
  endfacet
  facet normal 0 0 1
    outer loop
      vertex 54.5804 30.3062 2.5
      vertex 56.6345 2.96049 2.5
      vertex 56.6622 30.0516 2.5
    endloop
  endfacet
  facet normal 0 0 1
    outer loop
      vertex 52.4517 30.3925 2.5
      vertex 56.6345 2.96049 2.5
      vertex 54.5804 30.3062 2.5
    endloop
  endfacet
  facet normal -0 0 1
    outer loop
      vertex 52.2144 30.3914 2.5
      vertex 56.6345 2.96049 2.5
      vertex 52.4517 30.3925 2.5
    endloop
  endfacet
  facet normal -0 0 1
    outer loop
      vertex 51.9775 30.3879 2.5
      vertex 56.6345 2.96049 2.5
      vertex 52.2144 30.3914 2.5
    endloop
  endfacet
  facet normal -0 0 1
    outer loop
      vertex 51.7413 30.3822 2.5
      vertex 56.6345 2.96049 2.5
      vertex 51.9775 30.3879 2.5
    endloop
  endfacet
  facet normal -0 0 1
    outer loop
      vertex 51.5057 30.3744 2.5
      vertex 56.6345 2.96049 2.5
      vertex 51.7413 30.3822 2.5
    endloop
  endfacet
  facet normal -0 0 1
    outer loop
      vertex 51.2706 30.3642 2.5
      vertex 56.6345 2.96049 2.5
      vertex 51.5057 30.3744 2.5
    endloop
  endfacet
  facet normal -0 0 1
    outer loop
      vertex 51.0361 30.352 2.5
      vertex 56.6345 2.96049 2.5
      vertex 51.2706 30.3642 2.5
    endloop
  endfacet
  facet normal -0 0 1
    outer loop
      vertex 50.8024 30.3376 2.5
      vertex 56.6345 2.96049 2.5
      vertex 51.0361 30.352 2.5
    endloop
  endfacet
  facet normal -0 0 1
    outer loop
      vertex 50.5692 30.3211 2.5
      vertex 56.6345 2.96049 2.5
      vertex 50.8024 30.3376 2.5
    endloop
  endfacet
  facet normal -0 0 1
    outer loop
      vertex 50.3365 30.3025 2.5
      vertex 56.6345 2.96049 2.5
      vertex 50.5692 30.3211 2.5
    endloop
  endfacet
  facet normal -0 0 1
    outer loop
      vertex 50.1045 30.2818 2.5
      vertex 56.6345 2.96049 2.5
      vertex 50.3365 30.3025 2.5
    endloop
  endfacet
  facet normal -0 0 1
    outer loop
      vertex 49.8732 30.2592 2.5
      vertex 56.6345 2.96049 2.5
      vertex 50.1045 30.2818 2.5
    endloop
  endfacet
  facet normal -0 0 1
    outer loop
      vertex 49.6424 30.2345 2.5
      vertex 56.6345 2.96049 2.5
      vertex 49.8732 30.2592 2.5
    endloop
  endfacet
  facet normal -0 0 1
    outer loop
      vertex 49.4124 30.208 2.5
      vertex 56.6345 2.96049 2.5
      vertex 49.6424 30.2345 2.5
    endloop
  endfacet
  facet normal -0 0 1
    outer loop
      vertex 49.1829 30.1794 2.5
      vertex 56.6345 2.96049 2.5
      vertex 49.4124 30.208 2.5
    endloop
  endfacet
  facet normal -0 0 1
    outer loop
      vertex 48.9541 30.1489 2.5
      vertex 56.6345 2.96049 2.5
      vertex 49.1829 30.1794 2.5
    endloop
  endfacet
  facet normal -0 0 1
    outer loop
      vertex 48.7259 30.1166 2.5
      vertex 56.6345 2.96049 2.5
      vertex 48.9541 30.1489 2.5
    endloop
  endfacet
  facet normal -0 0 1
    outer loop
      vertex 48.4985 30.0825 2.5
      vertex 56.6345 2.96049 2.5
      vertex 48.7259 30.1166 2.5
    endloop
  endfacet
  facet normal -0 0 1
    outer loop
      vertex 48.2716 30.0464 2.5
      vertex 56.6345 2.96049 2.5
      vertex 48.4985 30.0825 2.5
    endloop
  endfacet
  facet normal -0 0 1
    outer loop
      vertex 48.0454 30.0087 2.5
      vertex 56.6345 2.96049 2.5
      vertex 48.2716 30.0464 2.5
    endloop
  endfacet
  facet normal 0 0 1
    outer loop
      vertex 56.6345 2.96049 2.5
      vertex 48.0454 30.0087 2.5
      vertex 47.8199 29.9691 2.5
    endloop
  endfacet
  facet normal 0 0 1
    outer loop
      vertex 56.6345 2.96049 2.5
      vertex 78.4467 4.39757 2.5
      vertex 78.3604 6.52617 2.5
    endloop
  endfacet
  facet normal 0 0 1
    outer loop
      vertex 78.4467 4.39757 2.5
      vertex 56.6345 2.96049 2.5
      vertex 78.3806 2.53424 2.5
    endloop
  endfacet
  facet normal 0 0 1
    outer loop
      vertex 56.6345 2.96049 2.5
      vertex 78.3604 6.52617 2.5
      vertex 78.1058 8.60808 2.5
    endloop
  endfacet
  facet normal 0 0 1
    outer loop
      vertex 78.3806 2.53424 2.5
      vertex 56.6345 2.96049 2.5
      vertex 78.1853 0.706009 2.5
    endloop
  endfacet
  facet normal 0 0 1
    outer loop
      vertex 56.6345 2.96049 2.5
      vertex 78.1058 8.60808 2.5
      vertex 77.6898 10.6364 2.5
    endloop
  endfacet
  facet normal 0 0 1
    outer loop
      vertex 78.1853 0.706009 2.5
      vertex 56.6345 2.96049 2.5
      vertex 77.8654 -1.08255 2.5
    endloop
  endfacet
  facet normal 0 0 1
    outer loop
      vertex 56.6345 2.96049 2.5
      vertex 77.6898 10.6364 2.5
      vertex 77.1191 12.6044 2.5
    endloop
  endfacet
  facet normal 0 0 1
    outer loop
      vertex 77.8654 -1.08255 2.5
      vertex 56.6345 2.96049 2.5
      vertex 77.4254 -2.82701 2.5
    endloop
  endfacet
  facet normal 0 0 1
    outer loop
      vertex 56.6345 2.96049 2.5
      vertex 77.1191 12.6044 2.5
      vertex 76.4004 14.5055 2.5
    endloop
  endfacet
  facet normal 0 0 1
    outer loop
      vertex 77.4254 -2.82701 2.5
      vertex 56.6345 2.96049 2.5
      vertex 76.8697 -4.52287 2.5
    endloop
  endfacet
  facet normal 0 0 1
    outer loop
      vertex 56.6345 2.96049 2.5
      vertex 76.4004 14.5055 2.5
      vertex 75.5405 16.3328 2.5
    endloop
  endfacet
  facet normal 0 0 1
    outer loop
      vertex 76.8697 -4.52287 2.5
      vertex 56.6345 2.96049 2.5
      vertex 76.2029 -6.16548 2.5
    endloop
  endfacet
  facet normal 0 0 1
    outer loop
      vertex 76.2029 -6.16548 2.5
      vertex 56.6345 2.96049 2.5
      vertex 75.4294 -7.75049 2.5
    endloop
  endfacet
  facet normal 0 0 1
    outer loop
      vertex 56.6345 2.96049 2.5
      vertex 75.5405 16.3328 2.5
      vertex 74.5461 18.0796 2.5
    endloop
  endfacet
  facet normal 0 0 1
    outer loop
      vertex 75.4294 -7.75049 2.5
      vertex 56.6345 2.96049 2.5
      vertex 74.5538 -9.27339 2.5
    endloop
  endfacet
  facet normal 0 0 1
    outer loop
      vertex 56.6345 2.96049 2.5
      vertex 74.5461 18.0796 2.5
      vertex 73.4241 19.7391 2.5
    endloop
  endfacet
  facet normal 0 0 1
    outer loop
      vertex 74.5538 -9.27339 2.5
      vertex 56.6345 2.96049 2.5
      vertex 73.5805 -10.7296 2.5
    endloop
  endfacet
  facet normal 0 0 1
    outer loop
      vertex 56.6345 2.96049 2.5
      vertex 73.4241 19.7391 2.5
      vertex 72.1809 21.3047 2.5
    endloop
  endfacet
  facet normal 0 0 1
    outer loop
      vertex 73.5805 -10.7296 2.5
      vertex 56.6345 2.96049 2.5
      vertex 72.5141 -12.1147 2.5
    endloop
  endfacet
  facet normal 0 0 1
    outer loop
      vertex 56.6345 2.96049 2.5
      vertex 72.1809 21.3047 2.5
      vertex 70.8237 22.7695 2.5
    endloop
  endfacet
  facet normal 0 0 1
    outer loop
      vertex 72.5141 -12.1147 2.5
      vertex 56.6345 2.96049 2.5
      vertex 71.3591 -13.424 2.5
    endloop
  endfacet
  facet normal 0 0 1
    outer loop
      vertex 56.6345 2.96049 2.5
      vertex 70.8237 22.7695 2.5
      vertex 69.3589 24.1268 2.5
    endloop
  endfacet
  facet normal 0 0 1
    outer loop
      vertex 71.3591 -13.424 2.5
      vertex 56.6345 2.96049 2.5
      vertex 70.1199 -14.6531 2.5
    endloop
  endfacet
  facet normal 0 0 1
    outer loop
      vertex 56.6345 2.96049 2.5
      vertex 69.3589 24.1268 2.5
      vertex 67.7934 25.3699 2.5
    endloop
  endfacet
  facet normal 0 0 1
    outer loop
      vertex 70.1199 -14.6531 2.5
      vertex 56.6345 2.96049 2.5
      vertex 68.8012 -15.7976 2.5
    endloop
  endfacet
  facet normal 0 0 1
    outer loop
      vertex 56.6345 2.96049 2.5
      vertex 67.7934 25.3699 2.5
      vertex 66.1338 26.492 2.5
    endloop
  endfacet
  facet normal 0 0 1
    outer loop
      vertex 68.8012 -15.7976 2.5
      vertex 56.6345 2.96049 2.5
      vertex 67.4073 -16.8528 2.5
    endloop
  endfacet
  facet normal 0 0 1
    outer loop
      vertex 67.4073 -16.8528 2.5
      vertex 56.6345 2.96049 2.5
      vertex 65.9428 -17.8143 2.5
    endloop
  endfacet
  facet normal 0 0 1
    outer loop
      vertex 56.6345 2.96049 2.5
      vertex 66.1338 26.492 2.5
      vertex 64.387 27.4863 2.5
    endloop
  endfacet
  facet normal 0 0 1
    outer loop
      vertex 65.9428 -17.8143 2.5
      vertex 56.6345 2.96049 2.5
      vertex 64.4122 -18.6777 2.5
    endloop
  endfacet
  facet normal 0 0 1
    outer loop
      vertex 56.6345 2.96049 2.5
      vertex 64.387 27.4863 2.5
      vertex 62.5597 28.3462 2.5
    endloop
  endfacet
  facet normal 0 0 1
    outer loop
      vertex 64.4122 -18.6777 2.5
      vertex 56.6345 2.96049 2.5
      vertex 62.82 -19.4383 2.5
    endloop
  endfacet
  facet normal 0 0 1
    outer loop
      vertex 56.6345 2.96049 2.5
      vertex 62.5597 28.3462 2.5
      vertex 60.6586 29.0649 2.5
    endloop
  endfacet
  facet normal 0 0 1
    outer loop
      vertex 62.82 -19.4383 2.5
      vertex 56.6345 2.96049 2.5
      vertex 61.1707 -20.0916 2.5
    endloop
  endfacet
  facet normal 0 0 1
    outer loop
      vertex 56.6345 2.96049 2.5
      vertex 60.6586 29.0649 2.5
      vertex 58.6906 29.6356 2.5
    endloop
  endfacet
  facet normal -0 0 1
    outer loop
      vertex 50.2769 0.888351 2.5
      vertex 61.1707 -20.0916 2.5
      vertex 56.6345 2.96049 2.5
    endloop
  endfacet
  facet normal 0 0 1
    outer loop
      vertex 56.6345 2.96049 2.5
      vertex 58.6906 29.6356 2.5
      vertex 56.6622 30.0516 2.5
    endloop
  endfacet
  facet normal 0 0 1
    outer loop
      vertex 61.1707 -20.0916 2.5
      vertex 50.2769 0.888351 2.5
      vertex 59.4688 -20.6331 2.5
    endloop
  endfacet
  facet normal 0 0 1
    outer loop
      vertex 59.4688 -20.6331 2.5
      vertex 50.2769 0.888351 2.5
      vertex 57.7187 -21.0584 2.5
    endloop
  endfacet
  facet normal 0 0 1
    outer loop
      vertex 50.2769 0.888351 2.5
      vertex 47.1848 -21.0584 2.5
      vertex 57.7187 -21.0584 2.5
    endloop
  endfacet
  facet normal 0 0 1
    outer loop
      vertex 50.2769 0.888351 2.5
      vertex 45.4347 -20.6323 2.5
      vertex 47.1848 -21.0584 2.5
    endloop
  endfacet
  facet normal 0 0 1
    outer loop
      vertex 50.2769 0.888351 2.5
      vertex 43.7328 -20.09 2.5
      vertex 45.4347 -20.6323 2.5
    endloop
  endfacet
  facet normal 0 0 1
    outer loop
      vertex 50.2769 0.888351 2.5
      vertex 42.0835 -19.4361 2.5
      vertex 43.7328 -20.09 2.5
    endloop
  endfacet
  facet normal -0 0 1
    outer loop
      vertex 40.102 27.2624 2.5
      vertex 50.2769 0.888351 2.5
      vertex 41.4046 27.9227 2.5
    endloop
  endfacet
  facet normal 0 0 1
    outer loop
      vertex 50.2769 0.888351 2.5
      vertex 40.4913 -18.6752 2.5
      vertex 42.0835 -19.4361 2.5
    endloop
  endfacet
  facet normal -0 0 1
    outer loop
      vertex 38.8425 26.5326 2.5
      vertex 50.2769 0.888351 2.5
      vertex 40.102 27.2624 2.5
    endloop
  endfacet
  facet normal 0 0 1
    outer loop
      vertex 50.2769 0.888351 2.5
      vertex 38.9606 -17.8117 2.5
      vertex 40.4913 -18.6752 2.5
    endloop
  endfacet
  facet normal -0 0 1
    outer loop
      vertex 37.6285 25.7357 2.5
      vertex 50.2769 0.888351 2.5
      vertex 38.8425 26.5326 2.5
    endloop
  endfacet
  facet normal -0 0 1
    outer loop
      vertex 36.4627 24.8743 2.5
      vertex 50.2769 0.888351 2.5
      vertex 37.6285 25.7357 2.5
    endloop
  endfacet
  facet normal 0 0 1
    outer loop
      vertex 50.2769 0.888351 2.5
      vertex 37.4962 -16.85 2.5
      vertex 38.9606 -17.8117 2.5
    endloop
  endfacet
  facet normal -0 0 1
    outer loop
      vertex 35.3475 23.9509 2.5
      vertex 50.2769 0.888351 2.5
      vertex 36.4627 24.8743 2.5
    endloop
  endfacet
  facet normal 0 0 1
    outer loop
      vertex 50.2769 0.888351 2.5
      vertex 36.1023 -15.7948 2.5
      vertex 37.4962 -16.85 2.5
    endloop
  endfacet
  facet normal -0 0 1
    outer loop
      vertex 34.2857 22.9681 2.5
      vertex 50.2769 0.888351 2.5
      vertex 35.3475 23.9509 2.5
    endloop
  endfacet
  facet normal 0 0 1
    outer loop
      vertex 50.2769 0.888351 2.5
      vertex 34.7836 -14.6504 2.5
      vertex 36.1023 -15.7948 2.5
    endloop
  endfacet
  facet normal -0 0 1
    outer loop
      vertex 33.2797 21.9285 2.5
      vertex 50.2769 0.888351 2.5
      vertex 34.2857 22.9681 2.5
    endloop
  endfacet
  facet normal 0 0 1
    outer loop
      vertex 50.2769 0.888351 2.5
      vertex 33.5444 -13.4213 2.5
      vertex 34.7836 -14.6504 2.5
    endloop
  endfacet
  facet normal -0 0 1
    outer loop
      vertex 32.3322 20.8344 2.5
      vertex 50.2769 0.888351 2.5
      vertex 33.2797 21.9285 2.5
    endloop
  endfacet
  facet normal 0 0 1
    outer loop
      vertex 50.2769 0.888351 2.5
      vertex 32.3894 -12.1122 2.5
      vertex 33.5444 -13.4213 2.5
    endloop
  endfacet
  facet normal -0 0 1
    outer loop
      vertex 31.4457 19.6886 2.5
      vertex 50.2769 0.888351 2.5
      vertex 32.3322 20.8344 2.5
    endloop
  endfacet
  facet normal -0 0 1
    outer loop
      vertex 30.6228 18.4936 2.5
      vertex 50.2769 0.888351 2.5
      vertex 31.4457 19.6886 2.5
    endloop
  endfacet
  facet normal 0 0 1
    outer loop
      vertex 50.2769 0.888351 2.5
      vertex 31.323 -10.7275 2.5
      vertex 32.3894 -12.1122 2.5
    endloop
  endfacet
  facet normal -0 0 1
    outer loop
      vertex 29.866 17.252 2.5
      vertex 50.2769 0.888351 2.5
      vertex 30.6228 18.4936 2.5
    endloop
  endfacet
  facet normal 0 0 1
    outer loop
      vertex 50.2769 0.888351 2.5
      vertex 30.3497 -9.27156 2.5
      vertex 31.323 -10.7275 2.5
    endloop
  endfacet
  facet normal -0 0 1
    outer loop
      vertex 29.1779 15.9662 2.5
      vertex 50.2769 0.888351 2.5
      vertex 29.866 17.252 2.5
    endloop
  endfacet
  facet normal 0 0 1
    outer loop
      vertex 50.2769 0.888351 2.5
      vertex 29.4741 -7.74896 2.5
      vertex 30.3497 -9.27156 2.5
    endloop
  endfacet
  facet normal -0 0 1
    outer loop
      vertex 28.5612 14.6389 2.5
      vertex 50.2769 0.888351 2.5
      vertex 29.1779 15.9662 2.5
    endloop
  endfacet
  facet normal 0 0 1
    outer loop
      vertex 50.2769 0.888351 2.5
      vertex 28.7006 -6.16426 2.5
      vertex 29.4741 -7.74896 2.5
    endloop
  endfacet
  facet normal -0 0 1
    outer loop
      vertex 28.0183 13.2725 2.5
      vertex 50.2769 0.888351 2.5
      vertex 28.5612 14.6389 2.5
    endloop
  endfacet
  facet normal 0 0 1
    outer loop
      vertex 50.2769 0.888351 2.5
      vertex 28.0338 -4.52196 2.5
      vertex 28.7006 -6.16426 2.5
    endloop
  endfacet
  facet normal -0 0 1
    outer loop
      vertex 27.5519 11.8696 2.5
      vertex 50.2769 0.888351 2.5
      vertex 28.0183 13.2725 2.5
    endloop
  endfacet
  facet normal -0 0 1
    outer loop
      vertex 27.1645 10.4329 2.5
      vertex 50.2769 0.888351 2.5
      vertex 27.5519 11.8696 2.5
    endloop
  endfacet
  facet normal 0 0 1
    outer loop
      vertex 50.2769 0.888351 2.5
      vertex 27.478 -2.8264 2.5
      vertex 28.0338 -4.52196 2.5
    endloop
  endfacet
  facet normal -0 0 1
    outer loop
      vertex 26.8587 8.96468 2.5
      vertex 50.2769 0.888351 2.5
      vertex 27.1645 10.4329 2.5
    endloop
  endfacet
  facet normal 0 0 1
    outer loop
      vertex 50.2769 0.888351 2.5
      vertex 27.038 -1.08217 2.5
      vertex 27.478 -2.8264 2.5
    endloop
  endfacet
  facet normal -0 0 1
    outer loop
      vertex 26.6371 7.46771 2.5
      vertex 50.2769 0.888351 2.5
      vertex 26.8587 8.96468 2.5
    endloop
  endfacet
  facet normal 0 0 1
    outer loop
      vertex 50.2769 0.888351 2.5
      vertex 26.7181 0.706161 2.5
      vertex 27.038 -1.08217 2.5
    endloop
  endfacet
  facet normal -0 0 1
    outer loop
      vertex 26.5023 5.9445 2.5
      vertex 50.2769 0.888351 2.5
      vertex 26.6371 7.46771 2.5
    endloop
  endfacet
  facet normal 0 0 1
    outer loop
      vertex 50.2769 0.888351 2.5
      vertex 26.5229 2.53424 2.5
      vertex 26.7181 0.706161 2.5
    endloop
  endfacet
  facet normal -0 0 1
    outer loop
      vertex 26.4568 4.39757 2.5
      vertex 50.2769 0.888351 2.5
      vertex 26.5023 5.9445 2.5
    endloop
  endfacet
  facet normal 0 0 1
    outer loop
      vertex 50.2769 0.888351 2.5
      vertex 26.4568 4.39757 2.5
      vertex 26.5229 2.53424 2.5
    endloop
  endfacet
  facet normal 0 0 1
    outer loop
      vertex -70.9665 22.7391 2.5
      vertex -71.6694 22.0033 2.5
      vertex -70.9665 10.7553 2.5
    endloop
  endfacet
  facet normal 0 0 1
    outer loop
      vertex -34.8624 7.34518 2.5
      vertex -26.5291 5.41792 2.5
      vertex -26.5914 6.45079 2.5
    endloop
  endfacet
  facet normal 0 0 1
    outer loop
      vertex -26.5291 5.41792 2.5
      vertex -35.059 6.92519 2.5
      vertex -26.5082 4.37857 2.5
    endloop
  endfacet
  facet normal 0 0 1
    outer loop
      vertex -34.6871 7.77487 2.5
      vertex -26.5914 6.45079 2.5
      vertex -26.6946 7.4761 2.5
    endloop
  endfacet
  facet normal 0 0 1
    outer loop
      vertex -34.4025 8.65973 2.5
      vertex -26.6946 7.4761 2.5
      vertex -26.838 8.49295 2.5
    endloop
  endfacet
  facet normal 0 0 1
    outer loop
      vertex -26.5291 5.41792 2.5
      vertex -34.8624 7.34518 2.5
      vertex -35.059 6.92519 2.5
    endloop
  endfacet
  facet normal -0 0 1
    outer loop
      vertex -34.294 9.11322 2.5
      vertex -26.838 8.49295 2.5
      vertex -27.021 9.50018 2.5
    endloop
  endfacet
  facet normal -0 0 1
    outer loop
      vertex -34.2088 9.57281 2.5
      vertex -27.021 9.50018 2.5
      vertex -27.243 10.4967 2.5
    endloop
  endfacet
  facet normal 0 0 1
    outer loop
      vertex -26.5082 4.37857 2.5
      vertex -35.059 6.92519 2.5
      vertex -35.2763 6.51572 2.5
    endloop
  endfacet
  facet normal -0 0 1
    outer loop
      vertex -34.11 10.507 2.5
      vertex -27.243 10.4967 2.5
      vertex -27.5033 11.4815 2.5
    endloop
  endfacet
  facet normal 0 0 1
    outer loop
      vertex -34.0975 10.98 2.5
      vertex -27.5033 11.4815 2.5
      vertex -27.8013 12.4536 2.5
    endloop
  endfacet
  facet normal 0 0 1
    outer loop
      vertex -26.5914 6.45079 2.5
      vertex -34.6871 7.77487 2.5
      vertex -34.8624 7.34518 2.5
    endloop
  endfacet
  facet normal 0 0 1
    outer loop
      vertex -34.0975 10.98 2.5
      vertex -27.8013 12.4536 2.5
      vertex -28.1364 13.4118 2.5
    endloop
  endfacet
  facet normal 0 0 1
    outer loop
      vertex -34.0975 10.98 2.5
      vertex -28.1364 13.4118 2.5
      vertex -28.5081 14.3553 2.5
    endloop
  endfacet
  facet normal 0 0 1
    outer loop
      vertex -26.6946 7.4761 2.5
      vertex -34.5337 8.21333 2.5
      vertex -34.6871 7.77487 2.5
    endloop
  endfacet
  facet normal 0 0 1
    outer loop
      vertex -34.0975 10.98 2.5
      vertex -28.5081 14.3553 2.5
      vertex -28.9157 15.2827 2.5
    endloop
  endfacet
  facet normal 0 0 1
    outer loop
      vertex -34.0975 10.98 2.5
      vertex -28.9157 15.2827 2.5
      vertex -29.3586 16.1932 2.5
    endloop
  endfacet
  facet normal 0 0 1
    outer loop
      vertex -26.6946 7.4761 2.5
      vertex -34.4025 8.65973 2.5
      vertex -34.5337 8.21333 2.5
    endloop
  endfacet
  facet normal 0 0 1
    outer loop
      vertex -34.0975 10.98 2.5
      vertex -29.3586 16.1932 2.5
      vertex -29.8361 17.0856 2.5
    endloop
  endfacet
  facet normal 0 0 1
    outer loop
      vertex -34.0975 10.98 2.5
      vertex -29.8361 17.0856 2.5
      vertex -30.3477 17.959 2.5
    endloop
  endfacet
  facet normal 0 0 1
    outer loop
      vertex -26.838 8.49295 2.5
      vertex -34.294 9.11322 2.5
      vertex -34.4025 8.65973 2.5
    endloop
  endfacet
  facet normal 0 0 1
    outer loop
      vertex -34.0975 10.98 2.5
      vertex -30.3477 17.959 2.5
      vertex -30.8926 18.8122 2.5
    endloop
  endfacet
  facet normal 0 0 1
    outer loop
      vertex -34.0975 10.98 2.5
      vertex -30.8926 18.8122 2.5
      vertex -31.4704 19.6442 2.5
    endloop
  endfacet
  facet normal 0 0 1
    outer loop
      vertex -27.243 10.4967 2.5
      vertex -34.1473 10.0378 2.5
      vertex -34.2088 9.57281 2.5
    endloop
  endfacet
  facet normal 0 0 1
    outer loop
      vertex -34.0975 10.98 2.5
      vertex -31.4704 19.6442 2.5
      vertex -32.0805 20.454 2.5
    endloop
  endfacet
  facet normal 0 0 1
    outer loop
      vertex -34.0975 10.98 2.5
      vertex -32.0805 20.454 2.5
      vertex -32.722 21.2405 2.5
    endloop
  endfacet
  facet normal 0 0 1
    outer loop
      vertex -27.243 10.4967 2.5
      vertex -34.11 10.507 2.5
      vertex -34.1473 10.0378 2.5
    endloop
  endfacet
  facet normal 0 0 1
    outer loop
      vertex -34.0975 10.98 2.5
      vertex -32.722 21.2405 2.5
      vertex -33.3946 22.0026 2.5
    endloop
  endfacet
  facet normal 0 0 1
    outer loop
      vertex -34.0975 10.98 2.5
      vertex -33.3946 22.0026 2.5
      vertex -34.0975 22.7393 2.5
    endloop
  endfacet
  facet normal 0 0 1
    outer loop
      vertex -27.5033 11.4815 2.5
      vertex -34.0975 10.98 2.5
      vertex -34.11 10.507 2.5
    endloop
  endfacet
  facet normal 0 0 1
    outer loop
      vertex -27.021 9.50018 2.5
      vertex -34.2088 9.57281 2.5
      vertex -34.294 9.11322 2.5
    endloop
  endfacet
  facet normal -0 0 1
    outer loop
      vertex -35.514 6.11761 2.5
      vertex -26.5082 4.37857 2.5
      vertex -35.2763 6.51572 2.5
    endloop
  endfacet
  facet normal 0 0 1
    outer loop
      vertex -26.5082 4.37857 2.5
      vertex -35.514 6.11761 2.5
      vertex -26.5946 2.24715 2.5
    endloop
  endfacet
  facet normal -0 0 1
    outer loop
      vertex -35.7715 5.73187 2.5
      vertex -26.5946 2.24715 2.5
      vertex -35.514 6.11761 2.5
    endloop
  endfacet
  facet normal -0 0 1
    outer loop
      vertex -36.0482 5.35918 2.5
      vertex -26.5946 2.24715 2.5
      vertex -35.7715 5.73187 2.5
    endloop
  endfacet
  facet normal 0 0 1
    outer loop
      vertex -26.5946 2.24715 2.5
      vertex -36.0482 5.35918 2.5
      vertex -26.8494 0.162567 2.5
    endloop
  endfacet
  facet normal -0 0 1
    outer loop
      vertex -36.3438 5.00052 2.5
      vertex -26.8494 0.162567 2.5
      vertex -36.0482 5.35918 2.5
    endloop
  endfacet
  facet normal -0 0 1
    outer loop
      vertex -36.6578 4.65681 2.5
      vertex -26.8494 0.162567 2.5
      vertex -36.3438 5.00052 2.5
    endloop
  endfacet
  facet normal 0 0 1
    outer loop
      vertex -26.8494 0.162567 2.5
      vertex -36.6578 4.65681 2.5
      vertex -27.2659 -1.86845 2.5
    endloop
  endfacet
  facet normal -0 0 1
    outer loop
      vertex -36.9897 4.32875 2.5
      vertex -27.2659 -1.86845 2.5
      vertex -36.6578 4.65681 2.5
    endloop
  endfacet
  facet normal -0 0 1
    outer loop
      vertex -37.3388 4.0174 2.5
      vertex -27.2659 -1.86845 2.5
      vertex -36.9897 4.32875 2.5
    endloop
  endfacet
  facet normal 0 0 1
    outer loop
      vertex -27.2659 -1.86845 2.5
      vertex -37.3388 4.0174 2.5
      vertex -27.8373 -3.83905 2.5
    endloop
  endfacet
  facet normal -0 0 1
    outer loop
      vertex -37.7048 3.72351 2.5
      vertex -27.8373 -3.83905 2.5
      vertex -37.3388 4.0174 2.5
    endloop
  endfacet
  facet normal -0 0 1
    outer loop
      vertex -38.0873 3.44801 2.5
      vertex -27.8373 -3.83905 2.5
      vertex -37.7048 3.72351 2.5
    endloop
  endfacet
  facet normal 0 0 1
    outer loop
      vertex -27.8373 -3.83905 2.5
      vertex -38.0873 3.44801 2.5
      vertex -28.5567 -5.74251 2.5
    endloop
  endfacet
  facet normal -0 0 1
    outer loop
      vertex -38.4856 3.19182 2.5
      vertex -28.5567 -5.74251 2.5
      vertex -38.0873 3.44801 2.5
    endloop
  endfacet
  facet normal 0 0 1
    outer loop
      vertex -28.5567 -5.74251 2.5
      vertex -38.4856 3.19182 2.5
      vertex -29.4176 -7.57196 2.5
    endloop
  endfacet
  facet normal 0 0 1
    outer loop
      vertex -29.4176 -7.57196 2.5
      vertex -38.4856 3.19182 2.5
      vertex -30.4131 -9.32092 2.5
    endloop
  endfacet
  facet normal 0 0 1
    outer loop
      vertex -30.4131 -9.32092 2.5
      vertex -38.4856 3.19182 2.5
      vertex -31.5366 -10.9825 2.5
    endloop
  endfacet
  facet normal 0 0 1
    outer loop
      vertex -31.5366 -10.9825 2.5
      vertex -38.4856 3.19182 2.5
      vertex -32.7811 -12.5499 2.5
    endloop
  endfacet
  facet normal -0 0 1
    outer loop
      vertex -48.2626 -2.7424 2.5
      vertex -32.7811 -12.5499 2.5
      vertex -38.4856 3.19182 2.5
    endloop
  endfacet
  facet normal 0 0 1
    outer loop
      vertex -32.7811 -12.5499 2.5
      vertex -48.2626 -2.7424 2.5
      vertex -34.14 -14.0165 2.5
    endloop
  endfacet
  facet normal 0 0 1
    outer loop
      vertex -34.14 -14.0165 2.5
      vertex -48.2626 -2.7424 2.5
      vertex -35.6065 -15.3754 2.5
    endloop
  endfacet
  facet normal 0 0 1
    outer loop
      vertex -35.6065 -15.3754 2.5
      vertex -48.2626 -2.7424 2.5
      vertex -37.174 -16.62 2.5
    endloop
  endfacet
  facet normal 0 0 1
    outer loop
      vertex -37.174 -16.62 2.5
      vertex -48.2626 -2.7424 2.5
      vertex -38.8356 -17.7433 2.5
    endloop
  endfacet
  facet normal 0 0 1
    outer loop
      vertex -38.8356 -17.7433 2.5
      vertex -48.2626 -2.7424 2.5
      vertex -40.5845 -18.7389 2.5
    endloop
  endfacet
  facet normal -0 0 1
    outer loop
      vertex -48.7006 -2.99074 2.5
      vertex -40.5845 -18.7389 2.5
      vertex -48.2626 -2.7424 2.5
    endloop
  endfacet
  facet normal -0 0 1
    outer loop
      vertex -49.1495 -3.2123 2.5
      vertex -40.5845 -18.7389 2.5
      vertex -48.7006 -2.99074 2.5
    endloop
  endfacet
  facet normal 0 0 1
    outer loop
      vertex -40.5845 -18.7389 2.5
      vertex -49.1495 -3.2123 2.5
      vertex -42.4141 -19.5998 2.5
    endloop
  endfacet
  facet normal -0 0 1
    outer loop
      vertex -49.6082 -3.40692 2.5
      vertex -42.4141 -19.5998 2.5
      vertex -49.1495 -3.2123 2.5
    endloop
  endfacet
  facet normal 0 0 1
    outer loop
      vertex -42.4141 -19.5998 2.5
      vertex -49.6082 -3.40692 2.5
      vertex -44.3176 -20.3192 2.5
    endloop
  endfacet
  facet normal -0 0 1
    outer loop
      vertex -50.0752 -3.57477 2.5
      vertex -44.3176 -20.3192 2.5
      vertex -49.6082 -3.40692 2.5
    endloop
  endfacet
  facet normal 0 0 1
    outer loop
      vertex -44.3176 -20.3192 2.5
      vertex -50.0752 -3.57477 2.5
      vertex -46.2881 -20.8906 2.5
    endloop
  endfacet
  facet normal -0 0 1
    outer loop
      vertex -50.5495 -3.71584 2.5
      vertex -46.2881 -20.8906 2.5
      vertex -50.0752 -3.57477 2.5
    endloop
  endfacet
  facet normal -0 0 1
    outer loop
      vertex -51.0298 -3.83005 2.5
      vertex -46.2881 -20.8906 2.5
      vertex -50.5495 -3.71584 2.5
    endloop
  endfacet
  facet normal 0 0 1
    outer loop
      vertex -46.2881 -20.8906 2.5
      vertex -51.0298 -3.83005 2.5
      vertex -48.3191 -21.3071 2.5
    endloop
  endfacet
  facet normal -0 0 1
    outer loop
      vertex -51.5147 -3.91756 2.5
      vertex -48.3191 -21.3071 2.5
      vertex -51.0298 -3.83005 2.5
    endloop
  endfacet
  facet normal 0 0 1
    outer loop
      vertex -48.3191 -21.3071 2.5
      vertex -51.5147 -3.91756 2.5
      vertex -50.4037 -21.5619 2.5
    endloop
  endfacet
  facet normal -0 0 1
    outer loop
      vertex -52.0031 -3.97821 2.5
      vertex -50.4037 -21.5619 2.5
      vertex -51.5147 -3.91756 2.5
    endloop
  endfacet
  facet normal -0 0 1
    outer loop
      vertex -52.4936 -4.01208 2.5
      vertex -50.4037 -21.5619 2.5
      vertex -52.0031 -3.97821 2.5
    endloop
  endfacet
  facet normal 0 0 1
    outer loop
      vertex -52.4936 -4.01208 2.5
      vertex -52.5352 -21.6483 2.5
      vertex -50.4037 -21.5619 2.5
    endloop
  endfacet
  facet normal -0 0 1
    outer loop
      vertex -52.9851 -4.01926 2.5
      vertex -52.5352 -21.6483 2.5
      vertex -52.4936 -4.01208 2.5
    endloop
  endfacet
  facet normal 0 0 1
    outer loop
      vertex -54.6667 -21.5619 2.5
      vertex -52.9851 -4.01926 2.5
      vertex -53.4762 -3.99957 2.5
    endloop
  endfacet
  facet normal 0 0 1
    outer loop
      vertex -54.6667 -21.5619 2.5
      vertex -53.4762 -3.99957 2.5
      vertex -53.9657 -3.95326 2.5
    endloop
  endfacet
  facet normal 0 0 1
    outer loop
      vertex -56.7513 -21.3071 2.5
      vertex -53.9657 -3.95326 2.5
      vertex -54.4524 -3.8801 2.5
    endloop
  endfacet
  facet normal 0 0 1
    outer loop
      vertex -52.9851 -4.01926 2.5
      vertex -54.6667 -21.5619 2.5
      vertex -52.5352 -21.6483 2.5
    endloop
  endfacet
  facet normal 0 0 1
    outer loop
      vertex -58.7822 -20.8906 2.5
      vertex -54.4524 -3.8801 2.5
      vertex -54.9349 -3.7803 2.5
    endloop
  endfacet
  facet normal 0 0 1
    outer loop
      vertex -60.7528 -20.3192 2.5
      vertex -54.9349 -3.7803 2.5
      vertex -55.4121 -3.65373 2.5
    endloop
  endfacet
  facet normal 0 0 1
    outer loop
      vertex -60.7528 -20.3192 2.5
      vertex -55.4121 -3.65373 2.5
      vertex -55.8827 -3.50053 2.5
    endloop
  endfacet
  facet normal 0 0 1
    outer loop
      vertex -62.6562 -19.5998 2.5
      vertex -55.8827 -3.50053 2.5
      vertex -56.3455 -3.32056 2.5
    endloop
  endfacet
  facet normal 0 0 1
    outer loop
      vertex -53.9657 -3.95326 2.5
      vertex -56.7513 -21.3071 2.5
      vertex -54.6667 -21.5619 2.5
    endloop
  endfacet
  facet normal 0 0 1
    outer loop
      vertex -64.4859 -18.7389 2.5
      vertex -56.3455 -3.32056 2.5
      vertex -56.7991 -3.11395 2.5
    endloop
  endfacet
  facet normal 0 0 1
    outer loop
      vertex -64.4859 -18.7389 2.5
      vertex -56.7991 -3.11395 2.5
      vertex -57.2423 -2.88065 2.5
    endloop
  endfacet
  facet normal 0 0 1
    outer loop
      vertex -66.2348 -17.7433 2.5
      vertex -57.2423 -2.88065 2.5
      vertex -57.6739 -2.62071 2.5
    endloop
  endfacet
  facet normal 0 0 1
    outer loop
      vertex -54.4524 -3.8801 2.5
      vertex -58.7822 -20.8906 2.5
      vertex -56.7513 -21.3071 2.5
    endloop
  endfacet
  facet normal 0 0 1
    outer loop
      vertex -54.9349 -3.7803 2.5
      vertex -60.7528 -20.3192 2.5
      vertex -58.7822 -20.8906 2.5
    endloop
  endfacet
  facet normal 0 0 1
    outer loop
      vertex -55.8827 -3.50053 2.5
      vertex -62.6562 -19.5998 2.5
      vertex -60.7528 -20.3192 2.5
    endloop
  endfacet
  facet normal 0 0 1
    outer loop
      vertex -56.3455 -3.32056 2.5
      vertex -64.4859 -18.7389 2.5
      vertex -62.6562 -19.5998 2.5
    endloop
  endfacet
  facet normal 0 0 1
    outer loop
      vertex -57.2423 -2.88065 2.5
      vertex -66.2348 -17.7433 2.5
      vertex -64.4859 -18.7389 2.5
    endloop
  endfacet
  facet normal 0 0 1
    outer loop
      vertex -73.5339 -10.9825 2.5
      vertex -57.6739 -2.62071 2.5
      vertex -66.8927 3.2942 2.5
    endloop
  endfacet
  facet normal 0 0 1
    outer loop
      vertex -77.2331 -3.83905 2.5
      vertex -66.8927 3.2942 2.5
      vertex -67.2671 3.54903 2.5
    endloop
  endfacet
  facet normal 0 0 1
    outer loop
      vertex -77.2331 -3.83905 2.5
      vertex -67.2671 3.54903 2.5
      vertex -67.6257 3.82033 2.5
    endloop
  endfacet
  facet normal 0 0 1
    outer loop
      vertex -57.6739 -2.62071 2.5
      vertex -67.8963 -16.62 2.5
      vertex -66.2348 -17.7433 2.5
    endloop
  endfacet
  facet normal 0 0 1
    outer loop
      vertex -77.8045 -1.86845 2.5
      vertex -67.6257 3.82033 2.5
      vertex -67.9683 4.10735 2.5
    endloop
  endfacet
  facet normal 0 0 1
    outer loop
      vertex -77.8045 -1.86845 2.5
      vertex -67.9683 4.10735 2.5
      vertex -68.2944 4.40955 2.5
    endloop
  endfacet
  facet normal 0 0 1
    outer loop
      vertex -78.221 0.162567 2.5
      vertex -68.2944 4.40955 2.5
      vertex -68.6037 4.72617 2.5
    endloop
  endfacet
  facet normal 0 0 1
    outer loop
      vertex -78.221 0.162567 2.5
      vertex -68.6037 4.72617 2.5
      vertex -68.8958 5.05659 2.5
    endloop
  endfacet
  facet normal 0 0 1
    outer loop
      vertex -78.4758 2.24715 2.5
      vertex -68.8958 5.05659 2.5
      vertex -69.1704 5.40007 2.5
    endloop
  endfacet
  facet normal 0 0 1
    outer loop
      vertex -78.4758 2.24715 2.5
      vertex -69.1704 5.40007 2.5
      vertex -69.427 5.75606 2.5
    endloop
  endfacet
  facet normal 0 0 1
    outer loop
      vertex -57.6739 -2.62071 2.5
      vertex -69.4638 -15.3754 2.5
      vertex -67.8963 -16.62 2.5
    endloop
  endfacet
  facet normal 0 0 1
    outer loop
      vertex -78.4758 2.24715 2.5
      vertex -69.427 5.75606 2.5
      vertex -69.6651 6.12387 2.5
    endloop
  endfacet
  facet normal 0 0 1
    outer loop
      vertex -78.5558 4.37842 2.5
      vertex -69.6651 6.12387 2.5
      vertex -69.8846 6.50275 2.5
    endloop
  endfacet
  facet normal 0 0 1
    outer loop
      vertex -78.5558 4.37842 2.5
      vertex -69.8846 6.50275 2.5
      vertex -70.0851 6.892 2.5
    endloop
  endfacet
  facet normal 0 0 1
    outer loop
      vertex -78.5349 5.41777 2.5
      vertex -70.0851 6.892 2.5
      vertex -70.266 7.29109 2.5
    endloop
  endfacet
  facet normal 0 0 1
    outer loop
      vertex -78.4725 6.45071 2.5
      vertex -70.266 7.29109 2.5
      vertex -70.4271 7.69926 2.5
    endloop
  endfacet
  facet normal 0 0 1
    outer loop
      vertex -78.3694 7.47633 2.5
      vertex -70.4271 7.69926 2.5
      vertex -70.5679 8.11591 2.5
    endloop
  endfacet
  facet normal 0 0 1
    outer loop
      vertex -78.3694 7.47633 2.5
      vertex -70.5679 8.11591 2.5
      vertex -70.6881 8.54025 2.5
    endloop
  endfacet
  facet normal 0 0 1
    outer loop
      vertex -78.2259 8.49333 2.5
      vertex -70.6881 8.54025 2.5
      vertex -70.7873 8.97177 2.5
    endloop
  endfacet
  facet normal 0 0 1
    outer loop
      vertex -78.043 9.50087 2.5
      vertex -70.7873 8.97177 2.5
      vertex -70.8651 9.4097 2.5
    endloop
  endfacet
  facet normal -0 0 1
    outer loop
      vertex -78.043 9.50087 2.5
      vertex -70.8651 9.4097 2.5
      vertex -70.9212 9.85335 2.5
    endloop
  endfacet
  facet normal 0 0 1
    outer loop
      vertex -57.6739 -2.62071 2.5
      vertex -70.9304 -14.0165 2.5
      vertex -69.4638 -15.3754 2.5
    endloop
  endfacet
  facet normal 0 0 1
    outer loop
      vertex -77.821 10.4977 2.5
      vertex -70.9212 9.85335 2.5
      vertex -70.955 10.3021 2.5
    endloop
  endfacet
  facet normal 0 0 1
    outer loop
      vertex -77.5607 11.4829 2.5
      vertex -70.955 10.3021 2.5
      vertex -70.9665 10.7553 2.5
    endloop
  endfacet
  facet normal -0 0 1
    outer loop
      vertex -72.3419 21.2418 2.5
      vertex -70.9665 10.7553 2.5
      vertex -71.6694 22.0033 2.5
    endloop
  endfacet
  facet normal 0 0 1
    outer loop
      vertex -57.6739 -2.62071 2.5
      vertex -72.2893 -12.5499 2.5
      vertex -70.9304 -14.0165 2.5
    endloop
  endfacet
  facet normal -0 0 1
    outer loop
      vertex -72.9836 20.4559 2.5
      vertex -70.9665 10.7553 2.5
      vertex -72.3419 21.2418 2.5
    endloop
  endfacet
  facet normal -0 0 1
    outer loop
      vertex -73.5935 19.6465 2.5
      vertex -70.9665 10.7553 2.5
      vertex -72.9836 20.4559 2.5
    endloop
  endfacet
  facet normal 0 0 1
    outer loop
      vertex -57.6739 -2.62071 2.5
      vertex -73.5339 -10.9825 2.5
      vertex -72.2893 -12.5499 2.5
    endloop
  endfacet
  facet normal -0 0 1
    outer loop
      vertex -74.1713 18.8148 2.5
      vertex -70.9665 10.7553 2.5
      vertex -73.5935 19.6465 2.5
    endloop
  endfacet
  facet normal -0 0 1
    outer loop
      vertex -74.7163 17.9616 2.5
      vertex -70.9665 10.7553 2.5
      vertex -74.1713 18.8148 2.5
    endloop
  endfacet
  facet normal 0 0 1
    outer loop
      vertex -66.8927 3.2942 2.5
      vertex -74.6572 -9.32092 2.5
      vertex -73.5339 -10.9825 2.5
    endloop
  endfacet
  facet normal -0 0 1
    outer loop
      vertex -75.2279 17.0883 2.5
      vertex -70.9665 10.7553 2.5
      vertex -74.7163 17.9616 2.5
    endloop
  endfacet
  facet normal -0 0 1
    outer loop
      vertex -75.7054 16.1958 2.5
      vertex -70.9665 10.7553 2.5
      vertex -75.2279 17.0883 2.5
    endloop
  endfacet
  facet normal 0 0 1
    outer loop
      vertex -66.8927 3.2942 2.5
      vertex -75.6528 -7.57196 2.5
      vertex -74.6572 -9.32092 2.5
    endloop
  endfacet
  facet normal -0 0 1
    outer loop
      vertex -76.1482 15.2852 2.5
      vertex -70.9665 10.7553 2.5
      vertex -75.7054 16.1958 2.5
    endloop
  endfacet
  facet normal -0 0 1
    outer loop
      vertex -76.5559 14.3575 2.5
      vertex -70.9665 10.7553 2.5
      vertex -76.1482 15.2852 2.5
    endloop
  endfacet
  facet normal 0 0 1
    outer loop
      vertex -66.8927 3.2942 2.5
      vertex -76.5137 -5.74251 2.5
      vertex -75.6528 -7.57196 2.5
    endloop
  endfacet
  facet normal -0 0 1
    outer loop
      vertex -76.9275 13.4138 2.5
      vertex -70.9665 10.7553 2.5
      vertex -76.5559 14.3575 2.5
    endloop
  endfacet
  facet normal -0 0 1
    outer loop
      vertex -77.2627 12.4553 2.5
      vertex -70.9665 10.7553 2.5
      vertex -76.9275 13.4138 2.5
    endloop
  endfacet
  facet normal 0 0 1
    outer loop
      vertex -66.8927 3.2942 2.5
      vertex -77.2331 -3.83905 2.5
      vertex -76.5137 -5.74251 2.5
    endloop
  endfacet
  facet normal -0 0 1
    outer loop
      vertex -77.5607 11.4829 2.5
      vertex -70.9665 10.7553 2.5
      vertex -77.2627 12.4553 2.5
    endloop
  endfacet
  facet normal 0 0 1
    outer loop
      vertex -70.955 10.3021 2.5
      vertex -77.5607 11.4829 2.5
      vertex -77.821 10.4977 2.5
    endloop
  endfacet
  facet normal 0 0 1
    outer loop
      vertex -67.6257 3.82033 2.5
      vertex -77.8045 -1.86845 2.5
      vertex -77.2331 -3.83905 2.5
    endloop
  endfacet
  facet normal 0 0 1
    outer loop
      vertex -70.9212 9.85335 2.5
      vertex -77.821 10.4977 2.5
      vertex -78.043 9.50087 2.5
    endloop
  endfacet
  facet normal 0 0 1
    outer loop
      vertex -70.7873 8.97177 2.5
      vertex -78.043 9.50087 2.5
      vertex -78.2259 8.49333 2.5
    endloop
  endfacet
  facet normal 0 0 1
    outer loop
      vertex -68.2944 4.40955 2.5
      vertex -78.221 0.162567 2.5
      vertex -77.8045 -1.86845 2.5
    endloop
  endfacet
  facet normal 0 0 1
    outer loop
      vertex -70.6881 8.54025 2.5
      vertex -78.2259 8.49333 2.5
      vertex -78.3694 7.47633 2.5
    endloop
  endfacet
  facet normal 0 0 1
    outer loop
      vertex -70.4271 7.69926 2.5
      vertex -78.3694 7.47633 2.5
      vertex -78.4725 6.45071 2.5
    endloop
  endfacet
  facet normal 0 0 1
    outer loop
      vertex -70.266 7.29109 2.5
      vertex -78.4725 6.45071 2.5
      vertex -78.5349 5.41777 2.5
    endloop
  endfacet
  facet normal 0 0 1
    outer loop
      vertex -68.8958 5.05659 2.5
      vertex -78.4758 2.24715 2.5
      vertex -78.221 0.162567 2.5
    endloop
  endfacet
  facet normal 0 0 1
    outer loop
      vertex -70.0851 6.892 2.5
      vertex -78.5349 5.41777 2.5
      vertex -78.5558 4.37842 2.5
    endloop
  endfacet
  facet normal 0 0 1
    outer loop
      vertex -69.6651 6.12387 2.5
      vertex -78.5558 4.37842 2.5
      vertex -78.4758 2.24715 2.5
    endloop
  endfacet
  facet normal 0 0 1
    outer loop
      vertex -78.4758 2.24715 2.5
      vertex -78.5558 4.37842 2.5
      vertex -78.5622 4.37857 2.5
    endloop
  endfacet
  facet normal -1 0 0
    outer loop
      vertex 99 -0.599999 2.1
      vertex 99 0.599999 2.5
      vertex 99 0.599999 2.1
    endloop
  endfacet
  facet normal -1 -0 0
    outer loop
      vertex 99 0.599999 2.5
      vertex 99 -0.599999 2.1
      vertex 99 -0.599999 2.5
    endloop
  endfacet
  facet normal 0 -1 0
    outer loop
      vertex 95 0.599999 2.1
      vertex 99 0.599999 2.5
      vertex 95 0.599999 2.5
    endloop
  endfacet
  facet normal 0 -1 -0
    outer loop
      vertex 99 0.599999 2.5
      vertex 95 0.599999 2.1
      vertex 99 0.599999 2.1
    endloop
  endfacet
  facet normal -0 0 1
    outer loop
      vertex 95 0.599999 2.1
      vertex 99 -0.599999 2.1
      vertex 99 0.599999 2.1
    endloop
  endfacet
  facet normal 0 0 1
    outer loop
      vertex 99 -0.599999 2.1
      vertex 95 0.599999 2.1
      vertex 95 -0.599999 2.1
    endloop
  endfacet
  facet normal 0 1 -0
    outer loop
      vertex 99 -0.599999 2.1
      vertex 95 -0.599999 2.5
      vertex 99 -0.599999 2.5
    endloop
  endfacet
  facet normal 0 1 0
    outer loop
      vertex 95 -0.599999 2.5
      vertex 99 -0.599999 2.1
      vertex 95 -0.599999 2.1
    endloop
  endfacet
  facet normal -0.866019 -0.500011 0
    outer loop
      vertex 86.0365 48.9804 2.1
      vertex 85.4365 50.0196 2.5
      vertex 85.4365 50.0196 2.1
    endloop
  endfacet
  facet normal -0.866019 -0.500011 0
    outer loop
      vertex 85.4365 50.0196 2.5
      vertex 86.0365 48.9804 2.1
      vertex 86.0365 48.9804 2.5
    endloop
  endfacet
  facet normal 0.5 -0.866025 0
    outer loop
      vertex 81.9724 48.0196 2.1
      vertex 85.4365 50.0196 2.5
      vertex 81.9724 48.0196 2.5
    endloop
  endfacet
  facet normal 0.5 -0.866025 0
    outer loop
      vertex 85.4365 50.0196 2.5
      vertex 81.9724 48.0196 2.1
      vertex 85.4365 50.0196 2.1
    endloop
  endfacet
  facet normal 0.866019 0.500011 0
    outer loop
      vertex 82.5724 46.9804 2.5
      vertex 81.9724 48.0196 2.1
      vertex 81.9724 48.0196 2.5
    endloop
  endfacet
  facet normal 0.866019 0.500011 0
    outer loop
      vertex 81.9724 48.0196 2.1
      vertex 82.5724 46.9804 2.5
      vertex 82.5724 46.9804 2.1
    endloop
  endfacet
  facet normal 0 0 1
    outer loop
      vertex 85.4365 50.0196 2.1
      vertex 82.5724 46.9804 2.1
      vertex 86.0365 48.9804 2.1
    endloop
  endfacet
  facet normal 0 -0 1
    outer loop
      vertex 82.5724 46.9804 2.1
      vertex 85.4365 50.0196 2.1
      vertex 81.9724 48.0196 2.1
    endloop
  endfacet
  facet normal -0.5 0.866025 0
    outer loop
      vertex 86.0365 48.9804 2.1
      vertex 82.5724 46.9804 2.5
      vertex 86.0365 48.9804 2.5
    endloop
  endfacet
  facet normal -0.5 0.866025 0
    outer loop
      vertex 82.5724 46.9804 2.5
      vertex 86.0365 48.9804 2.1
      vertex 82.5724 46.9804 2.1
    endloop
  endfacet
  facet normal -0.500011 -0.866019 0
    outer loop
      vertex 48.9804 86.0365 2.1
      vertex 50.0196 85.4365 2.5
      vertex 48.9804 86.0365 2.5
    endloop
  endfacet
  facet normal -0.500011 -0.866019 -0
    outer loop
      vertex 50.0196 85.4365 2.5
      vertex 48.9804 86.0365 2.1
      vertex 50.0196 85.4365 2.1
    endloop
  endfacet
  facet normal 0.866025 -0.5 0
    outer loop
      vertex 46.9804 82.5724 2.5
      vertex 48.9804 86.0365 2.1
      vertex 48.9804 86.0365 2.5
    endloop
  endfacet
  facet normal 0.866025 -0.5 0
    outer loop
      vertex 48.9804 86.0365 2.1
      vertex 46.9804 82.5724 2.5
      vertex 46.9804 82.5724 2.1
    endloop
  endfacet
  facet normal 0.500011 0.866019 -0
    outer loop
      vertex 48.0196 81.9724 2.1
      vertex 46.9804 82.5724 2.5
      vertex 48.0196 81.9724 2.5
    endloop
  endfacet
  facet normal 0.500011 0.866019 0
    outer loop
      vertex 46.9804 82.5724 2.5
      vertex 48.0196 81.9724 2.1
      vertex 46.9804 82.5724 2.1
    endloop
  endfacet
  facet normal 0 0 1
    outer loop
      vertex 48.9804 86.0365 2.1
      vertex 48.0196 81.9724 2.1
      vertex 50.0196 85.4365 2.1
    endloop
  endfacet
  facet normal 0 -0 1
    outer loop
      vertex 48.0196 81.9724 2.1
      vertex 48.9804 86.0365 2.1
      vertex 46.9804 82.5724 2.1
    endloop
  endfacet
  facet normal -0.866025 0.5 0
    outer loop
      vertex 48.0196 81.9724 2.1
      vertex 50.0196 85.4365 2.5
      vertex 50.0196 85.4365 2.1
    endloop
  endfacet
  facet normal -0.866025 0.5 0
    outer loop
      vertex 50.0196 85.4365 2.5
      vertex 48.0196 81.9724 2.1
      vertex 48.0196 81.9724 2.5
    endloop
  endfacet
  facet normal 0 -1 0
    outer loop
      vertex -0.599999 99 2.1
      vertex 0.599999 99 2.5
      vertex -0.599999 99 2.5
    endloop
  endfacet
  facet normal 0 -1 -0
    outer loop
      vertex 0.599999 99 2.5
      vertex -0.599999 99 2.1
      vertex 0.599999 99 2.1
    endloop
  endfacet
  facet normal 1 -0 0
    outer loop
      vertex -0.599999 95 2.5
      vertex -0.599999 99 2.1
      vertex -0.599999 99 2.5
    endloop
  endfacet
  facet normal 1 0 0
    outer loop
      vertex -0.599999 99 2.1
      vertex -0.599999 95 2.5
      vertex -0.599999 95 2.1
    endloop
  endfacet
  facet normal 0 1 -0
    outer loop
      vertex 0.599999 95 2.1
      vertex -0.599999 95 2.5
      vertex 0.599999 95 2.5
    endloop
  endfacet
  facet normal 0 1 0
    outer loop
      vertex -0.599999 95 2.5
      vertex 0.599999 95 2.1
      vertex -0.599999 95 2.1
    endloop
  endfacet
  facet normal -0 0 1
    outer loop
      vertex -0.599999 99 2.1
      vertex 0.599999 95 2.1
      vertex 0.599999 99 2.1
    endloop
  endfacet
  facet normal 0 0 1
    outer loop
      vertex 0.599999 95 2.1
      vertex -0.599999 99 2.1
      vertex -0.599999 95 2.1
    endloop
  endfacet
  facet normal -1 0 0
    outer loop
      vertex 0.599999 95 2.1
      vertex 0.599999 99 2.5
      vertex 0.599999 99 2.1
    endloop
  endfacet
  facet normal -1 -0 0
    outer loop
      vertex 0.599999 99 2.5
      vertex 0.599999 95 2.1
      vertex 0.599999 95 2.5
    endloop
  endfacet
  facet normal 0.500011 -0.866019 0
    outer loop
      vertex -50.0196 85.4365 2.1
      vertex -48.9804 86.0365 2.5
      vertex -50.0196 85.4365 2.5
    endloop
  endfacet
  facet normal 0.500011 -0.866019 0
    outer loop
      vertex -48.9804 86.0365 2.5
      vertex -50.0196 85.4365 2.1
      vertex -48.9804 86.0365 2.1
    endloop
  endfacet
  facet normal -0.866025 -0.5 0
    outer loop
      vertex -46.9804 82.5724 2.1
      vertex -48.9804 86.0365 2.5
      vertex -48.9804 86.0365 2.1
    endloop
  endfacet
  facet normal -0.866025 -0.5 0
    outer loop
      vertex -48.9804 86.0365 2.5
      vertex -46.9804 82.5724 2.1
      vertex -46.9804 82.5724 2.5
    endloop
  endfacet
  facet normal -0.500011 0.866019 0
    outer loop
      vertex -46.9804 82.5724 2.1
      vertex -48.0196 81.9724 2.5
      vertex -46.9804 82.5724 2.5
    endloop
  endfacet
  facet normal -0.500011 0.866019 0
    outer loop
      vertex -48.0196 81.9724 2.5
      vertex -46.9804 82.5724 2.1
      vertex -48.0196 81.9724 2.1
    endloop
  endfacet
  facet normal 0 0 1
    outer loop
      vertex -48.9804 86.0365 2.1
      vertex -48.0196 81.9724 2.1
      vertex -46.9804 82.5724 2.1
    endloop
  endfacet
  facet normal 0 0 1
    outer loop
      vertex -48.0196 81.9724 2.1
      vertex -48.9804 86.0365 2.1
      vertex -50.0196 85.4365 2.1
    endloop
  endfacet
  facet normal 0.866025 0.5 0
    outer loop
      vertex -48.0196 81.9724 2.5
      vertex -50.0196 85.4365 2.1
      vertex -50.0196 85.4365 2.5
    endloop
  endfacet
  facet normal 0.866025 0.5 0
    outer loop
      vertex -50.0196 85.4365 2.1
      vertex -48.0196 81.9724 2.5
      vertex -48.0196 81.9724 2.1
    endloop
  endfacet
  facet normal 0.866019 -0.500011 0
    outer loop
      vertex -86.0365 48.9804 2.5
      vertex -85.4365 50.0196 2.1
      vertex -85.4365 50.0196 2.5
    endloop
  endfacet
  facet normal 0.866019 -0.500011 0
    outer loop
      vertex -85.4365 50.0196 2.1
      vertex -86.0365 48.9804 2.5
      vertex -86.0365 48.9804 2.1
    endloop
  endfacet
  facet normal -0.866019 0.500011 0
    outer loop
      vertex -82.5724 46.9804 2.1
      vertex -81.9724 48.0196 2.5
      vertex -81.9724 48.0196 2.1
    endloop
  endfacet
  facet normal -0.866019 0.500011 0
    outer loop
      vertex -81.9724 48.0196 2.5
      vertex -82.5724 46.9804 2.1
      vertex -82.5724 46.9804 2.5
    endloop
  endfacet
  facet normal -0.5 -0.866025 0
    outer loop
      vertex -85.4365 50.0196 2.1
      vertex -81.9724 48.0196 2.5
      vertex -85.4365 50.0196 2.5
    endloop
  endfacet
  facet normal -0.5 -0.866025 -0
    outer loop
      vertex -81.9724 48.0196 2.5
      vertex -85.4365 50.0196 2.1
      vertex -81.9724 48.0196 2.1
    endloop
  endfacet
  facet normal 0 0 1
    outer loop
      vertex -85.4365 50.0196 2.1
      vertex -82.5724 46.9804 2.1
      vertex -81.9724 48.0196 2.1
    endloop
  endfacet
  facet normal 0 0 1
    outer loop
      vertex -82.5724 46.9804 2.1
      vertex -85.4365 50.0196 2.1
      vertex -86.0365 48.9804 2.1
    endloop
  endfacet
  facet normal 0.5 0.866025 -0
    outer loop
      vertex -82.5724 46.9804 2.1
      vertex -86.0365 48.9804 2.5
      vertex -82.5724 46.9804 2.5
    endloop
  endfacet
  facet normal 0.5 0.866025 0
    outer loop
      vertex -86.0365 48.9804 2.5
      vertex -82.5724 46.9804 2.1
      vertex -86.0365 48.9804 2.1
    endloop
  endfacet
  facet normal 1 -0 0
    outer loop
      vertex -99 -0.599999 2.5
      vertex -99 0.599999 2.1
      vertex -99 0.599999 2.5
    endloop
  endfacet
  facet normal 1 0 0
    outer loop
      vertex -99 0.599999 2.1
      vertex -99 -0.599999 2.5
      vertex -99 -0.599999 2.1
    endloop
  endfacet
  facet normal 0 -1 0
    outer loop
      vertex -99 0.599999 2.1
      vertex -95 0.599999 2.5
      vertex -99 0.599999 2.5
    endloop
  endfacet
  facet normal 0 -1 -0
    outer loop
      vertex -95 0.599999 2.5
      vertex -99 0.599999 2.1
      vertex -95 0.599999 2.1
    endloop
  endfacet
  facet normal -1 0 0
    outer loop
      vertex -95 -0.599999 2.1
      vertex -95 0.599999 2.5
      vertex -95 0.599999 2.1
    endloop
  endfacet
  facet normal -1 -0 0
    outer loop
      vertex -95 0.599999 2.5
      vertex -95 -0.599999 2.1
      vertex -95 -0.599999 2.5
    endloop
  endfacet
  facet normal -0 0 1
    outer loop
      vertex -99 0.599999 2.1
      vertex -95 -0.599999 2.1
      vertex -95 0.599999 2.1
    endloop
  endfacet
  facet normal 0 0 1
    outer loop
      vertex -95 -0.599999 2.1
      vertex -99 0.599999 2.1
      vertex -99 -0.599999 2.1
    endloop
  endfacet
  facet normal 0 1 -0
    outer loop
      vertex -95 -0.599999 2.1
      vertex -99 -0.599999 2.5
      vertex -95 -0.599999 2.5
    endloop
  endfacet
  facet normal 0 1 0
    outer loop
      vertex -99 -0.599999 2.5
      vertex -95 -0.599999 2.1
      vertex -99 -0.599999 2.1
    endloop
  endfacet
  facet normal -0.866019 -0.500011 0
    outer loop
      vertex -81.9724 -48.0196 2.1
      vertex -82.5724 -46.9804 2.5
      vertex -82.5724 -46.9804 2.1
    endloop
  endfacet
  facet normal -0.866019 -0.500011 0
    outer loop
      vertex -82.5724 -46.9804 2.5
      vertex -81.9724 -48.0196 2.1
      vertex -81.9724 -48.0196 2.5
    endloop
  endfacet
  facet normal 0.866019 0.500011 0
    outer loop
      vertex -85.4365 -50.0196 2.5
      vertex -86.0365 -48.9804 2.1
      vertex -86.0365 -48.9804 2.5
    endloop
  endfacet
  facet normal 0.866019 0.500011 0
    outer loop
      vertex -86.0365 -48.9804 2.1
      vertex -85.4365 -50.0196 2.5
      vertex -85.4365 -50.0196 2.1
    endloop
  endfacet
  facet normal 0.5 -0.866025 0
    outer loop
      vertex -86.0365 -48.9804 2.1
      vertex -82.5724 -46.9804 2.5
      vertex -86.0365 -48.9804 2.5
    endloop
  endfacet
  facet normal 0.5 -0.866025 0
    outer loop
      vertex -82.5724 -46.9804 2.5
      vertex -86.0365 -48.9804 2.1
      vertex -82.5724 -46.9804 2.1
    endloop
  endfacet
  facet normal 0 0 1
    outer loop
      vertex -82.5724 -46.9804 2.1
      vertex -85.4365 -50.0196 2.1
      vertex -81.9724 -48.0196 2.1
    endloop
  endfacet
  facet normal 0 -0 1
    outer loop
      vertex -85.4365 -50.0196 2.1
      vertex -82.5724 -46.9804 2.1
      vertex -86.0365 -48.9804 2.1
    endloop
  endfacet
  facet normal -0.5 0.866025 0
    outer loop
      vertex -81.9724 -48.0196 2.1
      vertex -85.4365 -50.0196 2.5
      vertex -81.9724 -48.0196 2.5
    endloop
  endfacet
  facet normal -0.5 0.866025 0
    outer loop
      vertex -85.4365 -50.0196 2.5
      vertex -81.9724 -48.0196 2.1
      vertex -85.4365 -50.0196 2.1
    endloop
  endfacet
  facet normal -0.500011 -0.866019 0
    outer loop
      vertex -48.0196 -81.9724 2.1
      vertex -46.9804 -82.5724 2.5
      vertex -48.0196 -81.9724 2.5
    endloop
  endfacet
  facet normal -0.500011 -0.866019 -0
    outer loop
      vertex -46.9804 -82.5724 2.5
      vertex -48.0196 -81.9724 2.1
      vertex -46.9804 -82.5724 2.1
    endloop
  endfacet
  facet normal 0.500011 0.866019 -0
    outer loop
      vertex -48.9804 -86.0365 2.1
      vertex -50.0196 -85.4365 2.5
      vertex -48.9804 -86.0365 2.5
    endloop
  endfacet
  facet normal 0.500011 0.866019 0
    outer loop
      vertex -50.0196 -85.4365 2.5
      vertex -48.9804 -86.0365 2.1
      vertex -50.0196 -85.4365 2.1
    endloop
  endfacet
  facet normal 0.866025 -0.5 0
    outer loop
      vertex -50.0196 -85.4365 2.5
      vertex -48.0196 -81.9724 2.1
      vertex -48.0196 -81.9724 2.5
    endloop
  endfacet
  facet normal 0.866025 -0.5 0
    outer loop
      vertex -48.0196 -81.9724 2.1
      vertex -50.0196 -85.4365 2.5
      vertex -50.0196 -85.4365 2.1
    endloop
  endfacet
  facet normal 0 0 1
    outer loop
      vertex -48.0196 -81.9724 2.1
      vertex -48.9804 -86.0365 2.1
      vertex -46.9804 -82.5724 2.1
    endloop
  endfacet
  facet normal 0 -0 1
    outer loop
      vertex -48.9804 -86.0365 2.1
      vertex -48.0196 -81.9724 2.1
      vertex -50.0196 -85.4365 2.1
    endloop
  endfacet
  facet normal -0.866025 0.5 0
    outer loop
      vertex -48.9804 -86.0365 2.1
      vertex -46.9804 -82.5724 2.5
      vertex -46.9804 -82.5724 2.1
    endloop
  endfacet
  facet normal -0.866025 0.5 0
    outer loop
      vertex -46.9804 -82.5724 2.5
      vertex -48.9804 -86.0365 2.1
      vertex -48.9804 -86.0365 2.5
    endloop
  endfacet
  facet normal 0 -1 0
    outer loop
      vertex -0.599999 -95 2.1
      vertex 0.599999 -95 2.5
      vertex -0.599999 -95 2.5
    endloop
  endfacet
  facet normal 0 -1 -0
    outer loop
      vertex 0.599999 -95 2.5
      vertex -0.599999 -95 2.1
      vertex 0.599999 -95 2.1
    endloop
  endfacet
  facet normal 0 1 -0
    outer loop
      vertex 0.599999 -99 2.1
      vertex -0.599999 -99 2.5
      vertex 0.599999 -99 2.5
    endloop
  endfacet
  facet normal 0 1 0
    outer loop
      vertex -0.599999 -99 2.5
      vertex 0.599999 -99 2.1
      vertex -0.599999 -99 2.1
    endloop
  endfacet
  facet normal 1 -0 0
    outer loop
      vertex -0.599999 -99 2.5
      vertex -0.599999 -95 2.1
      vertex -0.599999 -95 2.5
    endloop
  endfacet
  facet normal 1 0 0
    outer loop
      vertex -0.599999 -95 2.1
      vertex -0.599999 -99 2.5
      vertex -0.599999 -99 2.1
    endloop
  endfacet
  facet normal -0 0 1
    outer loop
      vertex -0.599999 -95 2.1
      vertex 0.599999 -99 2.1
      vertex 0.599999 -95 2.1
    endloop
  endfacet
  facet normal 0 0 1
    outer loop
      vertex 0.599999 -99 2.1
      vertex -0.599999 -95 2.1
      vertex -0.599999 -99 2.1
    endloop
  endfacet
  facet normal -1 0 0
    outer loop
      vertex 0.599999 -99 2.1
      vertex 0.599999 -95 2.5
      vertex 0.599999 -95 2.1
    endloop
  endfacet
  facet normal -1 -0 0
    outer loop
      vertex 0.599999 -95 2.5
      vertex 0.599999 -99 2.1
      vertex 0.599999 -99 2.5
    endloop
  endfacet
  facet normal 0.500011 -0.866019 0
    outer loop
      vertex 46.9804 -82.5724 2.1
      vertex 48.0196 -81.9724 2.5
      vertex 46.9804 -82.5724 2.5
    endloop
  endfacet
  facet normal 0.500011 -0.866019 0
    outer loop
      vertex 48.0196 -81.9724 2.5
      vertex 46.9804 -82.5724 2.1
      vertex 48.0196 -81.9724 2.1
    endloop
  endfacet
  facet normal -0.500011 0.866019 0
    outer loop
      vertex 50.0196 -85.4365 2.1
      vertex 48.9804 -86.0365 2.5
      vertex 50.0196 -85.4365 2.5
    endloop
  endfacet
  facet normal -0.500011 0.866019 0
    outer loop
      vertex 48.9804 -86.0365 2.5
      vertex 50.0196 -85.4365 2.1
      vertex 48.9804 -86.0365 2.1
    endloop
  endfacet
  facet normal -0.866025 -0.5 0
    outer loop
      vertex 50.0196 -85.4365 2.1
      vertex 48.0196 -81.9724 2.5
      vertex 48.0196 -81.9724 2.1
    endloop
  endfacet
  facet normal -0.866025 -0.5 0
    outer loop
      vertex 48.0196 -81.9724 2.5
      vertex 50.0196 -85.4365 2.1
      vertex 50.0196 -85.4365 2.5
    endloop
  endfacet
  facet normal 0 0 1
    outer loop
      vertex 48.0196 -81.9724 2.1
      vertex 48.9804 -86.0365 2.1
      vertex 50.0196 -85.4365 2.1
    endloop
  endfacet
  facet normal 0 0 1
    outer loop
      vertex 48.9804 -86.0365 2.1
      vertex 48.0196 -81.9724 2.1
      vertex 46.9804 -82.5724 2.1
    endloop
  endfacet
  facet normal 0.866025 0.5 0
    outer loop
      vertex 48.9804 -86.0365 2.5
      vertex 46.9804 -82.5724 2.1
      vertex 46.9804 -82.5724 2.5
    endloop
  endfacet
  facet normal 0.866025 0.5 0
    outer loop
      vertex 46.9804 -82.5724 2.1
      vertex 48.9804 -86.0365 2.5
      vertex 48.9804 -86.0365 2.1
    endloop
  endfacet
  facet normal 0.866019 -0.500011 0
    outer loop
      vertex 81.9724 -48.0196 2.5
      vertex 82.5724 -46.9804 2.1
      vertex 82.5724 -46.9804 2.5
    endloop
  endfacet
  facet normal 0.866019 -0.500011 0
    outer loop
      vertex 82.5724 -46.9804 2.1
      vertex 81.9724 -48.0196 2.5
      vertex 81.9724 -48.0196 2.1
    endloop
  endfacet
  facet normal -0.866019 0.500011 0
    outer loop
      vertex 85.4365 -50.0196 2.1
      vertex 86.0365 -48.9804 2.5
      vertex 86.0365 -48.9804 2.1
    endloop
  endfacet
  facet normal -0.866019 0.500011 0
    outer loop
      vertex 86.0365 -48.9804 2.5
      vertex 85.4365 -50.0196 2.1
      vertex 85.4365 -50.0196 2.5
    endloop
  endfacet
  facet normal -0.5 -0.866025 0
    outer loop
      vertex 82.5724 -46.9804 2.1
      vertex 86.0365 -48.9804 2.5
      vertex 82.5724 -46.9804 2.5
    endloop
  endfacet
  facet normal -0.5 -0.866025 -0
    outer loop
      vertex 86.0365 -48.9804 2.5
      vertex 82.5724 -46.9804 2.1
      vertex 86.0365 -48.9804 2.1
    endloop
  endfacet
  facet normal 0 0 1
    outer loop
      vertex 82.5724 -46.9804 2.1
      vertex 85.4365 -50.0196 2.1
      vertex 86.0365 -48.9804 2.1
    endloop
  endfacet
  facet normal 0 0 1
    outer loop
      vertex 85.4365 -50.0196 2.1
      vertex 82.5724 -46.9804 2.1
      vertex 81.9724 -48.0196 2.1
    endloop
  endfacet
  facet normal 0.5 0.866025 -0
    outer loop
      vertex 85.4365 -50.0196 2.1
      vertex 81.9724 -48.0196 2.5
      vertex 85.4365 -50.0196 2.5
    endloop
  endfacet
  facet normal 0.5 0.866025 0
    outer loop
      vertex 81.9724 -48.0196 2.5
      vertex 85.4365 -50.0196 2.1
      vertex 81.9724 -48.0196 2.1
    endloop
  endfacet
  facet normal 0.999507 0.0314065 0
    outer loop
      vertex 100 0 2.5
      vertex 99.8027 6.27905 -15.5
      vertex 99.8027 6.27905 2.5
    endloop
  endfacet
  facet normal 0.999507 0.0314065 0
    outer loop
      vertex 99.8027 6.27905 -15.5
      vertex 100 0 2.5
      vertex 100 0 -15.5
    endloop
  endfacet
  facet normal -0.661307 0.750115 0
    outer loop
      vertex -63.7424 77.0513 -15.5
      vertex -68.4547 72.8969 2.5
      vertex -63.7424 77.0513 2.5
    endloop
  endfacet
  facet normal -0.661307 0.750115 0
    outer loop
      vertex -68.4547 72.8969 2.5
      vertex -63.7424 77.0513 -15.5
      vertex -68.4547 72.8969 -15.5
    endloop
  endfacet
  facet normal -0.338749 0.940877 0
    outer loop
      vertex -30.9017 95.1057 -15.5
      vertex -36.8125 92.9776 2.5
      vertex -30.9017 95.1057 2.5
    endloop
  endfacet
  facet normal -0.338749 0.940877 0
    outer loop
      vertex -36.8125 92.9776 2.5
      vertex -30.9017 95.1057 -15.5
      vertex -36.8125 92.9776 -15.5
    endloop
  endfacet
  facet normal 0.960296 0.278982 0
    outer loop
      vertex 96.8583 24.869 2.5
      vertex 95.1057 30.9017 -15.5
      vertex 95.1057 30.9017 2.5
    endloop
  endfacet
  facet normal 0.960296 0.278982 0
    outer loop
      vertex 95.1057 30.9017 -15.5
      vertex 96.8583 24.869 2.5
      vertex 96.8583 24.869 -15.5
    endloop
  endfacet
  facet normal 0.0941082 0.995562 -0
    outer loop
      vertex 12.5333 99.2115 -15.5
      vertex 6.27905 99.8027 2.5
      vertex 12.5333 99.2115 2.5
    endloop
  endfacet
  facet normal 0.0941082 0.995562 0
    outer loop
      vertex 6.27905 99.8027 2.5
      vertex 12.5333 99.2115 -15.5
      vertex 6.27905 99.8027 -15.5
    endloop
  endfacet
  facet normal -0.827078 0.562088 0
    outer loop
      vertex -84.4328 53.5827 -15.5
      vertex -80.9017 58.7785 2.5
      vertex -80.9017 58.7785 -15.5
    endloop
  endfacet
  facet normal -0.827078 0.562088 0
    outer loop
      vertex -80.9017 58.7785 2.5
      vertex -84.4328 53.5827 -15.5
      vertex -84.4328 53.5827 2.5
    endloop
  endfacet
  facet normal -0.790155 0.612907 0
    outer loop
      vertex -80.9017 58.7785 -15.5
      vertex -77.0513 63.7424 2.5
      vertex -77.0513 63.7424 -15.5
    endloop
  endfacet
  facet normal -0.790155 0.612907 0
    outer loop
      vertex -77.0513 63.7424 2.5
      vertex -80.9017 58.7785 -15.5
      vertex -80.9017 58.7785 2.5
    endloop
  endfacet
  facet normal -0.995562 0.0941082 0
    outer loop
      vertex -99.8027 6.27905 -15.5
      vertex -99.2115 12.5333 2.5
      vertex -99.2115 12.5333 -15.5
    endloop
  endfacet
  facet normal -0.995562 0.0941082 0
    outer loop
      vertex -99.2115 12.5333 2.5
      vertex -99.8027 6.27905 -15.5
      vertex -99.8027 6.27905 2.5
    endloop
  endfacet
  facet normal 0.86074 -0.509045 0
    outer loop
      vertex 84.4328 -53.5827 2.5
      vertex 87.6307 -48.1754 -15.5
      vertex 87.6307 -48.1754 2.5
    endloop
  endfacet
  facet normal 0.86074 -0.509045 0
    outer loop
      vertex 87.6307 -48.1754 -15.5
      vertex 84.4328 -53.5827 2.5
      vertex 84.4328 -53.5827 -15.5
    endloop
  endfacet
  facet normal 0.278982 -0.960296 0
    outer loop
      vertex 24.869 -96.8583 -15.5
      vertex 30.9017 -95.1057 2.5
      vertex 24.869 -96.8583 2.5
    endloop
  endfacet
  facet normal 0.278982 -0.960296 0
    outer loop
      vertex 30.9017 -95.1057 2.5
      vertex 24.869 -96.8583 -15.5
      vertex 30.9017 -95.1057 -15.5
    endloop
  endfacet
  facet normal 0.661307 -0.750115 0
    outer loop
      vertex 63.7424 -77.0513 -15.5
      vertex 68.4547 -72.8969 2.5
      vertex 63.7424 -77.0513 2.5
    endloop
  endfacet
  facet normal 0.661307 -0.750115 0
    outer loop
      vertex 68.4547 -72.8969 2.5
      vertex 63.7424 -77.0513 -15.5
      vertex 68.4547 -72.8969 -15.5
    endloop
  endfacet
  facet normal -0.397146 -0.917755 0
    outer loop
      vertex -42.5779 -90.4827 -15.5
      vertex -36.8125 -92.9776 2.5
      vertex -42.5779 -90.4827 2.5
    endloop
  endfacet
  facet normal -0.397146 -0.917755 -0
    outer loop
      vertex -36.8125 -92.9776 2.5
      vertex -42.5779 -90.4827 -15.5
      vertex -36.8125 -92.9776 -15.5
    endloop
  endfacet
  facet normal 0.891011 0.453982 0
    outer loop
      vertex 90.4827 42.5779 2.5
      vertex 87.6307 48.1754 -15.5
      vertex 87.6307 48.1754 2.5
    endloop
  endfacet
  facet normal 0.891011 0.453982 0
    outer loop
      vertex 87.6307 48.1754 -15.5
      vertex 90.4827 42.5779 2.5
      vertex 90.4827 42.5779 -15.5
    endloop
  endfacet
  facet normal 0.21814 0.975917 -0
    outer loop
      vertex 24.869 96.8583 -15.5
      vertex 18.7381 98.2287 2.5
      vertex 24.869 96.8583 2.5
    endloop
  endfacet
  facet normal 0.21814 0.975917 0
    outer loop
      vertex 18.7381 98.2287 2.5
      vertex 24.869 96.8583 -15.5
      vertex 18.7381 98.2287 -15.5
    endloop
  endfacet
  facet normal 0.338749 0.940877 -0
    outer loop
      vertex 36.8125 92.9776 -15.5
      vertex 30.9017 95.1057 2.5
      vertex 36.8125 92.9776 2.5
    endloop
  endfacet
  facet normal 0.338749 0.940877 0
    outer loop
      vertex 30.9017 95.1057 2.5
      vertex 36.8125 92.9776 -15.5
      vertex 30.9017 95.1057 -15.5
    endloop
  endfacet
  facet normal 0.156443 0.987687 -0
    outer loop
      vertex 18.7381 98.2287 -15.5
      vertex 12.5333 99.2115 2.5
      vertex 18.7381 98.2287 2.5
    endloop
  endfacet
  facet normal 0.156443 0.987687 0
    outer loop
      vertex 12.5333 99.2115 2.5
      vertex 18.7381 98.2287 -15.5
      vertex 12.5333 99.2115 -15.5
    endloop
  endfacet
  facet normal 0.661307 0.750115 -0
    outer loop
      vertex 68.4547 72.8969 -15.5
      vertex 63.7424 77.0513 2.5
      vertex 68.4547 72.8969 2.5
    endloop
  endfacet
  facet normal 0.661307 0.750115 0
    outer loop
      vertex 63.7424 77.0513 2.5
      vertex 68.4547 72.8969 -15.5
      vertex 63.7424 77.0513 -15.5
    endloop
  endfacet
  facet normal 0.509045 0.86074 -0
    outer loop
      vertex 53.5827 84.4328 -15.5
      vertex 48.1754 87.6307 2.5
      vertex 53.5827 84.4328 2.5
    endloop
  endfacet
  facet normal 0.509045 0.86074 0
    outer loop
      vertex 48.1754 87.6307 2.5
      vertex 53.5827 84.4328 -15.5
      vertex 48.1754 87.6307 -15.5
    endloop
  endfacet
  facet normal -0.891011 0.453982 0
    outer loop
      vertex -90.4827 42.5779 -15.5
      vertex -87.6307 48.1754 2.5
      vertex -87.6307 48.1754 -15.5
    endloop
  endfacet
  facet normal -0.891011 0.453982 0
    outer loop
      vertex -87.6307 48.1754 2.5
      vertex -90.4827 42.5779 -15.5
      vertex -90.4827 42.5779 2.5
    endloop
  endfacet
  facet normal -0.960296 0.278982 0
    outer loop
      vertex -96.8583 24.869 -15.5
      vertex -95.1057 30.9017 2.5
      vertex -95.1057 30.9017 -15.5
    endloop
  endfacet
  facet normal -0.960296 0.278982 0
    outer loop
      vertex -95.1057 30.9017 2.5
      vertex -96.8583 24.869 -15.5
      vertex -96.8583 24.869 2.5
    endloop
  endfacet
  facet normal -0.987687 0.156443 0
    outer loop
      vertex -99.2115 12.5333 -15.5
      vertex -98.2287 18.7381 2.5
      vertex -98.2287 18.7381 -15.5
    endloop
  endfacet
  facet normal -0.987687 0.156443 0
    outer loop
      vertex -98.2287 18.7381 2.5
      vertex -99.2115 12.5333 -15.5
      vertex -99.2115 12.5333 2.5
    endloop
  endfacet
  facet normal -0.509045 0.86074 0
    outer loop
      vertex -48.1754 87.6307 -15.5
      vertex -53.5827 84.4328 2.5
      vertex -48.1754 87.6307 2.5
    endloop
  endfacet
  facet normal -0.509045 0.86074 0
    outer loop
      vertex -53.5827 84.4328 2.5
      vertex -48.1754 87.6307 -15.5
      vertex -53.5827 84.4328 -15.5
    endloop
  endfacet
  facet normal -0.612907 0.790155 0
    outer loop
      vertex -58.7785 80.9017 -15.5
      vertex -63.7424 77.0513 2.5
      vertex -58.7785 80.9017 2.5
    endloop
  endfacet
  facet normal -0.612907 0.790155 0
    outer loop
      vertex -63.7424 77.0513 2.5
      vertex -58.7785 80.9017 -15.5
      vertex -63.7424 77.0513 -15.5
    endloop
  endfacet
  facet normal -0.0941082 0.995562 0
    outer loop
      vertex -6.27905 99.8027 -15.5
      vertex -12.5333 99.2115 2.5
      vertex -6.27905 99.8027 2.5
    endloop
  endfacet
  facet normal -0.0941082 0.995562 0
    outer loop
      vertex -12.5333 99.2115 2.5
      vertex -6.27905 99.8027 -15.5
      vertex -12.5333 99.2115 -15.5
    endloop
  endfacet
  facet normal -0.278982 0.960296 0
    outer loop
      vertex -24.869 96.8583 -15.5
      vertex -30.9017 95.1057 2.5
      vertex -24.869 96.8583 2.5
    endloop
  endfacet
  facet normal -0.278982 0.960296 0
    outer loop
      vertex -30.9017 95.1057 2.5
      vertex -24.869 96.8583 -15.5
      vertex -30.9017 95.1057 -15.5
    endloop
  endfacet
  facet normal -0.156443 0.987687 0
    outer loop
      vertex -12.5333 99.2115 -15.5
      vertex -18.7381 98.2287 2.5
      vertex -12.5333 99.2115 2.5
    endloop
  endfacet
  facet normal -0.156443 0.987687 0
    outer loop
      vertex -18.7381 98.2287 2.5
      vertex -12.5333 99.2115 -15.5
      vertex -18.7381 98.2287 -15.5
    endloop
  endfacet
  facet normal 0.453982 -0.891011 0
    outer loop
      vertex 42.5779 -90.4827 -15.5
      vertex 48.1754 -87.6307 2.5
      vertex 42.5779 -90.4827 2.5
    endloop
  endfacet
  facet normal 0.453982 -0.891011 0
    outer loop
      vertex 48.1754 -87.6307 2.5
      vertex 42.5779 -90.4827 -15.5
      vertex 48.1754 -87.6307 -15.5
    endloop
  endfacet
  facet normal 0.612907 -0.790155 0
    outer loop
      vertex 58.7785 -80.9017 -15.5
      vertex 63.7424 -77.0513 2.5
      vertex 58.7785 -80.9017 2.5
    endloop
  endfacet
  facet normal 0.612907 -0.790155 0
    outer loop
      vertex 63.7424 -77.0513 2.5
      vertex 58.7785 -80.9017 -15.5
      vertex 63.7424 -77.0513 -15.5
    endloop
  endfacet
  facet normal 0.750115 -0.661307 0
    outer loop
      vertex 72.8969 -68.4547 2.5
      vertex 77.0513 -63.7424 -15.5
      vertex 77.0513 -63.7424 2.5
    endloop
  endfacet
  facet normal 0.750115 -0.661307 0
    outer loop
      vertex 77.0513 -63.7424 -15.5
      vertex 72.8969 -68.4547 2.5
      vertex 72.8969 -68.4547 -15.5
    endloop
  endfacet
  facet normal 0.975917 -0.21814 0
    outer loop
      vertex 96.8583 -24.869 2.5
      vertex 98.2287 -18.7381 -15.5
      vertex 98.2287 -18.7381 2.5
    endloop
  endfacet
  facet normal 0.975917 -0.21814 0
    outer loop
      vertex 98.2287 -18.7381 -15.5
      vertex 96.8583 -24.869 2.5
      vertex 96.8583 -24.869 -15.5
    endloop
  endfacet
  facet normal -0.0941082 -0.995562 0
    outer loop
      vertex -12.5333 -99.2115 -15.5
      vertex -6.27905 -99.8027 2.5
      vertex -12.5333 -99.2115 2.5
    endloop
  endfacet
  facet normal -0.0941082 -0.995562 -0
    outer loop
      vertex -6.27905 -99.8027 2.5
      vertex -12.5333 -99.2115 -15.5
      vertex -6.27905 -99.8027 -15.5
    endloop
  endfacet
  facet normal -0.612907 -0.790155 0
    outer loop
      vertex -63.7424 -77.0513 -15.5
      vertex -58.7785 -80.9017 2.5
      vertex -63.7424 -77.0513 2.5
    endloop
  endfacet
  facet normal -0.612907 -0.790155 -0
    outer loop
      vertex -58.7785 -80.9017 2.5
      vertex -63.7424 -77.0513 -15.5
      vertex -58.7785 -80.9017 -15.5
    endloop
  endfacet
  facet normal -0.750115 -0.661307 0
    outer loop
      vertex -72.8969 -68.4547 -15.5
      vertex -77.0513 -63.7424 2.5
      vertex -77.0513 -63.7424 -15.5
    endloop
  endfacet
  facet normal -0.750115 -0.661307 0
    outer loop
      vertex -77.0513 -63.7424 2.5
      vertex -72.8969 -68.4547 -15.5
      vertex -72.8969 -68.4547 2.5
    endloop
  endfacet
  facet normal -0.917755 -0.397146 0
    outer loop
      vertex -90.4827 -42.5779 -15.5
      vertex -92.9776 -36.8125 2.5
      vertex -92.9776 -36.8125 -15.5
    endloop
  endfacet
  facet normal -0.917755 -0.397146 0
    outer loop
      vertex -92.9776 -36.8125 2.5
      vertex -90.4827 -42.5779 -15.5
      vertex -90.4827 -42.5779 2.5
    endloop
  endfacet
  facet normal 0 0 -1
    outer loop
      vertex 2.6 0 -2.5
      vertex 98 0 -2.5
      vertex 97.8066 -6.15347 -2.5
    endloop
  endfacet
  facet normal 0 0 -1
    outer loop
      vertex 2.59487 -0.163255 -2.5
      vertex 97.8066 -6.15347 -2.5
      vertex 97.2272 -12.2827 -2.5
    endloop
  endfacet
  facet normal 0 0 -1
    outer loop
      vertex 98 0 -2.5
      vertex 2.6 0 -2.5
      vertex 97.8066 6.15347 -2.5
    endloop
  endfacet
  facet normal 0 0 -1
    outer loop
      vertex 2.5795 -0.325866 -2.5
      vertex 97.2272 -12.2827 -2.5
      vertex 96.2642 -18.3634 -2.5
    endloop
  endfacet
  facet normal 0 0 -1
    outer loop
      vertex 2.59487 0.163255 -2.5
      vertex 97.8066 6.15347 -2.5
      vertex 2.6 0 -2.5
    endloop
  endfacet
  facet normal 0 0 -1
    outer loop
      vertex 2.55395 -0.487191 -2.5
      vertex 96.2642 -18.3634 -2.5
      vertex 94.9212 -24.3716 -2.5
    endloop
  endfacet
  facet normal -0 0 -1
    outer loop
      vertex 97.8066 6.15347 -2.5
      vertex 2.59487 0.163255 -2.5
      vertex 97.2272 12.2827 -2.5
    endloop
  endfacet
  facet normal 0 0 -1
    outer loop
      vertex 2.51832 -0.646593 -2.5
      vertex 94.9212 -24.3716 -2.5
      vertex 93.2035 -30.2837 -2.5
    endloop
  endfacet
  facet normal 0 0 -1
    outer loop
      vertex 2.5795 0.325866 -2.5
      vertex 97.2272 12.2827 -2.5
      vertex 2.59487 0.163255 -2.5
    endloop
  endfacet
  facet normal 0 0 -1
    outer loop
      vertex 2.47275 -0.803444 -2.5
      vertex 93.2035 -30.2837 -2.5
      vertex 91.1181 -36.0762 -2.5
    endloop
  endfacet
  facet normal -0 0 -1
    outer loop
      vertex 97.2272 12.2827 -2.5
      vertex 2.5795 0.325866 -2.5
      vertex 96.2642 18.3634 -2.5
    endloop
  endfacet
  facet normal 0 0 -1
    outer loop
      vertex 2.41742 -0.957124 -2.5
      vertex 91.1181 -36.0762 -2.5
      vertex 88.673 -41.7264 -2.5
    endloop
  endfacet
  facet normal 0 0 -1
    outer loop
      vertex 2.55395 0.487191 -2.5
      vertex 96.2642 18.3634 -2.5
      vertex 2.5795 0.325866 -2.5
    endloop
  endfacet
  facet normal 0 0 -1
    outer loop
      vertex 2.35255 -1.10703 -2.5
      vertex 88.673 -41.7264 -2.5
      vertex 85.8781 -47.2119 -2.5
    endloop
  endfacet
  facet normal -0 0 -1
    outer loop
      vertex 96.2642 18.3634 -2.5
      vertex 2.55395 0.487191 -2.5
      vertex 94.9212 24.3716 -2.5
    endloop
  endfacet
  facet normal 0 0 -1
    outer loop
      vertex 2.2784 -1.25256 -2.5
      vertex 85.8781 -47.2119 -2.5
      vertex 82.7441 -52.511 -2.5
    endloop
  endfacet
  facet normal 0 0 -1
    outer loop
      vertex 2.51832 0.646593 -2.5
      vertex 94.9212 24.3716 -2.5
      vertex 2.55395 0.487191 -2.5
    endloop
  endfacet
  facet normal 0 0 -1
    outer loop
      vertex 2.19525 -1.39315 -2.5
      vertex 82.7441 -52.511 -2.5
      vertex 79.2837 -57.603 -2.5
    endloop
  endfacet
  facet normal -0 0 -1
    outer loop
      vertex 94.9212 24.3716 -2.5
      vertex 2.51832 0.646593 -2.5
      vertex 93.2035 30.2837 -2.5
    endloop
  endfacet
  facet normal 0 0 -1
    outer loop
      vertex 2.10344 -1.52824 -2.5
      vertex 79.2837 -57.603 -2.5
      vertex 75.5103 -62.4676 -2.5
    endloop
  endfacet
  facet normal 0 0 -1
    outer loop
      vertex 2.47275 0.803444 -2.5
      vertex 93.2035 30.2837 -2.5
      vertex 2.51832 0.646593 -2.5
    endloop
  endfacet
  facet normal 0 0 -1
    outer loop
      vertex 2.00333 -1.6573 -2.5
      vertex 75.5103 -62.4676 -2.5
      vertex 71.4389 -67.0856 -2.5
    endloop
  endfacet
  facet normal -0 0 -1
    outer loop
      vertex 93.2035 30.2837 -2.5
      vertex 2.47275 0.803444 -2.5
      vertex 91.1181 36.0762 -2.5
    endloop
  endfacet
  facet normal 0 0 -1
    outer loop
      vertex 1.89532 -1.77982 -2.5
      vertex 71.4389 -67.0856 -2.5
      vertex 67.0856 -71.4389 -2.5
    endloop
  endfacet
  facet normal 0 0 -1
    outer loop
      vertex 2.41742 0.957124 -2.5
      vertex 91.1181 36.0762 -2.5
      vertex 2.47275 0.803444 -2.5
    endloop
  endfacet
  facet normal 0 0 -1
    outer loop
      vertex 1.77982 -1.89532 -2.5
      vertex 67.0856 -71.4389 -2.5
      vertex 62.4676 -75.5103 -2.5
    endloop
  endfacet
  facet normal -0 0 -1
    outer loop
      vertex 91.1181 36.0762 -2.5
      vertex 2.41742 0.957124 -2.5
      vertex 88.673 41.7264 -2.5
    endloop
  endfacet
  facet normal 0 0 -1
    outer loop
      vertex 1.6573 -2.00333 -2.5
      vertex 62.4676 -75.5103 -2.5
      vertex 57.603 -79.2837 -2.5
    endloop
  endfacet
  facet normal 0 0 -1
    outer loop
      vertex 2.35255 1.10703 -2.5
      vertex 88.673 41.7264 -2.5
      vertex 2.41742 0.957124 -2.5
    endloop
  endfacet
  facet normal 0 0 -1
    outer loop
      vertex 1.52824 -2.10344 -2.5
      vertex 57.603 -79.2837 -2.5
      vertex 52.511 -82.7441 -2.5
    endloop
  endfacet
  facet normal -0 0 -1
    outer loop
      vertex 88.673 41.7264 -2.5
      vertex 2.35255 1.10703 -2.5
      vertex 85.8781 47.2119 -2.5
    endloop
  endfacet
  facet normal 0 0 -1
    outer loop
      vertex 1.39315 -2.19525 -2.5
      vertex 52.511 -82.7441 -2.5
      vertex 47.2119 -85.8781 -2.5
    endloop
  endfacet
  facet normal 0 0 -1
    outer loop
      vertex 2.2784 1.25256 -2.5
      vertex 85.8781 47.2119 -2.5
      vertex 2.35255 1.10703 -2.5
    endloop
  endfacet
  facet normal 0 0 -1
    outer loop
      vertex 1.25256 -2.2784 -2.5
      vertex 47.2119 -85.8781 -2.5
      vertex 41.7264 -88.673 -2.5
    endloop
  endfacet
  facet normal -0 0 -1
    outer loop
      vertex 85.8781 47.2119 -2.5
      vertex 2.2784 1.25256 -2.5
      vertex 82.7441 52.511 -2.5
    endloop
  endfacet
  facet normal 0 0 -1
    outer loop
      vertex 1.10703 -2.35255 -2.5
      vertex 41.7264 -88.673 -2.5
      vertex 36.0762 -91.1181 -2.5
    endloop
  endfacet
  facet normal 0 0 -1
    outer loop
      vertex 2.19525 1.39315 -2.5
      vertex 82.7441 52.511 -2.5
      vertex 2.2784 1.25256 -2.5
    endloop
  endfacet
  facet normal 0 0 -1
    outer loop
      vertex 0.957124 -2.41742 -2.5
      vertex 36.0762 -91.1181 -2.5
      vertex 30.2837 -93.2035 -2.5
    endloop
  endfacet
  facet normal -0 0 -1
    outer loop
      vertex 82.7441 52.511 -2.5
      vertex 2.19525 1.39315 -2.5
      vertex 79.2837 57.603 -2.5
    endloop
  endfacet
  facet normal 0 0 -1
    outer loop
      vertex 0.803444 -2.47275 -2.5
      vertex 30.2837 -93.2035 -2.5
      vertex 24.3716 -94.9212 -2.5
    endloop
  endfacet
  facet normal 0 0 -1
    outer loop
      vertex 2.10344 1.52824 -2.5
      vertex 79.2837 57.603 -2.5
      vertex 2.19525 1.39315 -2.5
    endloop
  endfacet
  facet normal 0 0 -1
    outer loop
      vertex 0.646593 -2.51832 -2.5
      vertex 24.3716 -94.9212 -2.5
      vertex 18.3634 -96.2642 -2.5
    endloop
  endfacet
  facet normal -0 0 -1
    outer loop
      vertex 79.2837 57.603 -2.5
      vertex 2.10344 1.52824 -2.5
      vertex 75.5103 62.4676 -2.5
    endloop
  endfacet
  facet normal 0 0 -1
    outer loop
      vertex 0.487191 -2.55395 -2.5
      vertex 18.3634 -96.2642 -2.5
      vertex 12.2827 -97.2272 -2.5
    endloop
  endfacet
  facet normal 0 0 -1
    outer loop
      vertex 2.00333 1.6573 -2.5
      vertex 75.5103 62.4676 -2.5
      vertex 2.10344 1.52824 -2.5
    endloop
  endfacet
  facet normal 0 0 -1
    outer loop
      vertex 0.325866 -2.5795 -2.5
      vertex 12.2827 -97.2272 -2.5
      vertex 6.15347 -97.8066 -2.5
    endloop
  endfacet
  facet normal -0 0 -1
    outer loop
      vertex 75.5103 62.4676 -2.5
      vertex 2.00333 1.6573 -2.5
      vertex 71.4389 67.0856 -2.5
    endloop
  endfacet
  facet normal 0 0 -1
    outer loop
      vertex 1.89532 1.77982 -2.5
      vertex 71.4389 67.0856 -2.5
      vertex 2.00333 1.6573 -2.5
    endloop
  endfacet
  facet normal 0 0 -1
    outer loop
      vertex 97.8066 -6.15347 -2.5
      vertex 2.59487 -0.163255 -2.5
      vertex 2.6 0 -2.5
    endloop
  endfacet
  facet normal 0 0 -1
    outer loop
      vertex 97.2272 -12.2827 -2.5
      vertex 2.5795 -0.325866 -2.5
      vertex 2.59487 -0.163255 -2.5
    endloop
  endfacet
  facet normal 0 0 -1
    outer loop
      vertex 96.2642 -18.3634 -2.5
      vertex 2.55395 -0.487191 -2.5
      vertex 2.5795 -0.325866 -2.5
    endloop
  endfacet
  facet normal 0 0 -1
    outer loop
      vertex 94.9212 -24.3716 -2.5
      vertex 2.51832 -0.646593 -2.5
      vertex 2.55395 -0.487191 -2.5
    endloop
  endfacet
  facet normal 0 0 -1
    outer loop
      vertex 93.2035 -30.2837 -2.5
      vertex 2.47275 -0.803444 -2.5
      vertex 2.51832 -0.646593 -2.5
    endloop
  endfacet
  facet normal 0 0 -1
    outer loop
      vertex 91.1181 -36.0762 -2.5
      vertex 2.41742 -0.957124 -2.5
      vertex 2.47275 -0.803444 -2.5
    endloop
  endfacet
  facet normal 0 0 -1
    outer loop
      vertex 88.673 -41.7264 -2.5
      vertex 2.35255 -1.10703 -2.5
      vertex 2.41742 -0.957124 -2.5
    endloop
  endfacet
  facet normal 0 0 -1
    outer loop
      vertex 85.8781 -47.2119 -2.5
      vertex 2.2784 -1.25256 -2.5
      vertex 2.35255 -1.10703 -2.5
    endloop
  endfacet
  facet normal 0 0 -1
    outer loop
      vertex 82.7441 -52.511 -2.5
      vertex 2.19525 -1.39315 -2.5
      vertex 2.2784 -1.25256 -2.5
    endloop
  endfacet
  facet normal 0 0 -1
    outer loop
      vertex 79.2837 -57.603 -2.5
      vertex 2.10344 -1.52824 -2.5
      vertex 2.19525 -1.39315 -2.5
    endloop
  endfacet
  facet normal 0 0 -1
    outer loop
      vertex 75.5103 -62.4676 -2.5
      vertex 2.00333 -1.6573 -2.5
      vertex 2.10344 -1.52824 -2.5
    endloop
  endfacet
  facet normal 0 0 -1
    outer loop
      vertex 71.4389 -67.0856 -2.5
      vertex 1.89532 -1.77982 -2.5
      vertex 2.00333 -1.6573 -2.5
    endloop
  endfacet
  facet normal 0 0 -1
    outer loop
      vertex 67.0856 -71.4389 -2.5
      vertex 1.77982 -1.89532 -2.5
      vertex 1.89532 -1.77982 -2.5
    endloop
  endfacet
  facet normal 0 0 -1
    outer loop
      vertex 62.4676 -75.5103 -2.5
      vertex 1.6573 -2.00333 -2.5
      vertex 1.77982 -1.89532 -2.5
    endloop
  endfacet
  facet normal 0 0 -1
    outer loop
      vertex 57.603 -79.2837 -2.5
      vertex 1.52824 -2.10344 -2.5
      vertex 1.6573 -2.00333 -2.5
    endloop
  endfacet
  facet normal 0 0 -1
    outer loop
      vertex 52.511 -82.7441 -2.5
      vertex 1.39315 -2.19525 -2.5
      vertex 1.52824 -2.10344 -2.5
    endloop
  endfacet
  facet normal 0 0 -1
    outer loop
      vertex 47.2119 -85.8781 -2.5
      vertex 1.25256 -2.2784 -2.5
      vertex 1.39315 -2.19525 -2.5
    endloop
  endfacet
  facet normal 0 0 -1
    outer loop
      vertex 41.7264 -88.673 -2.5
      vertex 1.10703 -2.35255 -2.5
      vertex 1.25256 -2.2784 -2.5
    endloop
  endfacet
  facet normal 0 0 -1
    outer loop
      vertex 36.0762 -91.1181 -2.5
      vertex 0.957124 -2.41742 -2.5
      vertex 1.10703 -2.35255 -2.5
    endloop
  endfacet
  facet normal 0 0 -1
    outer loop
      vertex 30.2837 -93.2035 -2.5
      vertex 0.803444 -2.47275 -2.5
      vertex 0.957124 -2.41742 -2.5
    endloop
  endfacet
  facet normal 0 0 -1
    outer loop
      vertex 24.3716 -94.9212 -2.5
      vertex 0.646593 -2.51832 -2.5
      vertex 0.803444 -2.47275 -2.5
    endloop
  endfacet
  facet normal 0 0 -1
    outer loop
      vertex 18.3634 -96.2642 -2.5
      vertex 0.487191 -2.55395 -2.5
      vertex 0.646593 -2.51832 -2.5
    endloop
  endfacet
  facet normal 0 0 -1
    outer loop
      vertex 12.2827 -97.2272 -2.5
      vertex 0.325866 -2.5795 -2.5
      vertex 0.487191 -2.55395 -2.5
    endloop
  endfacet
  facet normal 0 0 -1
    outer loop
      vertex 6.15347 -97.8066 -2.5
      vertex 0.163255 -2.59487 -2.5
      vertex 0.325866 -2.5795 -2.5
    endloop
  endfacet
  facet normal 0 0 -1
    outer loop
      vertex 0 -98 -2.5
      vertex 0.163255 -2.59487 -2.5
      vertex 6.15347 -97.8066 -2.5
    endloop
  endfacet
  facet normal 0 0 -1
    outer loop
      vertex 0 -98 -2.5
      vertex 0 -2.6 -2.5
      vertex 0.163255 -2.59487 -2.5
    endloop
  endfacet
  facet normal 0 0 -1
    outer loop
      vertex 0 -98 -2.5
      vertex -0.163255 -2.59487 -2.5
      vertex 0 -2.6 -2.5
    endloop
  endfacet
  facet normal 0 0 -1
    outer loop
      vertex -6.15347 -97.8066 -2.5
      vertex -0.163255 -2.59487 -2.5
      vertex 0 -98 -2.5
    endloop
  endfacet
  facet normal -0 0 -1
    outer loop
      vertex -0.163255 -2.59487 -2.5
      vertex -6.15347 -97.8066 -2.5
      vertex -0.325866 -2.5795 -2.5
    endloop
  endfacet
  facet normal 0 0 -1
    outer loop
      vertex -12.2827 -97.2272 -2.5
      vertex -0.325866 -2.5795 -2.5
      vertex -6.15347 -97.8066 -2.5
    endloop
  endfacet
  facet normal -0 0 -1
    outer loop
      vertex -0.325866 -2.5795 -2.5
      vertex -12.2827 -97.2272 -2.5
      vertex -0.487191 -2.55395 -2.5
    endloop
  endfacet
  facet normal 0 0 -1
    outer loop
      vertex -18.3634 -96.2642 -2.5
      vertex -0.487191 -2.55395 -2.5
      vertex -12.2827 -97.2272 -2.5
    endloop
  endfacet
  facet normal -0 0 -1
    outer loop
      vertex -0.487191 -2.55395 -2.5
      vertex -18.3634 -96.2642 -2.5
      vertex -0.646593 -2.51832 -2.5
    endloop
  endfacet
  facet normal 0 0 -1
    outer loop
      vertex -24.3716 -94.9212 -2.5
      vertex -0.646593 -2.51832 -2.5
      vertex -18.3634 -96.2642 -2.5
    endloop
  endfacet
  facet normal -0 0 -1
    outer loop
      vertex -0.646593 -2.51832 -2.5
      vertex -24.3716 -94.9212 -2.5
      vertex -0.803444 -2.47275 -2.5
    endloop
  endfacet
  facet normal 0 0 -1
    outer loop
      vertex -30.2837 -93.2035 -2.5
      vertex -0.803444 -2.47275 -2.5
      vertex -24.3716 -94.9212 -2.5
    endloop
  endfacet
  facet normal -0 0 -1
    outer loop
      vertex -0.803444 -2.47275 -2.5
      vertex -30.2837 -93.2035 -2.5
      vertex -0.957124 -2.41742 -2.5
    endloop
  endfacet
  facet normal 0 0 -1
    outer loop
      vertex -36.0762 -91.1181 -2.5
      vertex -0.957124 -2.41742 -2.5
      vertex -30.2837 -93.2035 -2.5
    endloop
  endfacet
  facet normal -0 0 -1
    outer loop
      vertex -0.957124 -2.41742 -2.5
      vertex -36.0762 -91.1181 -2.5
      vertex -1.10703 -2.35255 -2.5
    endloop
  endfacet
  facet normal 0 0 -1
    outer loop
      vertex -41.7264 -88.673 -2.5
      vertex -1.10703 -2.35255 -2.5
      vertex -36.0762 -91.1181 -2.5
    endloop
  endfacet
  facet normal -0 0 -1
    outer loop
      vertex -1.10703 -2.35255 -2.5
      vertex -41.7264 -88.673 -2.5
      vertex -1.25256 -2.2784 -2.5
    endloop
  endfacet
  facet normal 0 0 -1
    outer loop
      vertex -47.2119 -85.8781 -2.5
      vertex -1.25256 -2.2784 -2.5
      vertex -41.7264 -88.673 -2.5
    endloop
  endfacet
  facet normal -0 0 -1
    outer loop
      vertex -1.25256 -2.2784 -2.5
      vertex -47.2119 -85.8781 -2.5
      vertex -1.39315 -2.19525 -2.5
    endloop
  endfacet
  facet normal 0 0 -1
    outer loop
      vertex -52.511 -82.7441 -2.5
      vertex -1.39315 -2.19525 -2.5
      vertex -47.2119 -85.8781 -2.5
    endloop
  endfacet
  facet normal -0 0 -1
    outer loop
      vertex -1.39315 -2.19525 -2.5
      vertex -52.511 -82.7441 -2.5
      vertex -1.52824 -2.10344 -2.5
    endloop
  endfacet
  facet normal 0 0 -1
    outer loop
      vertex -57.603 -79.2837 -2.5
      vertex -1.52824 -2.10344 -2.5
      vertex -52.511 -82.7441 -2.5
    endloop
  endfacet
  facet normal -0 0 -1
    outer loop
      vertex -1.52824 -2.10344 -2.5
      vertex -57.603 -79.2837 -2.5
      vertex -1.6573 -2.00333 -2.5
    endloop
  endfacet
  facet normal 0 0 -1
    outer loop
      vertex -62.4676 -75.5103 -2.5
      vertex -1.6573 -2.00333 -2.5
      vertex -57.603 -79.2837 -2.5
    endloop
  endfacet
  facet normal -0 0 -1
    outer loop
      vertex -1.6573 -2.00333 -2.5
      vertex -62.4676 -75.5103 -2.5
      vertex -1.77982 -1.89532 -2.5
    endloop
  endfacet
  facet normal 0 0 -1
    outer loop
      vertex -67.0856 -71.4389 -2.5
      vertex -1.77982 -1.89532 -2.5
      vertex -62.4676 -75.5103 -2.5
    endloop
  endfacet
  facet normal -0 0 -1
    outer loop
      vertex -1.77982 -1.89532 -2.5
      vertex -67.0856 -71.4389 -2.5
      vertex -1.89532 -1.77982 -2.5
    endloop
  endfacet
  facet normal 0 0 -1
    outer loop
      vertex -71.4389 -67.0856 -2.5
      vertex -1.89532 -1.77982 -2.5
      vertex -67.0856 -71.4389 -2.5
    endloop
  endfacet
  facet normal -0 0 -1
    outer loop
      vertex 71.4389 67.0856 -2.5
      vertex 1.89532 1.77982 -2.5
      vertex 67.0856 71.4389 -2.5
    endloop
  endfacet
  facet normal 0 0 -1
    outer loop
      vertex 1.77982 1.89532 -2.5
      vertex 67.0856 71.4389 -2.5
      vertex 1.89532 1.77982 -2.5
    endloop
  endfacet
  facet normal -0 0 -1
    outer loop
      vertex 67.0856 71.4389 -2.5
      vertex 1.77982 1.89532 -2.5
      vertex 62.4676 75.5103 -2.5
    endloop
  endfacet
  facet normal 0 0 -1
    outer loop
      vertex 1.6573 2.00333 -2.5
      vertex 62.4676 75.5103 -2.5
      vertex 1.77982 1.89532 -2.5
    endloop
  endfacet
  facet normal -0 0 -1
    outer loop
      vertex 62.4676 75.5103 -2.5
      vertex 1.6573 2.00333 -2.5
      vertex 57.603 79.2837 -2.5
    endloop
  endfacet
  facet normal 0 0 -1
    outer loop
      vertex 1.52824 2.10344 -2.5
      vertex 57.603 79.2837 -2.5
      vertex 1.6573 2.00333 -2.5
    endloop
  endfacet
  facet normal -0 0 -1
    outer loop
      vertex 57.603 79.2837 -2.5
      vertex 1.52824 2.10344 -2.5
      vertex 52.511 82.7441 -2.5
    endloop
  endfacet
  facet normal 0 0 -1
    outer loop
      vertex 1.39315 2.19525 -2.5
      vertex 52.511 82.7441 -2.5
      vertex 1.52824 2.10344 -2.5
    endloop
  endfacet
  facet normal -0 0 -1
    outer loop
      vertex 52.511 82.7441 -2.5
      vertex 1.39315 2.19525 -2.5
      vertex 47.2119 85.8781 -2.5
    endloop
  endfacet
  facet normal 0 0 -1
    outer loop
      vertex 1.25256 2.2784 -2.5
      vertex 47.2119 85.8781 -2.5
      vertex 1.39315 2.19525 -2.5
    endloop
  endfacet
  facet normal -0 0 -1
    outer loop
      vertex 47.2119 85.8781 -2.5
      vertex 1.25256 2.2784 -2.5
      vertex 41.7264 88.673 -2.5
    endloop
  endfacet
  facet normal 0 0 -1
    outer loop
      vertex 1.10703 2.35255 -2.5
      vertex 41.7264 88.673 -2.5
      vertex 1.25256 2.2784 -2.5
    endloop
  endfacet
  facet normal -0 0 -1
    outer loop
      vertex 41.7264 88.673 -2.5
      vertex 1.10703 2.35255 -2.5
      vertex 36.0762 91.1181 -2.5
    endloop
  endfacet
  facet normal 0 0 -1
    outer loop
      vertex 0.957124 2.41742 -2.5
      vertex 36.0762 91.1181 -2.5
      vertex 1.10703 2.35255 -2.5
    endloop
  endfacet
  facet normal -0 0 -1
    outer loop
      vertex 36.0762 91.1181 -2.5
      vertex 0.957124 2.41742 -2.5
      vertex 30.2837 93.2035 -2.5
    endloop
  endfacet
  facet normal 0 0 -1
    outer loop
      vertex 0.803444 2.47275 -2.5
      vertex 30.2837 93.2035 -2.5
      vertex 0.957124 2.41742 -2.5
    endloop
  endfacet
  facet normal -0 0 -1
    outer loop
      vertex 30.2837 93.2035 -2.5
      vertex 0.803444 2.47275 -2.5
      vertex 24.3716 94.9212 -2.5
    endloop
  endfacet
  facet normal 0 0 -1
    outer loop
      vertex 0.646593 2.51832 -2.5
      vertex 24.3716 94.9212 -2.5
      vertex 0.803444 2.47275 -2.5
    endloop
  endfacet
  facet normal -0 0 -1
    outer loop
      vertex 24.3716 94.9212 -2.5
      vertex 0.646593 2.51832 -2.5
      vertex 18.3634 96.2642 -2.5
    endloop
  endfacet
  facet normal 0 0 -1
    outer loop
      vertex 0.487191 2.55395 -2.5
      vertex 18.3634 96.2642 -2.5
      vertex 0.646593 2.51832 -2.5
    endloop
  endfacet
  facet normal -0 0 -1
    outer loop
      vertex 18.3634 96.2642 -2.5
      vertex 0.487191 2.55395 -2.5
      vertex 12.2827 97.2272 -2.5
    endloop
  endfacet
  facet normal 0 0 -1
    outer loop
      vertex 0.325866 2.5795 -2.5
      vertex 12.2827 97.2272 -2.5
      vertex 0.487191 2.55395 -2.5
    endloop
  endfacet
  facet normal -0 0 -1
    outer loop
      vertex 12.2827 97.2272 -2.5
      vertex 0.325866 2.5795 -2.5
      vertex 6.15347 97.8066 -2.5
    endloop
  endfacet
  facet normal 0 0 -1
    outer loop
      vertex 0.163255 2.59487 -2.5
      vertex 6.15347 97.8066 -2.5
      vertex 0.325866 2.5795 -2.5
    endloop
  endfacet
  facet normal 0 0 -1
    outer loop
      vertex 0 2.6 -2.5
      vertex 6.15347 97.8066 -2.5
      vertex 0.163255 2.59487 -2.5
    endloop
  endfacet
  facet normal 0 0 -1
    outer loop
      vertex 0 2.6 -2.5
      vertex 0 98 -2.5
      vertex 6.15347 97.8066 -2.5
    endloop
  endfacet
  facet normal 0 0 -1
    outer loop
      vertex -0.163255 2.59487 -2.5
      vertex 0 98 -2.5
      vertex 0 2.6 -2.5
    endloop
  endfacet
  facet normal 0 0 -1
    outer loop
      vertex -6.15347 97.8066 -2.5
      vertex -0.163255 2.59487 -2.5
      vertex -0.325866 2.5795 -2.5
    endloop
  endfacet
  facet normal 0 0 -1
    outer loop
      vertex -12.2827 97.2272 -2.5
      vertex -0.325866 2.5795 -2.5
      vertex -0.487191 2.55395 -2.5
    endloop
  endfacet
  facet normal 0 0 -1
    outer loop
      vertex -18.3634 96.2642 -2.5
      vertex -0.487191 2.55395 -2.5
      vertex -0.646593 2.51832 -2.5
    endloop
  endfacet
  facet normal 0 0 -1
    outer loop
      vertex -24.3716 94.9212 -2.5
      vertex -0.646593 2.51832 -2.5
      vertex -0.803444 2.47275 -2.5
    endloop
  endfacet
  facet normal 0 0 -1
    outer loop
      vertex -30.2837 93.2035 -2.5
      vertex -0.803444 2.47275 -2.5
      vertex -0.957124 2.41742 -2.5
    endloop
  endfacet
  facet normal 0 0 -1
    outer loop
      vertex -36.0762 91.1181 -2.5
      vertex -0.957124 2.41742 -2.5
      vertex -1.10703 2.35255 -2.5
    endloop
  endfacet
  facet normal 0 0 -1
    outer loop
      vertex -41.7264 88.673 -2.5
      vertex -1.10703 2.35255 -2.5
      vertex -1.25256 2.2784 -2.5
    endloop
  endfacet
  facet normal 0 0 -1
    outer loop
      vertex -47.2119 85.8781 -2.5
      vertex -1.25256 2.2784 -2.5
      vertex -1.39315 2.19525 -2.5
    endloop
  endfacet
  facet normal 0 0 -1
    outer loop
      vertex -52.511 82.7441 -2.5
      vertex -1.39315 2.19525 -2.5
      vertex -1.52824 2.10344 -2.5
    endloop
  endfacet
  facet normal 0 0 -1
    outer loop
      vertex -57.603 79.2837 -2.5
      vertex -1.52824 2.10344 -2.5
      vertex -1.6573 2.00333 -2.5
    endloop
  endfacet
  facet normal 0 0 -1
    outer loop
      vertex -62.4676 75.5103 -2.5
      vertex -1.6573 2.00333 -2.5
      vertex -1.77982 1.89532 -2.5
    endloop
  endfacet
  facet normal 0 0 -1
    outer loop
      vertex -67.0856 71.4389 -2.5
      vertex -1.77982 1.89532 -2.5
      vertex -1.89532 1.77982 -2.5
    endloop
  endfacet
  facet normal 0 0 -1
    outer loop
      vertex -71.4389 67.0856 -2.5
      vertex -1.89532 1.77982 -2.5
      vertex -2.00333 1.6573 -2.5
    endloop
  endfacet
  facet normal 0 0 -1
    outer loop
      vertex -75.5103 62.4676 -2.5
      vertex -2.00333 1.6573 -2.5
      vertex -2.10344 1.52824 -2.5
    endloop
  endfacet
  facet normal 0 0 -1
    outer loop
      vertex -79.2837 57.603 -2.5
      vertex -2.10344 1.52824 -2.5
      vertex -2.19525 1.39315 -2.5
    endloop
  endfacet
  facet normal 0 0 -1
    outer loop
      vertex -82.7441 52.511 -2.5
      vertex -2.19525 1.39315 -2.5
      vertex -2.2784 1.25256 -2.5
    endloop
  endfacet
  facet normal 0 0 -1
    outer loop
      vertex -85.8781 47.2119 -2.5
      vertex -2.2784 1.25256 -2.5
      vertex -2.35255 1.10703 -2.5
    endloop
  endfacet
  facet normal 0 0 -1
    outer loop
      vertex -88.673 41.7264 -2.5
      vertex -2.35255 1.10703 -2.5
      vertex -2.41742 0.957124 -2.5
    endloop
  endfacet
  facet normal 0 0 -1
    outer loop
      vertex -91.1181 36.0762 -2.5
      vertex -2.41742 0.957124 -2.5
      vertex -2.47275 0.803444 -2.5
    endloop
  endfacet
  facet normal 0 0 -1
    outer loop
      vertex -93.2035 30.2837 -2.5
      vertex -2.47275 0.803444 -2.5
      vertex -2.51832 0.646593 -2.5
    endloop
  endfacet
  facet normal 0 0 -1
    outer loop
      vertex -94.9212 24.3716 -2.5
      vertex -2.51832 0.646593 -2.5
      vertex -2.55395 0.487191 -2.5
    endloop
  endfacet
  facet normal 0 0 -1
    outer loop
      vertex -96.2642 18.3634 -2.5
      vertex -2.55395 0.487191 -2.5
      vertex -2.5795 0.325866 -2.5
    endloop
  endfacet
  facet normal 0 0 -1
    outer loop
      vertex -97.2272 12.2827 -2.5
      vertex -2.5795 0.325866 -2.5
      vertex -2.59487 0.163255 -2.5
    endloop
  endfacet
  facet normal 0 0 -1
    outer loop
      vertex -97.8066 6.15347 -2.5
      vertex -2.59487 0.163255 -2.5
      vertex -2.6 0 -2.5
    endloop
  endfacet
  facet normal -0 0 -1
    outer loop
      vertex -1.89532 -1.77982 -2.5
      vertex -71.4389 -67.0856 -2.5
      vertex -2.00333 -1.6573 -2.5
    endloop
  endfacet
  facet normal 0 0 -1
    outer loop
      vertex -0.163255 2.59487 -2.5
      vertex -6.15347 97.8066 -2.5
      vertex 0 98 -2.5
    endloop
  endfacet
  facet normal 0 0 -1
    outer loop
      vertex -75.5103 -62.4676 -2.5
      vertex -2.00333 -1.6573 -2.5
      vertex -71.4389 -67.0856 -2.5
    endloop
  endfacet
  facet normal 0 0 -1
    outer loop
      vertex -0.325866 2.5795 -2.5
      vertex -12.2827 97.2272 -2.5
      vertex -6.15347 97.8066 -2.5
    endloop
  endfacet
  facet normal -0 0 -1
    outer loop
      vertex -2.00333 -1.6573 -2.5
      vertex -75.5103 -62.4676 -2.5
      vertex -2.10344 -1.52824 -2.5
    endloop
  endfacet
  facet normal 0 0 -1
    outer loop
      vertex -0.487191 2.55395 -2.5
      vertex -18.3634 96.2642 -2.5
      vertex -12.2827 97.2272 -2.5
    endloop
  endfacet
  facet normal 0 0 -1
    outer loop
      vertex -79.2837 -57.603 -2.5
      vertex -2.10344 -1.52824 -2.5
      vertex -75.5103 -62.4676 -2.5
    endloop
  endfacet
  facet normal 0 0 -1
    outer loop
      vertex -0.646593 2.51832 -2.5
      vertex -24.3716 94.9212 -2.5
      vertex -18.3634 96.2642 -2.5
    endloop
  endfacet
  facet normal -0 0 -1
    outer loop
      vertex -2.10344 -1.52824 -2.5
      vertex -79.2837 -57.603 -2.5
      vertex -2.19525 -1.39315 -2.5
    endloop
  endfacet
  facet normal 0 0 -1
    outer loop
      vertex -0.803444 2.47275 -2.5
      vertex -30.2837 93.2035 -2.5
      vertex -24.3716 94.9212 -2.5
    endloop
  endfacet
  facet normal 0 0 -1
    outer loop
      vertex -82.7441 -52.511 -2.5
      vertex -2.19525 -1.39315 -2.5
      vertex -79.2837 -57.603 -2.5
    endloop
  endfacet
  facet normal 0 0 -1
    outer loop
      vertex -0.957124 2.41742 -2.5
      vertex -36.0762 91.1181 -2.5
      vertex -30.2837 93.2035 -2.5
    endloop
  endfacet
  facet normal -0 0 -1
    outer loop
      vertex -2.19525 -1.39315 -2.5
      vertex -82.7441 -52.511 -2.5
      vertex -2.2784 -1.25256 -2.5
    endloop
  endfacet
  facet normal 0 0 -1
    outer loop
      vertex -1.10703 2.35255 -2.5
      vertex -41.7264 88.673 -2.5
      vertex -36.0762 91.1181 -2.5
    endloop
  endfacet
  facet normal 0 0 -1
    outer loop
      vertex -85.8781 -47.2119 -2.5
      vertex -2.2784 -1.25256 -2.5
      vertex -82.7441 -52.511 -2.5
    endloop
  endfacet
  facet normal 0 0 -1
    outer loop
      vertex -1.25256 2.2784 -2.5
      vertex -47.2119 85.8781 -2.5
      vertex -41.7264 88.673 -2.5
    endloop
  endfacet
  facet normal -0 0 -1
    outer loop
      vertex -2.2784 -1.25256 -2.5
      vertex -85.8781 -47.2119 -2.5
      vertex -2.35255 -1.10703 -2.5
    endloop
  endfacet
  facet normal 0 0 -1
    outer loop
      vertex -1.39315 2.19525 -2.5
      vertex -52.511 82.7441 -2.5
      vertex -47.2119 85.8781 -2.5
    endloop
  endfacet
  facet normal 0 0 -1
    outer loop
      vertex -88.673 -41.7264 -2.5
      vertex -2.35255 -1.10703 -2.5
      vertex -85.8781 -47.2119 -2.5
    endloop
  endfacet
  facet normal 0 0 -1
    outer loop
      vertex -1.52824 2.10344 -2.5
      vertex -57.603 79.2837 -2.5
      vertex -52.511 82.7441 -2.5
    endloop
  endfacet
  facet normal -0 0 -1
    outer loop
      vertex -2.35255 -1.10703 -2.5
      vertex -88.673 -41.7264 -2.5
      vertex -2.41742 -0.957124 -2.5
    endloop
  endfacet
  facet normal 0 0 -1
    outer loop
      vertex -1.6573 2.00333 -2.5
      vertex -62.4676 75.5103 -2.5
      vertex -57.603 79.2837 -2.5
    endloop
  endfacet
  facet normal 0 0 -1
    outer loop
      vertex -91.1181 -36.0762 -2.5
      vertex -2.41742 -0.957124 -2.5
      vertex -88.673 -41.7264 -2.5
    endloop
  endfacet
  facet normal 0 0 -1
    outer loop
      vertex -1.77982 1.89532 -2.5
      vertex -67.0856 71.4389 -2.5
      vertex -62.4676 75.5103 -2.5
    endloop
  endfacet
  facet normal -0 0 -1
    outer loop
      vertex -2.41742 -0.957124 -2.5
      vertex -91.1181 -36.0762 -2.5
      vertex -2.47275 -0.803444 -2.5
    endloop
  endfacet
  facet normal 0 0 -1
    outer loop
      vertex -1.89532 1.77982 -2.5
      vertex -71.4389 67.0856 -2.5
      vertex -67.0856 71.4389 -2.5
    endloop
  endfacet
  facet normal 0 0 -1
    outer loop
      vertex -93.2035 -30.2837 -2.5
      vertex -2.47275 -0.803444 -2.5
      vertex -91.1181 -36.0762 -2.5
    endloop
  endfacet
  facet normal 0 0 -1
    outer loop
      vertex -2.00333 1.6573 -2.5
      vertex -75.5103 62.4676 -2.5
      vertex -71.4389 67.0856 -2.5
    endloop
  endfacet
  facet normal -0 0 -1
    outer loop
      vertex -2.47275 -0.803444 -2.5
      vertex -93.2035 -30.2837 -2.5
      vertex -2.51832 -0.646593 -2.5
    endloop
  endfacet
  facet normal 0 0 -1
    outer loop
      vertex -2.10344 1.52824 -2.5
      vertex -79.2837 57.603 -2.5
      vertex -75.5103 62.4676 -2.5
    endloop
  endfacet
  facet normal 0 0 -1
    outer loop
      vertex -94.9212 -24.3716 -2.5
      vertex -2.51832 -0.646593 -2.5
      vertex -93.2035 -30.2837 -2.5
    endloop
  endfacet
  facet normal 0 0 -1
    outer loop
      vertex -2.19525 1.39315 -2.5
      vertex -82.7441 52.511 -2.5
      vertex -79.2837 57.603 -2.5
    endloop
  endfacet
  facet normal -0 0 -1
    outer loop
      vertex -2.51832 -0.646593 -2.5
      vertex -94.9212 -24.3716 -2.5
      vertex -2.55395 -0.487191 -2.5
    endloop
  endfacet
  facet normal 0 0 -1
    outer loop
      vertex -2.2784 1.25256 -2.5
      vertex -85.8781 47.2119 -2.5
      vertex -82.7441 52.511 -2.5
    endloop
  endfacet
  facet normal 0 0 -1
    outer loop
      vertex -96.2642 -18.3634 -2.5
      vertex -2.55395 -0.487191 -2.5
      vertex -94.9212 -24.3716 -2.5
    endloop
  endfacet
  facet normal 0 0 -1
    outer loop
      vertex -2.35255 1.10703 -2.5
      vertex -88.673 41.7264 -2.5
      vertex -85.8781 47.2119 -2.5
    endloop
  endfacet
  facet normal -0 0 -1
    outer loop
      vertex -2.55395 -0.487191 -2.5
      vertex -96.2642 -18.3634 -2.5
      vertex -2.5795 -0.325866 -2.5
    endloop
  endfacet
  facet normal 0 0 -1
    outer loop
      vertex -2.41742 0.957124 -2.5
      vertex -91.1181 36.0762 -2.5
      vertex -88.673 41.7264 -2.5
    endloop
  endfacet
  facet normal 0 0 -1
    outer loop
      vertex -97.2272 -12.2827 -2.5
      vertex -2.5795 -0.325866 -2.5
      vertex -96.2642 -18.3634 -2.5
    endloop
  endfacet
  facet normal 0 0 -1
    outer loop
      vertex -2.47275 0.803444 -2.5
      vertex -93.2035 30.2837 -2.5
      vertex -91.1181 36.0762 -2.5
    endloop
  endfacet
  facet normal -0 0 -1
    outer loop
      vertex -2.5795 -0.325866 -2.5
      vertex -97.2272 -12.2827 -2.5
      vertex -2.59487 -0.163255 -2.5
    endloop
  endfacet
  facet normal 0 0 -1
    outer loop
      vertex -2.51832 0.646593 -2.5
      vertex -94.9212 24.3716 -2.5
      vertex -93.2035 30.2837 -2.5
    endloop
  endfacet
  facet normal 0 0 -1
    outer loop
      vertex -97.8066 -6.15347 -2.5
      vertex -2.59487 -0.163255 -2.5
      vertex -97.2272 -12.2827 -2.5
    endloop
  endfacet
  facet normal 0 0 -1
    outer loop
      vertex -2.55395 0.487191 -2.5
      vertex -96.2642 18.3634 -2.5
      vertex -94.9212 24.3716 -2.5
    endloop
  endfacet
  facet normal -0 0 -1
    outer loop
      vertex -2.59487 -0.163255 -2.5
      vertex -97.8066 -6.15347 -2.5
      vertex -2.6 0 -2.5
    endloop
  endfacet
  facet normal 0 0 -1
    outer loop
      vertex -2.5795 0.325866 -2.5
      vertex -97.2272 12.2827 -2.5
      vertex -96.2642 18.3634 -2.5
    endloop
  endfacet
  facet normal 0 0 -1
    outer loop
      vertex -98 0 -2.5
      vertex -2.6 0 -2.5
      vertex -97.8066 -6.15347 -2.5
    endloop
  endfacet
  facet normal 0 0 -1
    outer loop
      vertex -2.59487 0.163255 -2.5
      vertex -97.8066 6.15347 -2.5
      vertex -97.2272 12.2827 -2.5
    endloop
  endfacet
  facet normal 0 0 -1
    outer loop
      vertex -2.6 0 -2.5
      vertex -98 0 -2.5
      vertex -97.8066 6.15347 -2.5
    endloop
  endfacet
  facet normal 0.917755 0.397146 0
    outer loop
      vertex 92.9776 36.8125 2.5
      vertex 90.4827 42.5779 -15.5
      vertex 90.4827 42.5779 2.5
    endloop
  endfacet
  facet normal 0.917755 0.397146 0
    outer loop
      vertex 90.4827 42.5779 -15.5
      vertex 92.9776 36.8125 2.5
      vertex 92.9776 36.8125 -15.5
    endloop
  endfacet
  facet normal 0.707107 0.707107 0
    outer loop
      vertex 72.8969 68.4547 2.5
      vertex 68.4547 72.8969 -15.5
      vertex 68.4547 72.8969 2.5
    endloop
  endfacet
  facet normal 0.707107 0.707107 0
    outer loop
      vertex 68.4547 72.8969 -15.5
      vertex 72.8969 68.4547 2.5
      vertex 72.8969 68.4547 -15.5
    endloop
  endfacet
  facet normal 0.790155 0.612907 0
    outer loop
      vertex 80.9017 58.7785 2.5
      vertex 77.0513 63.7424 -15.5
      vertex 77.0513 63.7424 2.5
    endloop
  endfacet
  facet normal 0.790155 0.612907 0
    outer loop
      vertex 77.0513 63.7424 -15.5
      vertex 80.9017 58.7785 2.5
      vertex 80.9017 58.7785 -15.5
    endloop
  endfacet
  facet normal 0.86074 0.509045 0
    outer loop
      vertex 87.6307 48.1754 2.5
      vertex 84.4328 53.5827 -15.5
      vertex 84.4328 53.5827 2.5
    endloop
  endfacet
  facet normal 0.86074 0.509045 0
    outer loop
      vertex 84.4328 53.5827 -15.5
      vertex 87.6307 48.1754 2.5
      vertex 87.6307 48.1754 -15.5
    endloop
  endfacet
  facet normal 0.827078 0.562088 0
    outer loop
      vertex 84.4328 53.5827 2.5
      vertex 80.9017 58.7785 -15.5
      vertex 80.9017 58.7785 2.5
    endloop
  endfacet
  facet normal 0.827078 0.562088 0
    outer loop
      vertex 80.9017 58.7785 -15.5
      vertex 84.4328 53.5827 2.5
      vertex 84.4328 53.5827 -15.5
    endloop
  endfacet
  facet normal 0.0314065 0.999507 -0
    outer loop
      vertex 6.27905 99.8027 -15.5
      vertex 0 100 2.5
      vertex 6.27905 99.8027 2.5
    endloop
  endfacet
  facet normal 0.0314065 0.999507 0
    outer loop
      vertex 0 100 2.5
      vertex 6.27905 99.8027 -15.5
      vertex 0 100 -15.5
    endloop
  endfacet
  facet normal 0.278982 0.960296 -0
    outer loop
      vertex 30.9017 95.1057 -15.5
      vertex 24.869 96.8583 2.5
      vertex 30.9017 95.1057 2.5
    endloop
  endfacet
  facet normal 0.278982 0.960296 0
    outer loop
      vertex 24.869 96.8583 2.5
      vertex 30.9017 95.1057 -15.5
      vertex 24.869 96.8583 -15.5
    endloop
  endfacet
  facet normal 0.397146 0.917755 -0
    outer loop
      vertex 42.5779 90.4827 -15.5
      vertex 36.8125 92.9776 2.5
      vertex 42.5779 90.4827 2.5
    endloop
  endfacet
  facet normal 0.397146 0.917755 0
    outer loop
      vertex 36.8125 92.9776 2.5
      vertex 42.5779 90.4827 -15.5
      vertex 36.8125 92.9776 -15.5
    endloop
  endfacet
  facet normal 0.612907 0.790155 -0
    outer loop
      vertex 63.7424 77.0513 -15.5
      vertex 58.7785 80.9017 2.5
      vertex 63.7424 77.0513 2.5
    endloop
  endfacet
  facet normal 0.612907 0.790155 0
    outer loop
      vertex 58.7785 80.9017 2.5
      vertex 63.7424 77.0513 -15.5
      vertex 58.7785 80.9017 -15.5
    endloop
  endfacet
  facet normal 0.562088 0.827078 -0
    outer loop
      vertex 58.7785 80.9017 -15.5
      vertex 53.5827 84.4328 2.5
      vertex 58.7785 80.9017 2.5
    endloop
  endfacet
  facet normal 0.562088 0.827078 0
    outer loop
      vertex 53.5827 84.4328 2.5
      vertex 58.7785 80.9017 -15.5
      vertex 53.5827 84.4328 -15.5
    endloop
  endfacet
  facet normal -0.999507 0.0314065 0
    outer loop
      vertex -100 0 -15.5
      vertex -99.8027 6.27905 2.5
      vertex -99.8027 6.27905 -15.5
    endloop
  endfacet
  facet normal -0.999507 0.0314065 0
    outer loop
      vertex -99.8027 6.27905 2.5
      vertex -100 0 -15.5
      vertex -100 0 2.5
    endloop
  endfacet
  facet normal -0.707107 0.707107 0
    outer loop
      vertex -72.8969 68.4547 -15.5
      vertex -68.4547 72.8969 2.5
      vertex -68.4547 72.8969 -15.5
    endloop
  endfacet
  facet normal -0.707107 0.707107 0
    outer loop
      vertex -68.4547 72.8969 2.5
      vertex -72.8969 68.4547 -15.5
      vertex -72.8969 68.4547 2.5
    endloop
  endfacet
  facet normal -0.750115 0.661307 0
    outer loop
      vertex -77.0513 63.7424 -15.5
      vertex -72.8969 68.4547 2.5
      vertex -72.8969 68.4547 -15.5
    endloop
  endfacet
  facet normal -0.750115 0.661307 0
    outer loop
      vertex -72.8969 68.4547 2.5
      vertex -77.0513 63.7424 -15.5
      vertex -77.0513 63.7424 2.5
    endloop
  endfacet
  facet normal -0.86074 0.509045 0
    outer loop
      vertex -87.6307 48.1754 -15.5
      vertex -84.4328 53.5827 2.5
      vertex -84.4328 53.5827 -15.5
    endloop
  endfacet
  facet normal -0.86074 0.509045 0
    outer loop
      vertex -84.4328 53.5827 2.5
      vertex -87.6307 48.1754 -15.5
      vertex -87.6307 48.1754 2.5
    endloop
  endfacet
  facet normal -0.917755 0.397146 0
    outer loop
      vertex -92.9776 36.8125 -15.5
      vertex -90.4827 42.5779 2.5
      vertex -90.4827 42.5779 -15.5
    endloop
  endfacet
  facet normal -0.917755 0.397146 0
    outer loop
      vertex -90.4827 42.5779 2.5
      vertex -92.9776 36.8125 -15.5
      vertex -92.9776 36.8125 2.5
    endloop
  endfacet
  facet normal -0.940877 0.338749 0
    outer loop
      vertex -95.1057 30.9017 -15.5
      vertex -92.9776 36.8125 2.5
      vertex -92.9776 36.8125 -15.5
    endloop
  endfacet
  facet normal -0.940877 0.338749 0
    outer loop
      vertex -92.9776 36.8125 2.5
      vertex -95.1057 30.9017 -15.5
      vertex -95.1057 30.9017 2.5
    endloop
  endfacet
  facet normal -0.975917 0.21814 0
    outer loop
      vertex -98.2287 18.7381 -15.5
      vertex -96.8583 24.869 2.5
      vertex -96.8583 24.869 -15.5
    endloop
  endfacet
  facet normal -0.975917 0.21814 0
    outer loop
      vertex -96.8583 24.869 2.5
      vertex -98.2287 18.7381 -15.5
      vertex -98.2287 18.7381 2.5
    endloop
  endfacet
  facet normal -0.397146 0.917755 0
    outer loop
      vertex -36.8125 92.9776 -15.5
      vertex -42.5779 90.4827 2.5
      vertex -36.8125 92.9776 2.5
    endloop
  endfacet
  facet normal -0.397146 0.917755 0
    outer loop
      vertex -42.5779 90.4827 2.5
      vertex -36.8125 92.9776 -15.5
      vertex -42.5779 90.4827 -15.5
    endloop
  endfacet
  facet normal -0.453982 0.891011 0
    outer loop
      vertex -42.5779 90.4827 -15.5
      vertex -48.1754 87.6307 2.5
      vertex -42.5779 90.4827 2.5
    endloop
  endfacet
  facet normal -0.453982 0.891011 0
    outer loop
      vertex -48.1754 87.6307 2.5
      vertex -42.5779 90.4827 -15.5
      vertex -48.1754 87.6307 -15.5
    endloop
  endfacet
  facet normal -0.562088 0.827078 0
    outer loop
      vertex -53.5827 84.4328 -15.5
      vertex -58.7785 80.9017 2.5
      vertex -53.5827 84.4328 2.5
    endloop
  endfacet
  facet normal -0.562088 0.827078 0
    outer loop
      vertex -58.7785 80.9017 2.5
      vertex -53.5827 84.4328 -15.5
      vertex -58.7785 80.9017 -15.5
    endloop
  endfacet
  facet normal -0.21814 0.975917 0
    outer loop
      vertex -18.7381 98.2287 -15.5
      vertex -24.869 96.8583 2.5
      vertex -18.7381 98.2287 2.5
    endloop
  endfacet
  facet normal -0.21814 0.975917 0
    outer loop
      vertex -24.869 96.8583 2.5
      vertex -18.7381 98.2287 -15.5
      vertex -24.869 96.8583 -15.5
    endloop
  endfacet
  facet normal -0.0314065 0.999507 0
    outer loop
      vertex 0 100 -15.5
      vertex -6.27905 99.8027 2.5
      vertex 0 100 2.5
    endloop
  endfacet
  facet normal -0.0314065 0.999507 0
    outer loop
      vertex -6.27905 99.8027 2.5
      vertex 0 100 -15.5
      vertex -6.27905 99.8027 -15.5
    endloop
  endfacet
  facet normal 0.995562 -0.0941082 0
    outer loop
      vertex 99.2115 -12.5333 2.5
      vertex 99.8027 -6.27905 -15.5
      vertex 99.8027 -6.27905 2.5
    endloop
  endfacet
  facet normal 0.995562 -0.0941082 0
    outer loop
      vertex 99.8027 -6.27905 -15.5
      vertex 99.2115 -12.5333 2.5
      vertex 99.2115 -12.5333 -15.5
    endloop
  endfacet
  facet normal 0.0314065 -0.999507 0
    outer loop
      vertex 0 -100 -15.5
      vertex 6.27905 -99.8027 2.5
      vertex 0 -100 2.5
    endloop
  endfacet
  facet normal 0.0314065 -0.999507 0
    outer loop
      vertex 6.27905 -99.8027 2.5
      vertex 0 -100 -15.5
      vertex 6.27905 -99.8027 -15.5
    endloop
  endfacet
  facet normal 0.156443 -0.987687 0
    outer loop
      vertex 12.5333 -99.2115 -15.5
      vertex 18.7381 -98.2287 2.5
      vertex 12.5333 -99.2115 2.5
    endloop
  endfacet
  facet normal 0.156443 -0.987687 0
    outer loop
      vertex 18.7381 -98.2287 2.5
      vertex 12.5333 -99.2115 -15.5
      vertex 18.7381 -98.2287 -15.5
    endloop
  endfacet
  facet normal 0.338749 -0.940877 0
    outer loop
      vertex 30.9017 -95.1057 -15.5
      vertex 36.8125 -92.9776 2.5
      vertex 30.9017 -95.1057 2.5
    endloop
  endfacet
  facet normal 0.338749 -0.940877 0
    outer loop
      vertex 36.8125 -92.9776 2.5
      vertex 30.9017 -95.1057 -15.5
      vertex 36.8125 -92.9776 -15.5
    endloop
  endfacet
  facet normal 0.397146 -0.917755 0
    outer loop
      vertex 36.8125 -92.9776 -15.5
      vertex 42.5779 -90.4827 2.5
      vertex 36.8125 -92.9776 2.5
    endloop
  endfacet
  facet normal 0.397146 -0.917755 0
    outer loop
      vertex 42.5779 -90.4827 2.5
      vertex 36.8125 -92.9776 -15.5
      vertex 42.5779 -90.4827 -15.5
    endloop
  endfacet
  facet normal 0.707107 -0.707107 0
    outer loop
      vertex 68.4547 -72.8969 2.5
      vertex 72.8969 -68.4547 -15.5
      vertex 72.8969 -68.4547 2.5
    endloop
  endfacet
  facet normal 0.707107 -0.707107 0
    outer loop
      vertex 72.8969 -68.4547 -15.5
      vertex 68.4547 -72.8969 2.5
      vertex 68.4547 -72.8969 -15.5
    endloop
  endfacet
  facet normal 0.509045 -0.86074 0
    outer loop
      vertex 48.1754 -87.6307 -15.5
      vertex 53.5827 -84.4328 2.5
      vertex 48.1754 -87.6307 2.5
    endloop
  endfacet
  facet normal 0.509045 -0.86074 0
    outer loop
      vertex 53.5827 -84.4328 2.5
      vertex 48.1754 -87.6307 -15.5
      vertex 53.5827 -84.4328 -15.5
    endloop
  endfacet
  facet normal 0.562088 -0.827078 0
    outer loop
      vertex 53.5827 -84.4328 -15.5
      vertex 58.7785 -80.9017 2.5
      vertex 53.5827 -84.4328 2.5
    endloop
  endfacet
  facet normal 0.562088 -0.827078 0
    outer loop
      vertex 58.7785 -80.9017 2.5
      vertex 53.5827 -84.4328 -15.5
      vertex 58.7785 -80.9017 -15.5
    endloop
  endfacet
  facet normal 0.790155 -0.612907 0
    outer loop
      vertex 77.0513 -63.7424 2.5
      vertex 80.9017 -58.7785 -15.5
      vertex 80.9017 -58.7785 2.5
    endloop
  endfacet
  facet normal 0.790155 -0.612907 0
    outer loop
      vertex 80.9017 -58.7785 -15.5
      vertex 77.0513 -63.7424 2.5
      vertex 77.0513 -63.7424 -15.5
    endloop
  endfacet
  facet normal 0.891011 -0.453982 0
    outer loop
      vertex 87.6307 -48.1754 2.5
      vertex 90.4827 -42.5779 -15.5
      vertex 90.4827 -42.5779 2.5
    endloop
  endfacet
  facet normal 0.891011 -0.453982 0
    outer loop
      vertex 90.4827 -42.5779 -15.5
      vertex 87.6307 -48.1754 2.5
      vertex 87.6307 -48.1754 -15.5
    endloop
  endfacet
  facet normal 0.917755 -0.397146 0
    outer loop
      vertex 90.4827 -42.5779 2.5
      vertex 92.9776 -36.8125 -15.5
      vertex 92.9776 -36.8125 2.5
    endloop
  endfacet
  facet normal 0.917755 -0.397146 0
    outer loop
      vertex 92.9776 -36.8125 -15.5
      vertex 90.4827 -42.5779 2.5
      vertex 90.4827 -42.5779 -15.5
    endloop
  endfacet
  facet normal 0.940877 -0.338749 0
    outer loop
      vertex 92.9776 -36.8125 2.5
      vertex 95.1057 -30.9017 -15.5
      vertex 95.1057 -30.9017 2.5
    endloop
  endfacet
  facet normal 0.940877 -0.338749 0
    outer loop
      vertex 95.1057 -30.9017 -15.5
      vertex 92.9776 -36.8125 2.5
      vertex 92.9776 -36.8125 -15.5
    endloop
  endfacet
  facet normal 0.987687 -0.156443 0
    outer loop
      vertex 98.2287 -18.7381 2.5
      vertex 99.2115 -12.5333 -15.5
      vertex 99.2115 -12.5333 2.5
    endloop
  endfacet
  facet normal 0.987687 -0.156443 0
    outer loop
      vertex 99.2115 -12.5333 -15.5
      vertex 98.2287 -18.7381 2.5
      vertex 98.2287 -18.7381 -15.5
    endloop
  endfacet
  facet normal 0.960296 -0.278982 0
    outer loop
      vertex 95.1057 -30.9017 2.5
      vertex 96.8583 -24.869 -15.5
      vertex 96.8583 -24.869 2.5
    endloop
  endfacet
  facet normal 0.960296 -0.278982 0
    outer loop
      vertex 96.8583 -24.869 -15.5
      vertex 95.1057 -30.9017 2.5
      vertex 95.1057 -30.9017 -15.5
    endloop
  endfacet
  facet normal -0.707107 -0.707107 0
    outer loop
      vertex -68.4547 -72.8969 -15.5
      vertex -72.8969 -68.4547 2.5
      vertex -72.8969 -68.4547 -15.5
    endloop
  endfacet
  facet normal -0.707107 -0.707107 0
    outer loop
      vertex -72.8969 -68.4547 2.5
      vertex -68.4547 -72.8969 -15.5
      vertex -68.4547 -72.8969 2.5
    endloop
  endfacet
  facet normal -0.278982 -0.960296 0
    outer loop
      vertex -30.9017 -95.1057 -15.5
      vertex -24.869 -96.8583 2.5
      vertex -30.9017 -95.1057 2.5
    endloop
  endfacet
  facet normal -0.278982 -0.960296 -0
    outer loop
      vertex -24.869 -96.8583 2.5
      vertex -30.9017 -95.1057 -15.5
      vertex -24.869 -96.8583 -15.5
    endloop
  endfacet
  facet normal -0.21814 -0.975917 0
    outer loop
      vertex -24.869 -96.8583 -15.5
      vertex -18.7381 -98.2287 2.5
      vertex -24.869 -96.8583 2.5
    endloop
  endfacet
  facet normal -0.21814 -0.975917 -0
    outer loop
      vertex -18.7381 -98.2287 2.5
      vertex -24.869 -96.8583 -15.5
      vertex -18.7381 -98.2287 -15.5
    endloop
  endfacet
  facet normal -0.562088 -0.827078 0
    outer loop
      vertex -58.7785 -80.9017 -15.5
      vertex -53.5827 -84.4328 2.5
      vertex -58.7785 -80.9017 2.5
    endloop
  endfacet
  facet normal -0.562088 -0.827078 -0
    outer loop
      vertex -53.5827 -84.4328 2.5
      vertex -58.7785 -80.9017 -15.5
      vertex -53.5827 -84.4328 -15.5
    endloop
  endfacet
  facet normal -0.453982 -0.891011 0
    outer loop
      vertex -48.1754 -87.6307 -15.5
      vertex -42.5779 -90.4827 2.5
      vertex -48.1754 -87.6307 2.5
    endloop
  endfacet
  facet normal -0.453982 -0.891011 -0
    outer loop
      vertex -42.5779 -90.4827 2.5
      vertex -48.1754 -87.6307 -15.5
      vertex -42.5779 -90.4827 -15.5
    endloop
  endfacet
  facet normal -0.661307 -0.750115 0
    outer loop
      vertex -68.4547 -72.8969 -15.5
      vertex -63.7424 -77.0513 2.5
      vertex -68.4547 -72.8969 2.5
    endloop
  endfacet
  facet normal -0.661307 -0.750115 -0
    outer loop
      vertex -63.7424 -77.0513 2.5
      vertex -68.4547 -72.8969 -15.5
      vertex -63.7424 -77.0513 -15.5
    endloop
  endfacet
  facet normal -0.827078 -0.562088 0
    outer loop
      vertex -80.9017 -58.7785 -15.5
      vertex -84.4328 -53.5827 2.5
      vertex -84.4328 -53.5827 -15.5
    endloop
  endfacet
  facet normal -0.827078 -0.562088 0
    outer loop
      vertex -84.4328 -53.5827 2.5
      vertex -80.9017 -58.7785 -15.5
      vertex -80.9017 -58.7785 2.5
    endloop
  endfacet
  facet normal -0.86074 -0.509045 0
    outer loop
      vertex -84.4328 -53.5827 -15.5
      vertex -87.6307 -48.1754 2.5
      vertex -87.6307 -48.1754 -15.5
    endloop
  endfacet
  facet normal -0.86074 -0.509045 0
    outer loop
      vertex -87.6307 -48.1754 2.5
      vertex -84.4328 -53.5827 -15.5
      vertex -84.4328 -53.5827 2.5
    endloop
  endfacet
  facet normal -0.987687 -0.156443 0
    outer loop
      vertex -98.2287 -18.7381 -15.5
      vertex -99.2115 -12.5333 2.5
      vertex -99.2115 -12.5333 -15.5
    endloop
  endfacet
  facet normal -0.987687 -0.156443 0
    outer loop
      vertex -99.2115 -12.5333 2.5
      vertex -98.2287 -18.7381 -15.5
      vertex -98.2287 -18.7381 2.5
    endloop
  endfacet
  facet normal -0.999507 -0.0314065 0
    outer loop
      vertex -99.8027 -6.27905 -15.5
      vertex -100 0 2.5
      vertex -100 0 -15.5
    endloop
  endfacet
  facet normal -0.999507 -0.0314065 0
    outer loop
      vertex -100 0 2.5
      vertex -99.8027 -6.27905 -15.5
      vertex -99.8027 -6.27905 2.5
    endloop
  endfacet
  facet normal -0.940877 -0.338749 0
    outer loop
      vertex -92.9776 -36.8125 -15.5
      vertex -95.1057 -30.9017 2.5
      vertex -95.1057 -30.9017 -15.5
    endloop
  endfacet
  facet normal -0.940877 -0.338749 0
    outer loop
      vertex -95.1057 -30.9017 2.5
      vertex -92.9776 -36.8125 -15.5
      vertex -92.9776 -36.8125 2.5
    endloop
  endfacet
  facet normal -0.975917 -0.21814 0
    outer loop
      vertex -96.8583 -24.869 -15.5
      vertex -98.2287 -18.7381 2.5
      vertex -98.2287 -18.7381 -15.5
    endloop
  endfacet
  facet normal -0.975917 -0.21814 0
    outer loop
      vertex -98.2287 -18.7381 2.5
      vertex -96.8583 -24.869 -15.5
      vertex -96.8583 -24.869 2.5
    endloop
  endfacet
  facet normal 0.975917 0.21814 0
    outer loop
      vertex 98.2287 18.7381 2.5
      vertex 96.8583 24.869 -15.5
      vertex 96.8583 24.869 2.5
    endloop
  endfacet
  facet normal 0.975917 0.21814 0
    outer loop
      vertex 96.8583 24.869 -15.5
      vertex 98.2287 18.7381 2.5
      vertex 98.2287 18.7381 -15.5
    endloop
  endfacet
  facet normal 0.987687 0.156443 0
    outer loop
      vertex 99.2115 12.5333 2.5
      vertex 98.2287 18.7381 -15.5
      vertex 98.2287 18.7381 2.5
    endloop
  endfacet
  facet normal 0.987687 0.156443 0
    outer loop
      vertex 98.2287 18.7381 -15.5
      vertex 99.2115 12.5333 2.5
      vertex 99.2115 12.5333 -15.5
    endloop
  endfacet
  facet normal 0.995562 0.0941082 0
    outer loop
      vertex 99.8027 6.27905 2.5
      vertex 99.2115 12.5333 -15.5
      vertex 99.2115 12.5333 2.5
    endloop
  endfacet
  facet normal 0.995562 0.0941082 0
    outer loop
      vertex 99.2115 12.5333 -15.5
      vertex 99.8027 6.27905 2.5
      vertex 99.8027 6.27905 -15.5
    endloop
  endfacet
  facet normal 0.940877 0.338749 0
    outer loop
      vertex 95.1057 30.9017 2.5
      vertex 92.9776 36.8125 -15.5
      vertex 92.9776 36.8125 2.5
    endloop
  endfacet
  facet normal 0.940877 0.338749 0
    outer loop
      vertex 92.9776 36.8125 -15.5
      vertex 95.1057 30.9017 2.5
      vertex 95.1057 30.9017 -15.5
    endloop
  endfacet
  facet normal 0.750115 0.661307 0
    outer loop
      vertex 77.0513 63.7424 2.5
      vertex 72.8969 68.4547 -15.5
      vertex 72.8969 68.4547 2.5
    endloop
  endfacet
  facet normal 0.750115 0.661307 0
    outer loop
      vertex 72.8969 68.4547 -15.5
      vertex 77.0513 63.7424 2.5
      vertex 77.0513 63.7424 -15.5
    endloop
  endfacet
  facet normal 0.453982 0.891011 -0
    outer loop
      vertex 48.1754 87.6307 -15.5
      vertex 42.5779 90.4827 2.5
      vertex 48.1754 87.6307 2.5
    endloop
  endfacet
  facet normal 0.453982 0.891011 0
    outer loop
      vertex 42.5779 90.4827 2.5
      vertex 48.1754 87.6307 -15.5
      vertex 42.5779 90.4827 -15.5
    endloop
  endfacet
  facet normal 0.999507 -0.0314065 0
    outer loop
      vertex 99.8027 -6.27905 2.5
      vertex 100 0 -15.5
      vertex 100 0 2.5
    endloop
  endfacet
  facet normal 0.999507 -0.0314065 0
    outer loop
      vertex 100 0 -15.5
      vertex 99.8027 -6.27905 2.5
      vertex 99.8027 -6.27905 -15.5
    endloop
  endfacet
  facet normal 0.21814 -0.975917 0
    outer loop
      vertex 18.7381 -98.2287 -15.5
      vertex 24.869 -96.8583 2.5
      vertex 18.7381 -98.2287 2.5
    endloop
  endfacet
  facet normal 0.21814 -0.975917 0
    outer loop
      vertex 24.869 -96.8583 2.5
      vertex 18.7381 -98.2287 -15.5
      vertex 24.869 -96.8583 -15.5
    endloop
  endfacet
  facet normal 0.827078 -0.562088 0
    outer loop
      vertex 80.9017 -58.7785 2.5
      vertex 84.4328 -53.5827 -15.5
      vertex 84.4328 -53.5827 2.5
    endloop
  endfacet
  facet normal 0.827078 -0.562088 0
    outer loop
      vertex 84.4328 -53.5827 -15.5
      vertex 80.9017 -58.7785 2.5
      vertex 80.9017 -58.7785 -15.5
    endloop
  endfacet
  facet normal -0.338749 -0.940877 0
    outer loop
      vertex -36.8125 -92.9776 -15.5
      vertex -30.9017 -95.1057 2.5
      vertex -36.8125 -92.9776 2.5
    endloop
  endfacet
  facet normal -0.338749 -0.940877 -0
    outer loop
      vertex -30.9017 -95.1057 2.5
      vertex -36.8125 -92.9776 -15.5
      vertex -30.9017 -95.1057 -15.5
    endloop
  endfacet
  facet normal -0.0314065 -0.999507 0
    outer loop
      vertex -6.27905 -99.8027 -15.5
      vertex 0 -100 2.5
      vertex -6.27905 -99.8027 2.5
    endloop
  endfacet
  facet normal -0.0314065 -0.999507 -0
    outer loop
      vertex 0 -100 2.5
      vertex -6.27905 -99.8027 -15.5
      vertex 0 -100 -15.5
    endloop
  endfacet
  facet normal -0.156443 -0.987687 0
    outer loop
      vertex -18.7381 -98.2287 -15.5
      vertex -12.5333 -99.2115 2.5
      vertex -18.7381 -98.2287 2.5
    endloop
  endfacet
  facet normal -0.156443 -0.987687 -0
    outer loop
      vertex -12.5333 -99.2115 2.5
      vertex -18.7381 -98.2287 -15.5
      vertex -12.5333 -99.2115 -15.5
    endloop
  endfacet
  facet normal -0.509045 -0.86074 0
    outer loop
      vertex -53.5827 -84.4328 -15.5
      vertex -48.1754 -87.6307 2.5
      vertex -53.5827 -84.4328 2.5
    endloop
  endfacet
  facet normal -0.509045 -0.86074 -0
    outer loop
      vertex -48.1754 -87.6307 2.5
      vertex -53.5827 -84.4328 -15.5
      vertex -48.1754 -87.6307 -15.5
    endloop
  endfacet
  facet normal -0.790155 -0.612907 0
    outer loop
      vertex -77.0513 -63.7424 -15.5
      vertex -80.9017 -58.7785 2.5
      vertex -80.9017 -58.7785 -15.5
    endloop
  endfacet
  facet normal -0.790155 -0.612907 0
    outer loop
      vertex -80.9017 -58.7785 2.5
      vertex -77.0513 -63.7424 -15.5
      vertex -77.0513 -63.7424 2.5
    endloop
  endfacet
  facet normal -0.891011 -0.453982 0
    outer loop
      vertex -87.6307 -48.1754 -15.5
      vertex -90.4827 -42.5779 2.5
      vertex -90.4827 -42.5779 -15.5
    endloop
  endfacet
  facet normal -0.891011 -0.453982 0
    outer loop
      vertex -90.4827 -42.5779 2.5
      vertex -87.6307 -48.1754 -15.5
      vertex -87.6307 -48.1754 2.5
    endloop
  endfacet
  facet normal -0.995562 -0.0941082 0
    outer loop
      vertex -99.2115 -12.5333 -15.5
      vertex -99.8027 -6.27905 2.5
      vertex -99.8027 -6.27905 -15.5
    endloop
  endfacet
  facet normal -0.995562 -0.0941082 0
    outer loop
      vertex -99.8027 -6.27905 2.5
      vertex -99.2115 -12.5333 -15.5
      vertex -99.2115 -12.5333 2.5
    endloop
  endfacet
  facet normal -0.960296 -0.278982 0
    outer loop
      vertex -95.1057 -30.9017 -15.5
      vertex -96.8583 -24.869 2.5
      vertex -96.8583 -24.869 -15.5
    endloop
  endfacet
  facet normal -0.960296 -0.278982 0
    outer loop
      vertex -96.8583 -24.869 2.5
      vertex -95.1057 -30.9017 -15.5
      vertex -95.1057 -30.9017 2.5
    endloop
  endfacet
  facet normal 0.0941082 -0.995562 0
    outer loop
      vertex 6.27905 -99.8027 -15.5
      vertex 12.5333 -99.2115 2.5
      vertex 6.27905 -99.8027 2.5
    endloop
  endfacet
  facet normal 0.0941082 -0.995562 0
    outer loop
      vertex 12.5333 -99.2115 2.5
      vertex 6.27905 -99.8027 -15.5
      vertex 12.5333 -99.2115 -15.5
    endloop
  endfacet
  facet normal -0.661292 -0.750129 0
    outer loop
      vertex 1.6573 2.00333 -2.5
      vertex 1.77982 1.89532 2.5
      vertex 1.6573 2.00333 2.5
    endloop
  endfacet
  facet normal -0.661292 -0.750129 -0
    outer loop
      vertex 1.77982 1.89532 2.5
      vertex 1.6573 2.00333 -2.5
      vertex 1.77982 1.89532 -2.5
    endloop
  endfacet
  facet normal 0.338748 -0.940877 0
    outer loop
      vertex -0.957124 2.41742 -2.5
      vertex -0.803444 2.47275 2.5
      vertex -0.957124 2.41742 2.5
    endloop
  endfacet
  facet normal 0.338748 -0.940877 0
    outer loop
      vertex -0.803444 2.47275 2.5
      vertex -0.957124 2.41742 -2.5
      vertex -0.803444 2.47275 -2.5
    endloop
  endfacet
  facet normal 0.917755 -0.397147 0
    outer loop
      vertex -2.41742 0.957124 2.5
      vertex -2.35255 1.10703 -2.5
      vertex -2.35255 1.10703 2.5
    endloop
  endfacet
  facet normal 0.917755 -0.397147 0
    outer loop
      vertex -2.35255 1.10703 -2.5
      vertex -2.41742 0.957124 2.5
      vertex -2.41742 0.957124 -2.5
    endloop
  endfacet
  facet normal -0.509065 0.860728 0
    outer loop
      vertex 1.39315 -2.19525 -2.5
      vertex 1.25256 -2.2784 2.5
      vertex 1.39315 -2.19525 2.5
    endloop
  endfacet
  facet normal -0.509065 0.860728 0
    outer loop
      vertex 1.25256 -2.2784 2.5
      vertex 1.39315 -2.19525 -2.5
      vertex 1.25256 -2.2784 -2.5
    endloop
  endfacet
  facet normal -0.89101 -0.453984 0
    outer loop
      vertex 2.35255 1.10703 -2.5
      vertex 2.2784 1.25256 2.5
      vertex 2.2784 1.25256 -2.5
    endloop
  endfacet
  facet normal -0.89101 -0.453984 0
    outer loop
      vertex 2.2784 1.25256 2.5
      vertex 2.35255 1.10703 -2.5
      vertex 2.35255 1.10703 2.5
    endloop
  endfacet
  facet normal -0.397147 -0.917755 0
    outer loop
      vertex 0.957124 2.41742 -2.5
      vertex 1.10703 2.35255 2.5
      vertex 0.957124 2.41742 2.5
    endloop
  endfacet
  facet normal -0.397147 -0.917755 -0
    outer loop
      vertex 1.10703 2.35255 2.5
      vertex 0.957124 2.41742 -2.5
      vertex 1.10703 2.35255 -2.5
    endloop
  endfacet
  facet normal 0.707107 -0.707107 0
    outer loop
      vertex -1.89532 1.77982 2.5
      vertex -1.77982 1.89532 -2.5
      vertex -1.77982 1.89532 2.5
    endloop
  endfacet
  facet normal 0.707107 -0.707107 0
    outer loop
      vertex -1.77982 1.89532 -2.5
      vertex -1.89532 1.77982 2.5
      vertex -1.89532 1.77982 -2.5
    endloop
  endfacet
  facet normal 0.156426 -0.98769 0
    outer loop
      vertex -0.487191 2.55395 -2.5
      vertex -0.325866 2.5795 2.5
      vertex -0.487191 2.55395 2.5
    endloop
  endfacet
  facet normal 0.156426 -0.98769 0
    outer loop
      vertex -0.325866 2.5795 2.5
      vertex -0.487191 2.55395 -2.5
      vertex -0.325866 2.5795 -2.5
    endloop
  endfacet
  facet normal -0.940877 0.338748 0
    outer loop
      vertex 2.41742 -0.957124 -2.5
      vertex 2.47275 -0.803444 2.5
      vertex 2.47275 -0.803444 -2.5
    endloop
  endfacet
  facet normal -0.940877 0.338748 0
    outer loop
      vertex 2.47275 -0.803444 2.5
      vertex 2.41742 -0.957124 -2.5
      vertex 2.41742 -0.957124 2.5
    endloop
  endfacet
  facet normal 0.707107 0.707107 0
    outer loop
      vertex -1.77982 -1.89532 2.5
      vertex -1.89532 -1.77982 -2.5
      vertex -1.89532 -1.77982 2.5
    endloop
  endfacet
  facet normal 0.707107 0.707107 0
    outer loop
      vertex -1.89532 -1.77982 -2.5
      vertex -1.77982 -1.89532 2.5
      vertex -1.77982 -1.89532 -2.5
    endloop
  endfacet
  facet normal -0.975918 -0.21814 0
    outer loop
      vertex 2.55395 0.487191 -2.5
      vertex 2.51832 0.646593 2.5
      vertex 2.51832 0.646593 -2.5
    endloop
  endfacet
  facet normal -0.975918 -0.21814 0
    outer loop
      vertex 2.51832 0.646593 2.5
      vertex 2.55395 0.487191 -2.5
      vertex 2.55395 0.487191 2.5
    endloop
  endfacet
  facet normal -0.960293 -0.278994 0
    outer loop
      vertex 2.51832 0.646593 -2.5
      vertex 2.47275 0.803444 2.5
      vertex 2.47275 0.803444 -2.5
    endloop
  endfacet
  facet normal -0.960293 -0.278994 0
    outer loop
      vertex 2.47275 0.803444 2.5
      vertex 2.51832 0.646593 -2.5
      vertex 2.51832 0.646593 2.5
    endloop
  endfacet
  facet normal -0.827072 -0.562096 0
    outer loop
      vertex 2.19525 1.39315 -2.5
      vertex 2.10344 1.52824 2.5
      vertex 2.10344 1.52824 -2.5
    endloop
  endfacet
  facet normal -0.827072 -0.562096 0
    outer loop
      vertex 2.10344 1.52824 2.5
      vertex 2.19525 1.39315 -2.5
      vertex 2.19525 1.39315 2.5
    endloop
  endfacet
  facet normal -0.707107 -0.707107 0
    outer loop
      vertex 1.89532 1.77982 -2.5
      vertex 1.77982 1.89532 2.5
      vertex 1.77982 1.89532 -2.5
    endloop
  endfacet
  facet normal -0.707107 -0.707107 0
    outer loop
      vertex 1.77982 1.89532 2.5
      vertex 1.89532 1.77982 -2.5
      vertex 1.89532 1.77982 2.5
    endloop
  endfacet
  facet normal -0.562096 -0.827072 0
    outer loop
      vertex 1.39315 2.19525 -2.5
      vertex 1.52824 2.10344 2.5
      vertex 1.39315 2.19525 2.5
    endloop
  endfacet
  facet normal -0.562096 -0.827072 -0
    outer loop
      vertex 1.52824 2.10344 2.5
      vertex 1.39315 2.19525 -2.5
      vertex 1.52824 2.10344 -2.5
    endloop
  endfacet
  facet normal -0.0314077 -0.999507 0
    outer loop
      vertex 0 2.6 -2.5
      vertex 0.163255 2.59487 2.5
      vertex 0 2.6 2.5
    endloop
  endfacet
  facet normal -0.0314077 -0.999507 -0
    outer loop
      vertex 0.163255 2.59487 2.5
      vertex 0 2.6 -2.5
      vertex 0.163255 2.59487 -2.5
    endloop
  endfacet
  facet normal -0.338748 -0.940877 0
    outer loop
      vertex 0.803444 2.47275 -2.5
      vertex 0.957124 2.41742 2.5
      vertex 0.803444 2.47275 2.5
    endloop
  endfacet
  facet normal -0.338748 -0.940877 -0
    outer loop
      vertex 0.957124 2.41742 2.5
      vertex 0.803444 2.47275 -2.5
      vertex 0.957124 2.41742 -2.5
    endloop
  endfacet
  facet normal -0.21814 -0.975918 0
    outer loop
      vertex 0.487191 2.55395 -2.5
      vertex 0.646593 2.51832 2.5
      vertex 0.487191 2.55395 2.5
    endloop
  endfacet
  facet normal -0.21814 -0.975918 -0
    outer loop
      vertex 0.646593 2.51832 2.5
      vertex 0.487191 2.55395 -2.5
      vertex 0.646593 2.51832 -2.5
    endloop
  endfacet
  facet normal 0.999507 -0.0314077 0
    outer loop
      vertex -2.6 0 2.5
      vertex -2.59487 0.163255 -2.5
      vertex -2.59487 0.163255 2.5
    endloop
  endfacet
  facet normal 0.999507 -0.0314077 0
    outer loop
      vertex -2.59487 0.163255 -2.5
      vertex -2.6 0 2.5
      vertex -2.6 0 -2.5
    endloop
  endfacet
  facet normal 0.940877 -0.338748 0
    outer loop
      vertex -2.47275 0.803444 2.5
      vertex -2.41742 0.957124 -2.5
      vertex -2.41742 0.957124 2.5
    endloop
  endfacet
  facet normal 0.940877 -0.338748 0
    outer loop
      vertex -2.41742 0.957124 -2.5
      vertex -2.47275 0.803444 2.5
      vertex -2.47275 0.803444 -2.5
    endloop
  endfacet
  facet normal 0.975918 -0.21814 0
    outer loop
      vertex -2.55395 0.487191 2.5
      vertex -2.51832 0.646593 -2.5
      vertex -2.51832 0.646593 2.5
    endloop
  endfacet
  facet normal 0.975918 -0.21814 0
    outer loop
      vertex -2.51832 0.646593 -2.5
      vertex -2.55395 0.487191 2.5
      vertex -2.55395 0.487191 -2.5
    endloop
  endfacet
  facet normal 0.827072 -0.562096 0
    outer loop
      vertex -2.19525 1.39315 2.5
      vertex -2.10344 1.52824 -2.5
      vertex -2.10344 1.52824 2.5
    endloop
  endfacet
  facet normal 0.827072 -0.562096 0
    outer loop
      vertex -2.10344 1.52824 -2.5
      vertex -2.19525 1.39315 2.5
      vertex -2.19525 1.39315 -2.5
    endloop
  endfacet
  facet normal 0.0314077 -0.999507 0
    outer loop
      vertex -0.163255 2.59487 -2.5
      vertex 0 2.6 2.5
      vertex -0.163255 2.59487 2.5
    endloop
  endfacet
  facet normal 0.0314077 -0.999507 0
    outer loop
      vertex 0 2.6 2.5
      vertex -0.163255 2.59487 -2.5
      vertex 0 2.6 -2.5
    endloop
  endfacet
  facet normal 0.509065 -0.860728 0
    outer loop
      vertex -1.39315 2.19525 -2.5
      vertex -1.25256 2.2784 2.5
      vertex -1.39315 2.19525 2.5
    endloop
  endfacet
  facet normal 0.509065 -0.860728 0
    outer loop
      vertex -1.25256 2.2784 2.5
      vertex -1.39315 2.19525 -2.5
      vertex -1.25256 2.2784 -2.5
    endloop
  endfacet
  facet normal 0.562096 -0.827072 0
    outer loop
      vertex -1.52824 2.10344 -2.5
      vertex -1.39315 2.19525 2.5
      vertex -1.52824 2.10344 2.5
    endloop
  endfacet
  facet normal 0.562096 -0.827072 0
    outer loop
      vertex -1.39315 2.19525 2.5
      vertex -1.52824 2.10344 -2.5
      vertex -1.39315 2.19525 -2.5
    endloop
  endfacet
  facet normal 0.397147 -0.917755 0
    outer loop
      vertex -1.10703 2.35255 -2.5
      vertex -0.957124 2.41742 2.5
      vertex -1.10703 2.35255 2.5
    endloop
  endfacet
  facet normal 0.397147 -0.917755 0
    outer loop
      vertex -0.957124 2.41742 2.5
      vertex -1.10703 2.35255 -2.5
      vertex -0.957124 2.41742 -2.5
    endloop
  endfacet
  facet normal -0.999507 -0.0314077 0
    outer loop
      vertex 2.6 0 -2.5
      vertex 2.59487 0.163255 2.5
      vertex 2.59487 0.163255 -2.5
    endloop
  endfacet
  facet normal -0.999507 -0.0314077 0
    outer loop
      vertex 2.59487 0.163255 2.5
      vertex 2.6 0 -2.5
      vertex 2.6 0 2.5
    endloop
  endfacet
  facet normal -0.0314077 0.999507 0
    outer loop
      vertex 0.163255 -2.59487 -2.5
      vertex 0 -2.6 2.5
      vertex 0.163255 -2.59487 2.5
    endloop
  endfacet
  facet normal -0.0314077 0.999507 0
    outer loop
      vertex 0 -2.6 2.5
      vertex 0.163255 -2.59487 -2.5
      vertex 0 -2.6 -2.5
    endloop
  endfacet
  facet normal -0.750129 0.661292 0
    outer loop
      vertex 1.89532 -1.77982 -2.5
      vertex 2.00333 -1.6573 2.5
      vertex 2.00333 -1.6573 -2.5
    endloop
  endfacet
  facet normal -0.750129 0.661292 0
    outer loop
      vertex 2.00333 -1.6573 2.5
      vertex 1.89532 -1.77982 -2.5
      vertex 1.89532 -1.77982 2.5
    endloop
  endfacet
  facet normal -0.397147 0.917755 0
    outer loop
      vertex 1.10703 -2.35255 -2.5
      vertex 0.957124 -2.41742 2.5
      vertex 1.10703 -2.35255 2.5
    endloop
  endfacet
  facet normal -0.397147 0.917755 0
    outer loop
      vertex 0.957124 -2.41742 2.5
      vertex 1.10703 -2.35255 -2.5
      vertex 0.957124 -2.41742 -2.5
    endloop
  endfacet
  facet normal 0.0314077 0.999507 -0
    outer loop
      vertex 0 -2.6 -2.5
      vertex -0.163255 -2.59487 2.5
      vertex 0 -2.6 2.5
    endloop
  endfacet
  facet normal 0.0314077 0.999507 0
    outer loop
      vertex -0.163255 -2.59487 2.5
      vertex 0 -2.6 -2.5
      vertex -0.163255 -2.59487 -2.5
    endloop
  endfacet
  facet normal 0.338748 0.940877 -0
    outer loop
      vertex -0.803444 -2.47275 -2.5
      vertex -0.957124 -2.41742 2.5
      vertex -0.803444 -2.47275 2.5
    endloop
  endfacet
  facet normal 0.338748 0.940877 0
    outer loop
      vertex -0.957124 -2.41742 2.5
      vertex -0.803444 -2.47275 -2.5
      vertex -0.957124 -2.41742 -2.5
    endloop
  endfacet
  facet normal 0.21814 0.975918 -0
    outer loop
      vertex -0.487191 -2.55395 -2.5
      vertex -0.646593 -2.51832 2.5
      vertex -0.487191 -2.55395 2.5
    endloop
  endfacet
  facet normal 0.21814 0.975918 0
    outer loop
      vertex -0.646593 -2.51832 2.5
      vertex -0.487191 -2.55395 -2.5
      vertex -0.646593 -2.51832 -2.5
    endloop
  endfacet
  facet normal 0.562096 0.827072 -0
    outer loop
      vertex -1.39315 -2.19525 -2.5
      vertex -1.52824 -2.10344 2.5
      vertex -1.39315 -2.19525 2.5
    endloop
  endfacet
  facet normal 0.562096 0.827072 0
    outer loop
      vertex -1.52824 -2.10344 2.5
      vertex -1.39315 -2.19525 -2.5
      vertex -1.52824 -2.10344 -2.5
    endloop
  endfacet
  facet normal 0.999507 0.0314077 0
    outer loop
      vertex -2.59487 -0.163255 2.5
      vertex -2.6 0 -2.5
      vertex -2.6 0 2.5
    endloop
  endfacet
  facet normal 0.999507 0.0314077 0
    outer loop
      vertex -2.6 0 -2.5
      vertex -2.59487 -0.163255 2.5
      vertex -2.59487 -0.163255 -2.5
    endloop
  endfacet
  facet normal 0.827072 0.562096 0
    outer loop
      vertex -2.10344 -1.52824 2.5
      vertex -2.19525 -1.39315 -2.5
      vertex -2.19525 -1.39315 2.5
    endloop
  endfacet
  facet normal 0.827072 0.562096 0
    outer loop
      vertex -2.19525 -1.39315 -2.5
      vertex -2.10344 -1.52824 2.5
      vertex -2.10344 -1.52824 -2.5
    endloop
  endfacet
  facet normal 0.860728 0.509065 0
    outer loop
      vertex -2.19525 -1.39315 2.5
      vertex -2.2784 -1.25256 -2.5
      vertex -2.2784 -1.25256 2.5
    endloop
  endfacet
  facet normal 0.860728 0.509065 0
    outer loop
      vertex -2.2784 -1.25256 -2.5
      vertex -2.19525 -1.39315 2.5
      vertex -2.19525 -1.39315 -2.5
    endloop
  endfacet
  facet normal 0.917755 0.397147 0
    outer loop
      vertex -2.35255 -1.10703 2.5
      vertex -2.41742 -0.957124 -2.5
      vertex -2.41742 -0.957124 2.5
    endloop
  endfacet
  facet normal 0.917755 0.397147 0
    outer loop
      vertex -2.41742 -0.957124 -2.5
      vertex -2.35255 -1.10703 2.5
      vertex -2.35255 -1.10703 -2.5
    endloop
  endfacet
  facet normal -0.995563 -0.0941006 0
    outer loop
      vertex 2.59487 0.163255 -2.5
      vertex 2.5795 0.325866 2.5
      vertex 2.5795 0.325866 -2.5
    endloop
  endfacet
  facet normal -0.995563 -0.0941006 0
    outer loop
      vertex 2.5795 0.325866 2.5
      vertex 2.59487 0.163255 -2.5
      vertex 2.59487 0.163255 2.5
    endloop
  endfacet
  facet normal -0.98769 -0.156426 0
    outer loop
      vertex 2.5795 0.325866 -2.5
      vertex 2.55395 0.487191 2.5
      vertex 2.55395 0.487191 -2.5
    endloop
  endfacet
  facet normal -0.98769 -0.156426 0
    outer loop
      vertex 2.55395 0.487191 2.5
      vertex 2.5795 0.325866 -2.5
      vertex 2.5795 0.325866 2.5
    endloop
  endfacet
  facet normal -0.917755 -0.397147 0
    outer loop
      vertex 2.41742 0.957124 -2.5
      vertex 2.35255 1.10703 2.5
      vertex 2.35255 1.10703 -2.5
    endloop
  endfacet
  facet normal -0.917755 -0.397147 0
    outer loop
      vertex 2.35255 1.10703 2.5
      vertex 2.41742 0.957124 -2.5
      vertex 2.41742 0.957124 2.5
    endloop
  endfacet
  facet normal -0.940877 -0.338748 0
    outer loop
      vertex 2.47275 0.803444 -2.5
      vertex 2.41742 0.957124 2.5
      vertex 2.41742 0.957124 -2.5
    endloop
  endfacet
  facet normal -0.940877 -0.338748 0
    outer loop
      vertex 2.41742 0.957124 2.5
      vertex 2.47275 0.803444 -2.5
      vertex 2.47275 0.803444 2.5
    endloop
  endfacet
  facet normal -0.860728 -0.509065 0
    outer loop
      vertex 2.2784 1.25256 -2.5
      vertex 2.19525 1.39315 2.5
      vertex 2.19525 1.39315 -2.5
    endloop
  endfacet
  facet normal -0.860728 -0.509065 0
    outer loop
      vertex 2.19525 1.39315 2.5
      vertex 2.2784 1.25256 -2.5
      vertex 2.2784 1.25256 2.5
    endloop
  endfacet
  facet normal -0.750129 -0.661292 0
    outer loop
      vertex 2.00333 1.6573 -2.5
      vertex 1.89532 1.77982 2.5
      vertex 1.89532 1.77982 -2.5
    endloop
  endfacet
  facet normal -0.750129 -0.661292 0
    outer loop
      vertex 1.89532 1.77982 2.5
      vertex 2.00333 1.6573 -2.5
      vertex 2.00333 1.6573 2.5
    endloop
  endfacet
  facet normal -0.790153 -0.61291 0
    outer loop
      vertex 2.10344 1.52824 -2.5
      vertex 2.00333 1.6573 2.5
      vertex 2.00333 1.6573 -2.5
    endloop
  endfacet
  facet normal -0.790153 -0.61291 0
    outer loop
      vertex 2.00333 1.6573 2.5
      vertex 2.10344 1.52824 -2.5
      vertex 2.10344 1.52824 2.5
    endloop
  endfacet
  facet normal -0.61291 -0.790153 0
    outer loop
      vertex 1.52824 2.10344 -2.5
      vertex 1.6573 2.00333 2.5
      vertex 1.52824 2.10344 2.5
    endloop
  endfacet
  facet normal -0.61291 -0.790153 -0
    outer loop
      vertex 1.6573 2.00333 2.5
      vertex 1.52824 2.10344 -2.5
      vertex 1.6573 2.00333 -2.5
    endloop
  endfacet
  facet normal -0.453984 -0.89101 0
    outer loop
      vertex 1.10703 2.35255 -2.5
      vertex 1.25256 2.2784 2.5
      vertex 1.10703 2.35255 2.5
    endloop
  endfacet
  facet normal -0.453984 -0.89101 -0
    outer loop
      vertex 1.25256 2.2784 2.5
      vertex 1.10703 2.35255 -2.5
      vertex 1.25256 2.2784 -2.5
    endloop
  endfacet
  facet normal -0.509065 -0.860728 0
    outer loop
      vertex 1.25256 2.2784 -2.5
      vertex 1.39315 2.19525 2.5
      vertex 1.25256 2.2784 2.5
    endloop
  endfacet
  facet normal -0.509065 -0.860728 -0
    outer loop
      vertex 1.39315 2.19525 2.5
      vertex 1.25256 2.2784 -2.5
      vertex 1.39315 2.19525 -2.5
    endloop
  endfacet
  facet normal -0.156426 -0.98769 0
    outer loop
      vertex 0.325866 2.5795 -2.5
      vertex 0.487191 2.55395 2.5
      vertex 0.325866 2.5795 2.5
    endloop
  endfacet
  facet normal -0.156426 -0.98769 -0
    outer loop
      vertex 0.487191 2.55395 2.5
      vertex 0.325866 2.5795 -2.5
      vertex 0.487191 2.55395 -2.5
    endloop
  endfacet
  facet normal -0.0941006 -0.995563 0
    outer loop
      vertex 0.163255 2.59487 -2.5
      vertex 0.325866 2.5795 2.5
      vertex 0.163255 2.59487 2.5
    endloop
  endfacet
  facet normal -0.0941006 -0.995563 -0
    outer loop
      vertex 0.325866 2.5795 2.5
      vertex 0.163255 2.59487 -2.5
      vertex 0.325866 2.5795 -2.5
    endloop
  endfacet
  facet normal -0.278994 -0.960293 0
    outer loop
      vertex 0.646593 2.51832 -2.5
      vertex 0.803444 2.47275 2.5
      vertex 0.646593 2.51832 2.5
    endloop
  endfacet
  facet normal -0.278994 -0.960293 -0
    outer loop
      vertex 0.803444 2.47275 2.5
      vertex 0.646593 2.51832 -2.5
      vertex 0.803444 2.47275 -2.5
    endloop
  endfacet
  facet normal 0.98769 -0.156426 0
    outer loop
      vertex -2.5795 0.325866 2.5
      vertex -2.55395 0.487191 -2.5
      vertex -2.55395 0.487191 2.5
    endloop
  endfacet
  facet normal 0.98769 -0.156426 0
    outer loop
      vertex -2.55395 0.487191 -2.5
      vertex -2.5795 0.325866 2.5
      vertex -2.5795 0.325866 -2.5
    endloop
  endfacet
  facet normal 0.995563 -0.0941006 0
    outer loop
      vertex -2.59487 0.163255 2.5
      vertex -2.5795 0.325866 -2.5
      vertex -2.5795 0.325866 2.5
    endloop
  endfacet
  facet normal 0.995563 -0.0941006 0
    outer loop
      vertex -2.5795 0.325866 -2.5
      vertex -2.59487 0.163255 2.5
      vertex -2.59487 0.163255 -2.5
    endloop
  endfacet
  facet normal 0.960293 -0.278994 0
    outer loop
      vertex -2.51832 0.646593 2.5
      vertex -2.47275 0.803444 -2.5
      vertex -2.47275 0.803444 2.5
    endloop
  endfacet
  facet normal 0.960293 -0.278994 0
    outer loop
      vertex -2.47275 0.803444 -2.5
      vertex -2.51832 0.646593 2.5
      vertex -2.51832 0.646593 -2.5
    endloop
  endfacet
  facet normal 0.860728 -0.509065 0
    outer loop
      vertex -2.2784 1.25256 2.5
      vertex -2.19525 1.39315 -2.5
      vertex -2.19525 1.39315 2.5
    endloop
  endfacet
  facet normal 0.860728 -0.509065 0
    outer loop
      vertex -2.19525 1.39315 -2.5
      vertex -2.2784 1.25256 2.5
      vertex -2.2784 1.25256 -2.5
    endloop
  endfacet
  facet normal 0.89101 -0.453984 0
    outer loop
      vertex -2.35255 1.10703 2.5
      vertex -2.2784 1.25256 -2.5
      vertex -2.2784 1.25256 2.5
    endloop
  endfacet
  facet normal 0.89101 -0.453984 0
    outer loop
      vertex -2.2784 1.25256 -2.5
      vertex -2.35255 1.10703 2.5
      vertex -2.35255 1.10703 -2.5
    endloop
  endfacet
  facet normal 0.750129 -0.661292 0
    outer loop
      vertex -2.00333 1.6573 2.5
      vertex -1.89532 1.77982 -2.5
      vertex -1.89532 1.77982 2.5
    endloop
  endfacet
  facet normal 0.750129 -0.661292 0
    outer loop
      vertex -1.89532 1.77982 -2.5
      vertex -2.00333 1.6573 2.5
      vertex -2.00333 1.6573 -2.5
    endloop
  endfacet
  facet normal 0.790153 -0.61291 0
    outer loop
      vertex -2.10344 1.52824 2.5
      vertex -2.00333 1.6573 -2.5
      vertex -2.00333 1.6573 2.5
    endloop
  endfacet
  facet normal 0.790153 -0.61291 0
    outer loop
      vertex -2.00333 1.6573 -2.5
      vertex -2.10344 1.52824 2.5
      vertex -2.10344 1.52824 -2.5
    endloop
  endfacet
  facet normal 0.21814 -0.975918 0
    outer loop
      vertex -0.646593 2.51832 -2.5
      vertex -0.487191 2.55395 2.5
      vertex -0.646593 2.51832 2.5
    endloop
  endfacet
  facet normal 0.21814 -0.975918 0
    outer loop
      vertex -0.487191 2.55395 2.5
      vertex -0.646593 2.51832 -2.5
      vertex -0.487191 2.55395 -2.5
    endloop
  endfacet
  facet normal 0.278994 -0.960293 0
    outer loop
      vertex -0.803444 2.47275 -2.5
      vertex -0.646593 2.51832 2.5
      vertex -0.803444 2.47275 2.5
    endloop
  endfacet
  facet normal 0.278994 -0.960293 0
    outer loop
      vertex -0.646593 2.51832 2.5
      vertex -0.803444 2.47275 -2.5
      vertex -0.646593 2.51832 -2.5
    endloop
  endfacet
  facet normal 0.0941006 -0.995563 0
    outer loop
      vertex -0.325866 2.5795 -2.5
      vertex -0.163255 2.59487 2.5
      vertex -0.325866 2.5795 2.5
    endloop
  endfacet
  facet normal 0.0941006 -0.995563 0
    outer loop
      vertex -0.163255 2.59487 2.5
      vertex -0.325866 2.5795 -2.5
      vertex -0.163255 2.59487 -2.5
    endloop
  endfacet
  facet normal 0.453984 -0.89101 0
    outer loop
      vertex -1.25256 2.2784 -2.5
      vertex -1.10703 2.35255 2.5
      vertex -1.25256 2.2784 2.5
    endloop
  endfacet
  facet normal 0.453984 -0.89101 0
    outer loop
      vertex -1.10703 2.35255 2.5
      vertex -1.25256 2.2784 -2.5
      vertex -1.10703 2.35255 -2.5
    endloop
  endfacet
  facet normal 0.61291 -0.790153 0
    outer loop
      vertex -1.6573 2.00333 -2.5
      vertex -1.52824 2.10344 2.5
      vertex -1.6573 2.00333 2.5
    endloop
  endfacet
  facet normal 0.61291 -0.790153 0
    outer loop
      vertex -1.52824 2.10344 2.5
      vertex -1.6573 2.00333 -2.5
      vertex -1.52824 2.10344 -2.5
    endloop
  endfacet
  facet normal 0.661292 -0.750129 0
    outer loop
      vertex -1.77982 1.89532 -2.5
      vertex -1.6573 2.00333 2.5
      vertex -1.77982 1.89532 2.5
    endloop
  endfacet
  facet normal 0.661292 -0.750129 0
    outer loop
      vertex -1.6573 2.00333 2.5
      vertex -1.77982 1.89532 -2.5
      vertex -1.6573 2.00333 -2.5
    endloop
  endfacet
  facet normal -0.999507 0.0314077 0
    outer loop
      vertex 2.59487 -0.163255 -2.5
      vertex 2.6 0 2.5
      vertex 2.6 0 -2.5
    endloop
  endfacet
  facet normal -0.999507 0.0314077 0
    outer loop
      vertex 2.6 0 2.5
      vertex 2.59487 -0.163255 -2.5
      vertex 2.59487 -0.163255 2.5
    endloop
  endfacet
  facet normal -0.98769 0.156426 0
    outer loop
      vertex 2.55395 -0.487191 -2.5
      vertex 2.5795 -0.325866 2.5
      vertex 2.5795 -0.325866 -2.5
    endloop
  endfacet
  facet normal -0.98769 0.156426 0
    outer loop
      vertex 2.5795 -0.325866 2.5
      vertex 2.55395 -0.487191 -2.5
      vertex 2.55395 -0.487191 2.5
    endloop
  endfacet
  facet normal -0.827072 0.562096 0
    outer loop
      vertex 2.10344 -1.52824 -2.5
      vertex 2.19525 -1.39315 2.5
      vertex 2.19525 -1.39315 -2.5
    endloop
  endfacet
  facet normal -0.827072 0.562096 0
    outer loop
      vertex 2.19525 -1.39315 2.5
      vertex 2.10344 -1.52824 -2.5
      vertex 2.10344 -1.52824 2.5
    endloop
  endfacet
  facet normal -0.0941006 0.995563 0
    outer loop
      vertex 0.325866 -2.5795 -2.5
      vertex 0.163255 -2.59487 2.5
      vertex 0.325866 -2.5795 2.5
    endloop
  endfacet
  facet normal -0.0941006 0.995563 0
    outer loop
      vertex 0.163255 -2.59487 2.5
      vertex 0.325866 -2.5795 -2.5
      vertex 0.163255 -2.59487 -2.5
    endloop
  endfacet
  facet normal -0.338748 0.940877 0
    outer loop
      vertex 0.957124 -2.41742 -2.5
      vertex 0.803444 -2.47275 2.5
      vertex 0.957124 -2.41742 2.5
    endloop
  endfacet
  facet normal -0.338748 0.940877 0
    outer loop
      vertex 0.803444 -2.47275 2.5
      vertex 0.957124 -2.41742 -2.5
      vertex 0.803444 -2.47275 -2.5
    endloop
  endfacet
  facet normal -0.21814 0.975918 0
    outer loop
      vertex 0.646593 -2.51832 -2.5
      vertex 0.487191 -2.55395 2.5
      vertex 0.646593 -2.51832 2.5
    endloop
  endfacet
  facet normal -0.21814 0.975918 0
    outer loop
      vertex 0.487191 -2.55395 2.5
      vertex 0.646593 -2.51832 -2.5
      vertex 0.487191 -2.55395 -2.5
    endloop
  endfacet
  facet normal -0.707107 0.707107 0
    outer loop
      vertex 1.77982 -1.89532 -2.5
      vertex 1.89532 -1.77982 2.5
      vertex 1.89532 -1.77982 -2.5
    endloop
  endfacet
  facet normal -0.707107 0.707107 0
    outer loop
      vertex 1.89532 -1.77982 2.5
      vertex 1.77982 -1.89532 -2.5
      vertex 1.77982 -1.89532 2.5
    endloop
  endfacet
  facet normal -0.562096 0.827072 0
    outer loop
      vertex 1.52824 -2.10344 -2.5
      vertex 1.39315 -2.19525 2.5
      vertex 1.52824 -2.10344 2.5
    endloop
  endfacet
  facet normal -0.562096 0.827072 0
    outer loop
      vertex 1.39315 -2.19525 2.5
      vertex 1.52824 -2.10344 -2.5
      vertex 1.39315 -2.19525 -2.5
    endloop
  endfacet
  facet normal -0.661292 0.750129 0
    outer loop
      vertex 1.77982 -1.89532 -2.5
      vertex 1.6573 -2.00333 2.5
      vertex 1.77982 -1.89532 2.5
    endloop
  endfacet
  facet normal -0.661292 0.750129 0
    outer loop
      vertex 1.6573 -2.00333 2.5
      vertex 1.77982 -1.89532 -2.5
      vertex 1.6573 -2.00333 -2.5
    endloop
  endfacet
  facet normal -0.453984 0.89101 0
    outer loop
      vertex 1.25256 -2.2784 -2.5
      vertex 1.10703 -2.35255 2.5
      vertex 1.25256 -2.2784 2.5
    endloop
  endfacet
  facet normal -0.453984 0.89101 0
    outer loop
      vertex 1.10703 -2.35255 2.5
      vertex 1.25256 -2.2784 -2.5
      vertex 1.10703 -2.35255 -2.5
    endloop
  endfacet
  facet normal 0.156426 0.98769 -0
    outer loop
      vertex -0.325866 -2.5795 -2.5
      vertex -0.487191 -2.55395 2.5
      vertex -0.325866 -2.5795 2.5
    endloop
  endfacet
  facet normal 0.156426 0.98769 0
    outer loop
      vertex -0.487191 -2.55395 2.5
      vertex -0.325866 -2.5795 -2.5
      vertex -0.487191 -2.55395 -2.5
    endloop
  endfacet
  facet normal 0.278994 0.960293 -0
    outer loop
      vertex -0.646593 -2.51832 -2.5
      vertex -0.803444 -2.47275 2.5
      vertex -0.646593 -2.51832 2.5
    endloop
  endfacet
  facet normal 0.278994 0.960293 0
    outer loop
      vertex -0.803444 -2.47275 2.5
      vertex -0.646593 -2.51832 -2.5
      vertex -0.803444 -2.47275 -2.5
    endloop
  endfacet
  facet normal 0.509065 0.860728 -0
    outer loop
      vertex -1.25256 -2.2784 -2.5
      vertex -1.39315 -2.19525 2.5
      vertex -1.25256 -2.2784 2.5
    endloop
  endfacet
  facet normal 0.509065 0.860728 0
    outer loop
      vertex -1.39315 -2.19525 2.5
      vertex -1.25256 -2.2784 -2.5
      vertex -1.39315 -2.19525 -2.5
    endloop
  endfacet
  facet normal 0.397147 0.917755 -0
    outer loop
      vertex -0.957124 -2.41742 -2.5
      vertex -1.10703 -2.35255 2.5
      vertex -0.957124 -2.41742 2.5
    endloop
  endfacet
  facet normal 0.397147 0.917755 0
    outer loop
      vertex -1.10703 -2.35255 2.5
      vertex -0.957124 -2.41742 -2.5
      vertex -1.10703 -2.35255 -2.5
    endloop
  endfacet
  facet normal 0.61291 0.790153 -0
    outer loop
      vertex -1.52824 -2.10344 -2.5
      vertex -1.6573 -2.00333 2.5
      vertex -1.52824 -2.10344 2.5
    endloop
  endfacet
  facet normal 0.61291 0.790153 0
    outer loop
      vertex -1.6573 -2.00333 2.5
      vertex -1.52824 -2.10344 -2.5
      vertex -1.6573 -2.00333 -2.5
    endloop
  endfacet
  facet normal 0.975918 0.21814 0
    outer loop
      vertex -2.51832 -0.646593 2.5
      vertex -2.55395 -0.487191 -2.5
      vertex -2.55395 -0.487191 2.5
    endloop
  endfacet
  facet normal 0.975918 0.21814 0
    outer loop
      vertex -2.55395 -0.487191 -2.5
      vertex -2.51832 -0.646593 2.5
      vertex -2.51832 -0.646593 -2.5
    endloop
  endfacet
  facet normal 0.940877 0.338748 0
    outer loop
      vertex -2.41742 -0.957124 2.5
      vertex -2.47275 -0.803444 -2.5
      vertex -2.47275 -0.803444 2.5
    endloop
  endfacet
  facet normal 0.940877 0.338748 0
    outer loop
      vertex -2.47275 -0.803444 -2.5
      vertex -2.41742 -0.957124 2.5
      vertex -2.41742 -0.957124 -2.5
    endloop
  endfacet
  facet normal 0.995563 0.0941006 0
    outer loop
      vertex -2.5795 -0.325866 2.5
      vertex -2.59487 -0.163255 -2.5
      vertex -2.59487 -0.163255 2.5
    endloop
  endfacet
  facet normal 0.995563 0.0941006 0
    outer loop
      vertex -2.59487 -0.163255 -2.5
      vertex -2.5795 -0.325866 2.5
      vertex -2.5795 -0.325866 -2.5
    endloop
  endfacet
  facet normal 0.89101 0.453984 0
    outer loop
      vertex -2.2784 -1.25256 2.5
      vertex -2.35255 -1.10703 -2.5
      vertex -2.35255 -1.10703 2.5
    endloop
  endfacet
  facet normal 0.89101 0.453984 0
    outer loop
      vertex -2.35255 -1.10703 -2.5
      vertex -2.2784 -1.25256 2.5
      vertex -2.2784 -1.25256 -2.5
    endloop
  endfacet
  facet normal 0.790153 0.61291 0
    outer loop
      vertex -2.00333 -1.6573 2.5
      vertex -2.10344 -1.52824 -2.5
      vertex -2.10344 -1.52824 2.5
    endloop
  endfacet
  facet normal 0.790153 0.61291 0
    outer loop
      vertex -2.10344 -1.52824 -2.5
      vertex -2.00333 -1.6573 2.5
      vertex -2.00333 -1.6573 -2.5
    endloop
  endfacet
  facet normal 0.750129 0.661292 0
    outer loop
      vertex -1.89532 -1.77982 2.5
      vertex -2.00333 -1.6573 -2.5
      vertex -2.00333 -1.6573 2.5
    endloop
  endfacet
  facet normal 0.750129 0.661292 0
    outer loop
      vertex -2.00333 -1.6573 -2.5
      vertex -1.89532 -1.77982 2.5
      vertex -1.89532 -1.77982 -2.5
    endloop
  endfacet
  facet normal -0.995563 0.0941006 0
    outer loop
      vertex 2.5795 -0.325866 -2.5
      vertex 2.59487 -0.163255 2.5
      vertex 2.59487 -0.163255 -2.5
    endloop
  endfacet
  facet normal -0.995563 0.0941006 0
    outer loop
      vertex 2.59487 -0.163255 2.5
      vertex 2.5795 -0.325866 -2.5
      vertex 2.5795 -0.325866 2.5
    endloop
  endfacet
  facet normal -0.975918 0.21814 0
    outer loop
      vertex 2.51832 -0.646593 -2.5
      vertex 2.55395 -0.487191 2.5
      vertex 2.55395 -0.487191 -2.5
    endloop
  endfacet
  facet normal -0.975918 0.21814 0
    outer loop
      vertex 2.55395 -0.487191 2.5
      vertex 2.51832 -0.646593 -2.5
      vertex 2.51832 -0.646593 2.5
    endloop
  endfacet
  facet normal -0.960293 0.278994 0
    outer loop
      vertex 2.47275 -0.803444 -2.5
      vertex 2.51832 -0.646593 2.5
      vertex 2.51832 -0.646593 -2.5
    endloop
  endfacet
  facet normal -0.960293 0.278994 0
    outer loop
      vertex 2.51832 -0.646593 2.5
      vertex 2.47275 -0.803444 -2.5
      vertex 2.47275 -0.803444 2.5
    endloop
  endfacet
  facet normal -0.917755 0.397147 0
    outer loop
      vertex 2.35255 -1.10703 -2.5
      vertex 2.41742 -0.957124 2.5
      vertex 2.41742 -0.957124 -2.5
    endloop
  endfacet
  facet normal -0.917755 0.397147 0
    outer loop
      vertex 2.41742 -0.957124 2.5
      vertex 2.35255 -1.10703 -2.5
      vertex 2.35255 -1.10703 2.5
    endloop
  endfacet
  facet normal -0.156426 0.98769 0
    outer loop
      vertex 0.487191 -2.55395 -2.5
      vertex 0.325866 -2.5795 2.5
      vertex 0.487191 -2.55395 2.5
    endloop
  endfacet
  facet normal -0.156426 0.98769 0
    outer loop
      vertex 0.325866 -2.5795 2.5
      vertex 0.487191 -2.55395 -2.5
      vertex 0.325866 -2.5795 -2.5
    endloop
  endfacet
  facet normal -0.278994 0.960293 0
    outer loop
      vertex 0.803444 -2.47275 -2.5
      vertex 0.646593 -2.51832 2.5
      vertex 0.803444 -2.47275 2.5
    endloop
  endfacet
  facet normal -0.278994 0.960293 0
    outer loop
      vertex 0.646593 -2.51832 2.5
      vertex 0.803444 -2.47275 -2.5
      vertex 0.646593 -2.51832 -2.5
    endloop
  endfacet
  facet normal -0.61291 0.790153 0
    outer loop
      vertex 1.6573 -2.00333 -2.5
      vertex 1.52824 -2.10344 2.5
      vertex 1.6573 -2.00333 2.5
    endloop
  endfacet
  facet normal -0.61291 0.790153 0
    outer loop
      vertex 1.52824 -2.10344 2.5
      vertex 1.6573 -2.00333 -2.5
      vertex 1.52824 -2.10344 -2.5
    endloop
  endfacet
  facet normal 0.0941006 0.995563 -0
    outer loop
      vertex -0.163255 -2.59487 -2.5
      vertex -0.325866 -2.5795 2.5
      vertex -0.163255 -2.59487 2.5
    endloop
  endfacet
  facet normal 0.0941006 0.995563 0
    outer loop
      vertex -0.325866 -2.5795 2.5
      vertex -0.163255 -2.59487 -2.5
      vertex -0.325866 -2.5795 -2.5
    endloop
  endfacet
  facet normal 0.453984 0.89101 -0
    outer loop
      vertex -1.10703 -2.35255 -2.5
      vertex -1.25256 -2.2784 2.5
      vertex -1.10703 -2.35255 2.5
    endloop
  endfacet
  facet normal 0.453984 0.89101 0
    outer loop
      vertex -1.25256 -2.2784 2.5
      vertex -1.10703 -2.35255 -2.5
      vertex -1.25256 -2.2784 -2.5
    endloop
  endfacet
  facet normal 0.661292 0.750129 -0
    outer loop
      vertex -1.6573 -2.00333 -2.5
      vertex -1.77982 -1.89532 2.5
      vertex -1.6573 -2.00333 2.5
    endloop
  endfacet
  facet normal 0.661292 0.750129 0
    outer loop
      vertex -1.77982 -1.89532 2.5
      vertex -1.6573 -2.00333 -2.5
      vertex -1.77982 -1.89532 -2.5
    endloop
  endfacet
  facet normal 0.960293 0.278994 0
    outer loop
      vertex -2.47275 -0.803444 2.5
      vertex -2.51832 -0.646593 -2.5
      vertex -2.51832 -0.646593 2.5
    endloop
  endfacet
  facet normal 0.960293 0.278994 0
    outer loop
      vertex -2.51832 -0.646593 -2.5
      vertex -2.47275 -0.803444 2.5
      vertex -2.47275 -0.803444 -2.5
    endloop
  endfacet
  facet normal 0.98769 0.156426 0
    outer loop
      vertex -2.55395 -0.487191 2.5
      vertex -2.5795 -0.325866 -2.5
      vertex -2.5795 -0.325866 2.5
    endloop
  endfacet
  facet normal 0.98769 0.156426 0
    outer loop
      vertex -2.5795 -0.325866 -2.5
      vertex -2.55395 -0.487191 2.5
      vertex -2.55395 -0.487191 -2.5
    endloop
  endfacet
  facet normal -0.89101 0.453984 0
    outer loop
      vertex 2.2784 -1.25256 -2.5
      vertex 2.35255 -1.10703 2.5
      vertex 2.35255 -1.10703 -2.5
    endloop
  endfacet
  facet normal -0.89101 0.453984 0
    outer loop
      vertex 2.35255 -1.10703 2.5
      vertex 2.2784 -1.25256 -2.5
      vertex 2.2784 -1.25256 2.5
    endloop
  endfacet
  facet normal -0.860728 0.509065 0
    outer loop
      vertex 2.19525 -1.39315 -2.5
      vertex 2.2784 -1.25256 2.5
      vertex 2.2784 -1.25256 -2.5
    endloop
  endfacet
  facet normal -0.860728 0.509065 0
    outer loop
      vertex 2.2784 -1.25256 2.5
      vertex 2.19525 -1.39315 -2.5
      vertex 2.19525 -1.39315 2.5
    endloop
  endfacet
  facet normal -0.790153 0.61291 0
    outer loop
      vertex 2.00333 -1.6573 -2.5
      vertex 2.10344 -1.52824 2.5
      vertex 2.10344 -1.52824 -2.5
    endloop
  endfacet
  facet normal -0.790153 0.61291 0
    outer loop
      vertex 2.10344 -1.52824 2.5
      vertex 2.00333 -1.6573 -2.5
      vertex 2.00333 -1.6573 2.5
    endloop
  endfacet
  facet normal 0 0 1
    outer loop
      vertex -69.1188 33.3329 2.1
      vertex -63.6145 30.1438 2.1
      vertex -63.6197 30.3393 2.1
    endloop
  endfacet
  facet normal 0 0 1
    outer loop
      vertex 45.7152 70.6232 2.1
      vertex 47.7966 76.4134 2.1
      vertex 47.0823 76.6601 2.1
    endloop
  endfacet
  facet normal 0 0 1
    outer loop
      vertex 47.7966 76.4134 2.1
      vertex 47.0724 69.274 2.1
      vertex 47.0855 69.0896 2.1
    endloop
  endfacet
  facet normal 0 0 1
    outer loop
      vertex 47.7966 76.4134 2.1
      vertex 47.0435 69.4603 2.1
      vertex 47.0724 69.274 2.1
    endloop
  endfacet
  facet normal 0 0 1
    outer loop
      vertex 47.7966 76.4134 2.1
      vertex 46.9987 69.6492 2.1
      vertex 47.0435 69.4603 2.1
    endloop
  endfacet
  facet normal 0 0 1
    outer loop
      vertex 47.7966 76.4134 2.1
      vertex 46.9302 69.8167 2.1
      vertex 46.9987 69.6492 2.1
    endloop
  endfacet
  facet normal 0 0 1
    outer loop
      vertex 47.7966 76.4134 2.1
      vertex 46.823 69.9744 2.1
      vertex 46.9302 69.8167 2.1
    endloop
  endfacet
  facet normal 0 0 1
    outer loop
      vertex 47.7966 76.4134 2.1
      vertex 46.6772 70.1227 2.1
      vertex 46.823 69.9744 2.1
    endloop
  endfacet
  facet normal 0 0 1
    outer loop
      vertex 47.7966 76.4134 2.1
      vertex 46.4934 70.2617 2.1
      vertex 46.6772 70.1227 2.1
    endloop
  endfacet
  facet normal 0 0 1
    outer loop
      vertex 45.0101 70.8193 2.1
      vertex 47.0823 76.6601 2.1
      vertex 46.3229 76.8809 2.1
    endloop
  endfacet
  facet normal 0 0 1
    outer loop
      vertex 47.7966 76.4134 2.1
      vertex 46.2716 70.3913 2.1
      vertex 46.4934 70.2617 2.1
    endloop
  endfacet
  facet normal 0 0 1
    outer loop
      vertex 47.7966 76.4134 2.1
      vertex 46.0121 70.5118 2.1
      vertex 46.2716 70.3913 2.1
    endloop
  endfacet
  facet normal 0 0 1
    outer loop
      vertex 47.7966 76.4134 2.1
      vertex 45.7152 70.6232 2.1
      vertex 46.0121 70.5118 2.1
    endloop
  endfacet
  facet normal 0 0 1
    outer loop
      vertex 44.6026 70.9042 2.1
      vertex 46.3229 76.8809 2.1
      vertex 45.5188 77.0758 2.1
    endloop
  endfacet
  facet normal 0 0 1
    outer loop
      vertex 47.0823 76.6601 2.1
      vertex 45.3811 70.7257 2.1
      vertex 45.7152 70.6232 2.1
    endloop
  endfacet
  facet normal 0 0 1
    outer loop
      vertex 47.0823 76.6601 2.1
      vertex 45.0101 70.8193 2.1
      vertex 45.3811 70.7257 2.1
    endloop
  endfacet
  facet normal 0 0 1
    outer loop
      vertex 44.1586 70.9805 2.1
      vertex 45.5188 77.0758 2.1
      vertex 44.6704 77.2448 2.1
    endloop
  endfacet
  facet normal 0 0 1
    outer loop
      vertex 46.3229 76.8809 2.1
      vertex 44.6026 70.9042 2.1
      vertex 45.0101 70.8193 2.1
    endloop
  endfacet
  facet normal 0 0 1
    outer loop
      vertex 45.5188 77.0758 2.1
      vertex 44.1586 70.9805 2.1
      vertex 44.6026 70.9042 2.1
    endloop
  endfacet
  facet normal 0 0 1
    outer loop
      vertex 43.1626 71.1078 2.1
      vertex 44.6704 77.2448 2.1
      vertex 43.7781 77.3878 2.1
    endloop
  endfacet
  facet normal 0 0 1
    outer loop
      vertex 44.6704 77.2448 2.1
      vertex 43.6785 71.0483 2.1
      vertex 44.1586 70.9805 2.1
    endloop
  endfacet
  facet normal 0 0 1
    outer loop
      vertex 44.6704 77.2448 2.1
      vertex 43.1626 71.1078 2.1
      vertex 43.6785 71.0483 2.1
    endloop
  endfacet
  facet normal 0 0 1
    outer loop
      vertex 42.6111 71.1589 2.1
      vertex 43.7781 77.3878 2.1
      vertex 42.8423 77.5049 2.1
    endloop
  endfacet
  facet normal 0 0 1
    outer loop
      vertex 43.7781 77.3878 2.1
      vertex 42.6111 71.1589 2.1
      vertex 43.1626 71.1078 2.1
    endloop
  endfacet
  facet normal 0 0 1
    outer loop
      vertex 42.8423 77.5049 2.1
      vertex 42.0242 71.2018 2.1
      vertex 42.6111 71.1589 2.1
    endloop
  endfacet
  facet normal 0 0 1
    outer loop
      vertex 41.8633 77.596 2.1
      vertex 42.0242 71.2018 2.1
      vertex 42.8423 77.5049 2.1
    endloop
  endfacet
  facet normal 0 0 1
    outer loop
      vertex 41.8633 77.596 2.1
      vertex 41.4023 71.2367 2.1
      vertex 42.0242 71.2018 2.1
    endloop
  endfacet
  facet normal 0 0 1
    outer loop
      vertex 40.7455 71.2637 2.1
      vertex 41.8633 77.596 2.1
      vertex 40.8417 77.6612 2.1
    endloop
  endfacet
  facet normal 0 0 1
    outer loop
      vertex 41.8633 77.596 2.1
      vertex 40.7455 71.2637 2.1
      vertex 41.4023 71.2367 2.1
    endloop
  endfacet
  facet normal 0 0 1
    outer loop
      vertex 40.8417 77.6612 2.1
      vertex 40.0542 71.2828 2.1
      vertex 40.7455 71.2637 2.1
    endloop
  endfacet
  facet normal 0 0 1
    outer loop
      vertex 39.7776 77.7003 2.1
      vertex 40.0542 71.2828 2.1
      vertex 40.8417 77.6612 2.1
    endloop
  endfacet
  facet normal 0 0 1
    outer loop
      vertex 39.7776 77.7003 2.1
      vertex 39.3286 71.2942 2.1
      vertex 40.0542 71.2828 2.1
    endloop
  endfacet
  facet normal 0 0 1
    outer loop
      vertex 38.6716 77.7133 2.1
      vertex 39.3286 71.2942 2.1
      vertex 39.7776 77.7003 2.1
    endloop
  endfacet
  facet normal 0 0 1
    outer loop
      vertex 38.6716 77.7133 2.1
      vertex 38.569 71.298 2.1
      vertex 39.3286 71.2942 2.1
    endloop
  endfacet
  facet normal 0 0 1
    outer loop
      vertex 38.6716 77.7133 2.1
      vertex 38.5 71.298 2.1
      vertex 38.569 71.298 2.1
    endloop
  endfacet
  facet normal 0 0 1
    outer loop
      vertex 38.6716 77.7133 2.1
      vertex 34.322 71.3103 2.1
      vertex 38.5 71.298 2.1
    endloop
  endfacet
  facet normal -0 0 1
    outer loop
      vertex 31.6212 59.1601 2.1
      vertex 33.7318 51.2885 2.1
      vertex 34.322 71.3103 2.1
    endloop
  endfacet
  facet normal 0 0 1
    outer loop
      vertex 33.7318 51.2885 2.1
      vertex 31.6212 59.1601 2.1
      vertex 33.2955 51.2885 2.1
    endloop
  endfacet
  facet normal 0 0 1
    outer loop
      vertex 34.322 71.3103 2.1
      vertex 27.0663 73.6011 2.1
      vertex 31.6212 59.1601 2.1
    endloop
  endfacet
  facet normal -0 0 1
    outer loop
      vertex 26.5728 75.331 2.1
      vertex 34.322 71.3103 2.1
      vertex 38.6716 77.7133 2.1
    endloop
  endfacet
  facet normal 0 0 1
    outer loop
      vertex 34.322 71.3103 2.1
      vertex 27.0293 73.7227 2.1
      vertex 27.0663 73.6011 2.1
    endloop
  endfacet
  facet normal 0 0 1
    outer loop
      vertex 34.322 71.3103 2.1
      vertex 26.9828 73.8805 2.1
      vertex 27.0293 73.7227 2.1
    endloop
  endfacet
  facet normal 0 0 1
    outer loop
      vertex 34.322 71.3103 2.1
      vertex 26.928 74.07 2.1
      vertex 26.9828 73.8805 2.1
    endloop
  endfacet
  facet normal 0 0 1
    outer loop
      vertex 34.322 71.3103 2.1
      vertex 26.8662 74.2866 2.1
      vertex 26.928 74.07 2.1
    endloop
  endfacet
  facet normal 0 0 1
    outer loop
      vertex 34.322 71.3103 2.1
      vertex 26.7985 74.5254 2.1
      vertex 26.8662 74.2866 2.1
    endloop
  endfacet
  facet normal 0 0 1
    outer loop
      vertex 34.322 71.3103 2.1
      vertex 26.7262 74.7822 2.1
      vertex 26.7985 74.5254 2.1
    endloop
  endfacet
  facet normal 0 0 1
    outer loop
      vertex 34.322 71.3103 2.1
      vertex 26.5728 75.331 2.1
      vertex 26.7262 74.7822 2.1
    endloop
  endfacet
  facet normal 0 0 1
    outer loop
      vertex 38.6716 77.7133 2.1
      vertex 26.4159 75.8961 2.1
      vertex 26.5728 75.331 2.1
    endloop
  endfacet
  facet normal 0 0 1
    outer loop
      vertex 38.6716 77.7133 2.1
      vertex 26.3392 76.1733 2.1
      vertex 26.4159 75.8961 2.1
    endloop
  endfacet
  facet normal 0 0 1
    outer loop
      vertex 38.6716 77.7133 2.1
      vertex 26.131 76.9284 2.1
      vertex 26.3392 76.1733 2.1
    endloop
  endfacet
  facet normal 0 -0 1
    outer loop
      vertex 26.131 76.9284 2.1
      vertex 38.6716 77.7133 2.1
      vertex 25.9243 77.6812 2.1
    endloop
  endfacet
  facet normal 0 0 1
    outer loop
      vertex 47.0855 69.0896 2.1
      vertex 53.021 69.8753 2.1
      vertex 52.9967 70.282 2.1
    endloop
  endfacet
  facet normal 0 0 1
    outer loop
      vertex 53.021 69.8753 2.1
      vertex 47.0855 69.0896 2.1
      vertex 53.0161 69.4527 2.1
    endloop
  endfacet
  facet normal 0 0 1
    outer loop
      vertex 47.0855 69.0896 2.1
      vertex 52.9967 70.282 2.1
      vertex 52.9454 70.6754 2.1
    endloop
  endfacet
  facet normal 0 0 1
    outer loop
      vertex 53.0161 69.4527 2.1
      vertex 47.0855 69.0896 2.1
      vertex 52.9793 69.0117 2.1
    endloop
  endfacet
  facet normal 0 0 1
    outer loop
      vertex 47.0855 69.0896 2.1
      vertex 52.9454 70.6754 2.1
      vertex 52.8699 71.0579 2.1
    endloop
  endfacet
  facet normal 0 0 1
    outer loop
      vertex 52.9793 69.0117 2.1
      vertex 47.0855 69.0896 2.1
      vertex 52.908 68.5498 2.1
    endloop
  endfacet
  facet normal 0 0 1
    outer loop
      vertex 47.0855 69.0896 2.1
      vertex 52.8699 71.0579 2.1
      vertex 52.7725 71.432 2.1
    endloop
  endfacet
  facet normal 0 0 1
    outer loop
      vertex 47.0855 69.0896 2.1
      vertex 52.7725 71.432 2.1
      vertex 52.6559 71.8004 2.1
    endloop
  endfacet
  facet normal 0 0 1
    outer loop
      vertex 52.908 68.5498 2.1
      vertex 47.0855 69.0896 2.1
      vertex 52.7999 68.0645 2.1
    endloop
  endfacet
  facet normal 0 0 1
    outer loop
      vertex 47.0855 69.0896 2.1
      vertex 52.6559 71.8004 2.1
      vertex 52.5224 72.1654 2.1
    endloop
  endfacet
  facet normal -0 0 1
    outer loop
      vertex 47.0834 68.9061 2.1
      vertex 52.7999 68.0645 2.1
      vertex 47.0855 69.0896 2.1
    endloop
  endfacet
  facet normal 0 0 1
    outer loop
      vertex 47.0855 69.0896 2.1
      vertex 52.5224 72.1654 2.1
      vertex 52.3747 72.5297 2.1
    endloop
  endfacet
  facet normal 0 0 1
    outer loop
      vertex 52.7999 68.0645 2.1
      vertex 47.0834 68.9061 2.1
      vertex 52.6524 67.5532 2.1
    endloop
  endfacet
  facet normal 0 0 1
    outer loop
      vertex 47.0855 69.0896 2.1
      vertex 52.3747 72.5297 2.1
      vertex 52.1326 73.0337 2.1
    endloop
  endfacet
  facet normal -0 0 1
    outer loop
      vertex 47.0665 68.7225 2.1
      vertex 52.6524 67.5532 2.1
      vertex 47.0834 68.9061 2.1
    endloop
  endfacet
  facet normal 0 0 1
    outer loop
      vertex 47.0855 69.0896 2.1
      vertex 52.1326 73.0337 2.1
      vertex 51.8416 73.512 2.1
    endloop
  endfacet
  facet normal 0 0 1
    outer loop
      vertex 52.6524 67.5532 2.1
      vertex 47.0665 68.7225 2.1
      vertex 52.4628 67.0134 2.1
    endloop
  endfacet
  facet normal 0 0 1
    outer loop
      vertex 47.0855 69.0896 2.1
      vertex 51.8416 73.512 2.1
      vertex 51.5019 73.9647 2.1
    endloop
  endfacet
  facet normal -0 0 1
    outer loop
      vertex 47.035 68.538 2.1
      vertex 52.4628 67.0134 2.1
      vertex 47.0665 68.7225 2.1
    endloop
  endfacet
  facet normal 0 0 1
    outer loop
      vertex 47.0855 69.0896 2.1
      vertex 51.5019 73.9647 2.1
      vertex 51.114 74.3917 2.1
    endloop
  endfacet
  facet normal 0 0 1
    outer loop
      vertex 52.4628 67.0134 2.1
      vertex 47.035 68.538 2.1
      vertex 52.2289 66.4426 2.1
    endloop
  endfacet
  facet normal 0 0 1
    outer loop
      vertex 47.0855 69.0896 2.1
      vertex 51.114 74.3917 2.1
      vertex 50.6784 74.793 2.1
    endloop
  endfacet
  facet normal -0 0 1
    outer loop
      vertex 46.9893 68.3518 2.1
      vertex 52.2289 66.4426 2.1
      vertex 47.035 68.538 2.1
    endloop
  endfacet
  facet normal 0 0 1
    outer loop
      vertex 47.0855 69.0896 2.1
      vertex 50.6784 74.793 2.1
      vertex 50.1953 75.1686 2.1
    endloop
  endfacet
  facet normal -0 0 1
    outer loop
      vertex 46.9299 68.1629 2.1
      vertex 52.2289 66.4426 2.1
      vertex 46.9893 68.3518 2.1
    endloop
  endfacet
  facet normal 0 0 1
    outer loop
      vertex 47.0855 69.0896 2.1
      vertex 50.1953 75.1686 2.1
      vertex 49.6652 75.5185 2.1
    endloop
  endfacet
  facet normal 0 0 1
    outer loop
      vertex 47.0855 69.0896 2.1
      vertex 49.6652 75.5185 2.1
      vertex 49.0884 75.8426 2.1
    endloop
  endfacet
  facet normal 0 0 1
    outer loop
      vertex 47.0855 69.0896 2.1
      vertex 49.0884 75.8426 2.1
      vertex 48.4655 76.1409 2.1
    endloop
  endfacet
  facet normal 0 0 1
    outer loop
      vertex 47.0855 69.0896 2.1
      vertex 48.4655 76.1409 2.1
      vertex 47.7966 76.4134 2.1
    endloop
  endfacet
  facet normal 0 0 1
    outer loop
      vertex 52.2289 66.4426 2.1
      vertex 46.9299 68.1629 2.1
      vertex 51.948 65.8384 2.1
    endloop
  endfacet
  facet normal -0 0 1
    outer loop
      vertex 46.8569 67.9705 2.1
      vertex 51.948 65.8384 2.1
      vertex 46.9299 68.1629 2.1
    endloop
  endfacet
  facet normal 0 0 1
    outer loop
      vertex 51.948 65.8384 2.1
      vertex 46.8569 67.9705 2.1
      vertex 51.6177 65.1982 2.1
    endloop
  endfacet
  facet normal -0 0 1
    outer loop
      vertex 46.7709 67.7735 2.1
      vertex 51.6177 65.1982 2.1
      vertex 46.8569 67.9705 2.1
    endloop
  endfacet
  facet normal -0 0 1
    outer loop
      vertex 46.6723 67.5712 2.1
      vertex 51.6177 65.1982 2.1
      vertex 46.7709 67.7735 2.1
    endloop
  endfacet
  facet normal 0 0 1
    outer loop
      vertex 51.6177 65.1982 2.1
      vertex 46.6723 67.5712 2.1
      vertex 51.2353 64.5194 2.1
    endloop
  endfacet
  facet normal -0 0 1
    outer loop
      vertex 46.5613 67.3628 2.1
      vertex 51.2353 64.5194 2.1
      vertex 46.6723 67.5712 2.1
    endloop
  endfacet
  facet normal -0 0 1
    outer loop
      vertex 46.4383 67.1472 2.1
      vertex 51.2353 64.5194 2.1
      vertex 46.5613 67.3628 2.1
    endloop
  endfacet
  facet normal -0 0 1
    outer loop
      vertex 46.3037 66.9236 2.1
      vertex 51.2353 64.5194 2.1
      vertex 46.4383 67.1472 2.1
    endloop
  endfacet
  facet normal 0 0 1
    outer loop
      vertex 51.2353 64.5194 2.1
      vertex 46.3037 66.9236 2.1
      vertex 50.7983 63.7996 2.1
    endloop
  endfacet
  facet normal -0 0 1
    outer loop
      vertex 46.1579 66.691 2.1
      vertex 50.7983 63.7996 2.1
      vertex 46.3037 66.9236 2.1
    endloop
  endfacet
  facet normal -0 0 1
    outer loop
      vertex 46.0012 66.4487 2.1
      vertex 50.7983 63.7996 2.1
      vertex 46.1579 66.691 2.1
    endloop
  endfacet
  facet normal 0 0 1
    outer loop
      vertex 50.7983 63.7996 2.1
      vertex 46.0012 66.4487 2.1
      vertex 50.3044 63.0362 2.1
    endloop
  endfacet
  facet normal -0 0 1
    outer loop
      vertex 45.834 66.1957 2.1
      vertex 50.3044 63.0362 2.1
      vertex 46.0012 66.4487 2.1
    endloop
  endfacet
  facet normal -0 0 1
    outer loop
      vertex 45.6567 65.9312 2.1
      vertex 50.3044 63.0362 2.1
      vertex 45.834 66.1957 2.1
    endloop
  endfacet
  facet normal -0 0 1
    outer loop
      vertex 45.4695 65.6541 2.1
      vertex 50.3044 63.0362 2.1
      vertex 45.6567 65.9312 2.1
    endloop
  endfacet
  facet normal 0 0 1
    outer loop
      vertex 50.3044 63.0362 2.1
      vertex 45.4695 65.6541 2.1
      vertex 49.7509 62.2267 2.1
    endloop
  endfacet
  facet normal 0 0 1
    outer loop
      vertex 49.7509 62.2267 2.1
      vertex 45.4695 65.6541 2.1
      vertex 45.273 65.3638 2.1
    endloop
  endfacet
  facet normal 0 0 1
    outer loop
      vertex 36.7548 -25.1389 2.1
      vertex 40.4913 -18.6752 2.1
      vertex 38.9606 -17.8117 2.1
    endloop
  endfacet
  facet normal 0 0 1
    outer loop
      vertex 40.4913 -18.6752 2.1
      vertex 38.5468 -26.0347 2.1
      vertex 40.3973 -26.8181 2.1
    endloop
  endfacet
  facet normal 0 0 1
    outer loop
      vertex 33.3621 -23.0308 2.1
      vertex 38.9606 -17.8117 2.1
      vertex 37.4962 -16.85 2.1
    endloop
  endfacet
  facet normal 0 0 1
    outer loop
      vertex 40.4913 -18.6752 2.1
      vertex 36.7548 -25.1389 2.1
      vertex 38.5468 -26.0347 2.1
    endloop
  endfacet
  facet normal 0 0 1
    outer loop
      vertex 31.7693 -21.8286 2.1
      vertex 37.4962 -16.85 2.1
      vertex 36.1023 -15.7948 2.1
    endloop
  endfacet
  facet normal 0 0 1
    outer loop
      vertex 38.9606 -17.8117 2.1
      vertex 35.0253 -24.136 2.1
      vertex 36.7548 -25.1389 2.1
    endloop
  endfacet
  facet normal 0 0 1
    outer loop
      vertex 30.2506 -20.5344 2.1
      vertex 36.1023 -15.7948 2.1
      vertex 34.7836 -14.6504 2.1
    endloop
  endfacet
  facet normal 0 0 1
    outer loop
      vertex 28.8102 -19.1532 2.1
      vertex 34.7836 -14.6504 2.1
      vertex 33.5444 -13.4213 2.1
    endloop
  endfacet
  facet normal 0 0 1
    outer loop
      vertex 38.9606 -17.8117 2.1
      vertex 33.3621 -23.0308 2.1
      vertex 35.0253 -24.136 2.1
    endloop
  endfacet
  facet normal 0 0 1
    outer loop
      vertex 27.4519 -17.6903 2.1
      vertex 33.5444 -13.4213 2.1
      vertex 32.3894 -12.1122 2.1
    endloop
  endfacet
  facet normal 0 0 1
    outer loop
      vertex 37.4962 -16.85 2.1
      vertex 31.7693 -21.8286 2.1
      vertex 33.3621 -23.0308 2.1
    endloop
  endfacet
  facet normal 0 0 1
    outer loop
      vertex 26.1796 -16.1505 2.1
      vertex 32.3894 -12.1122 2.1
      vertex 31.323 -10.7275 2.1
    endloop
  endfacet
  facet normal 0 0 1
    outer loop
      vertex 24.9973 -14.5392 2.1
      vertex 31.323 -10.7275 2.1
      vertex 30.3497 -9.27156 2.1
    endloop
  endfacet
  facet normal 0 0 1
    outer loop
      vertex 36.1023 -15.7948 2.1
      vertex 30.2506 -20.5344 2.1
      vertex 31.7693 -21.8286 2.1
    endloop
  endfacet
  facet normal 0 0 1
    outer loop
      vertex 23.9089 -12.8612 2.1
      vertex 30.3497 -9.27156 2.1
      vertex 29.4741 -7.74896 2.1
    endloop
  endfacet
  facet normal 0 0 1
    outer loop
      vertex 34.7836 -14.6504 2.1
      vertex 28.8102 -19.1532 2.1
      vertex 30.2506 -20.5344 2.1
    endloop
  endfacet
  facet normal 0 0 1
    outer loop
      vertex 22.9184 -11.1217 2.1
      vertex 29.4741 -7.74896 2.1
      vertex 28.7006 -6.16426 2.1
    endloop
  endfacet
  facet normal 0 0 1
    outer loop
      vertex 21.2466 -7.4785 2.1
      vertex 28.7006 -6.16426 2.1
      vertex 28.0338 -4.52196 2.1
    endloop
  endfacet
  facet normal 0 0 1
    outer loop
      vertex 20.5733 -5.58504 2.1
      vertex 28.0338 -4.52196 2.1
      vertex 27.478 -2.8264 2.1
    endloop
  endfacet
  facet normal 0 0 1
    outer loop
      vertex 33.5444 -13.4213 2.1
      vertex 27.4519 -17.6903 2.1
      vertex 28.8102 -19.1532 2.1
    endloop
  endfacet
  facet normal 0 0 1
    outer loop
      vertex 20.0136 -3.6503 2.1
      vertex 27.478 -2.8264 2.1
      vertex 27.038 -1.08217 2.1
    endloop
  endfacet
  facet normal 0 0 1
    outer loop
      vertex 19.5714 -1.67947 2.1
      vertex 27.038 -1.08217 2.1
      vertex 26.7181 0.706161 2.1
    endloop
  endfacet
  facet normal 0 0 1
    outer loop
      vertex 19.2506 0.322403 2.1
      vertex 26.7181 0.706161 2.1
      vertex 26.5229 2.53424 2.1
    endloop
  endfacet
  facet normal 0 0 1
    outer loop
      vertex 32.3894 -12.1122 2.1
      vertex 26.1796 -16.1505 2.1
      vertex 27.4519 -17.6903 2.1
    endloop
  endfacet
  facet normal 0 0 1
    outer loop
      vertex 19.0553 2.35014 2.1
      vertex 26.5229 2.53424 2.1
      vertex 26.4568 4.39757 2.1
    endloop
  endfacet
  facet normal 0 0 1
    outer loop
      vertex 41.4046 27.9227 2.1
      vertex 37.3122 34.2404 2.1
      vertex 40.102 27.2624 2.1
    endloop
  endfacet
  facet normal -0 0 1
    outer loop
      vertex 35.6246 33.3209 2.1
      vertex 40.102 27.2624 2.1
      vertex 37.3122 34.2404 2.1
    endloop
  endfacet
  facet normal 0 0 1
    outer loop
      vertex 40.102 27.2624 2.1
      vertex 35.6246 33.3209 2.1
      vertex 38.8425 26.5326 2.1
    endloop
  endfacet
  facet normal -0 0 1
    outer loop
      vertex 33.9975 32.3091 2.1
      vertex 38.8425 26.5326 2.1
      vertex 35.6246 33.3209 2.1
    endloop
  endfacet
  facet normal 0 0 1
    outer loop
      vertex 38.8425 26.5326 2.1
      vertex 33.9975 32.3091 2.1
      vertex 37.6285 25.7357 2.1
    endloop
  endfacet
  facet normal -0 0 1
    outer loop
      vertex 32.4342 31.2086 2.1
      vertex 37.6285 25.7357 2.1
      vertex 33.9975 32.3091 2.1
    endloop
  endfacet
  facet normal 0 0 1
    outer loop
      vertex 37.6285 25.7357 2.1
      vertex 32.4342 31.2086 2.1
      vertex 36.4627 24.8743 2.1
    endloop
  endfacet
  facet normal -0 0 1
    outer loop
      vertex 30.9384 30.0228 2.1
      vertex 36.4627 24.8743 2.1
      vertex 32.4342 31.2086 2.1
    endloop
  endfacet
  facet normal 0 0 1
    outer loop
      vertex 36.4627 24.8743 2.1
      vertex 30.9384 30.0228 2.1
      vertex 35.3475 23.9509 2.1
    endloop
  endfacet
  facet normal -0 0 1
    outer loop
      vertex 29.5135 28.7552 2.1
      vertex 35.3475 23.9509 2.1
      vertex 30.9384 30.0228 2.1
    endloop
  endfacet
  facet normal 0 0 1
    outer loop
      vertex 35.3475 23.9509 2.1
      vertex 29.5135 28.7552 2.1
      vertex 34.2857 22.9681 2.1
    endloop
  endfacet
  facet normal -0 0 1
    outer loop
      vertex 28.1631 27.4096 2.1
      vertex 34.2857 22.9681 2.1
      vertex 29.5135 28.7552 2.1
    endloop
  endfacet
  facet normal 0 0 1
    outer loop
      vertex 34.2857 22.9681 2.1
      vertex 28.1631 27.4096 2.1
      vertex 33.2797 21.9285 2.1
    endloop
  endfacet
  facet normal -0 0 1
    outer loop
      vertex 26.8906 25.9891 2.1
      vertex 33.2797 21.9285 2.1
      vertex 28.1631 27.4096 2.1
    endloop
  endfacet
  facet normal 0 0 1
    outer loop
      vertex 33.2797 21.9285 2.1
      vertex 26.8906 25.9891 2.1
      vertex 32.3322 20.8344 2.1
    endloop
  endfacet
  facet normal -0 0 1
    outer loop
      vertex 25.6998 24.4976 2.1
      vertex 32.3322 20.8344 2.1
      vertex 26.8906 25.9891 2.1
    endloop
  endfacet
  facet normal 0 0 1
    outer loop
      vertex 32.3322 20.8344 2.1
      vertex 25.6998 24.4976 2.1
      vertex 31.4457 19.6886 2.1
    endloop
  endfacet
  facet normal -0 0 1
    outer loop
      vertex 24.594 22.9384 2.1
      vertex 31.4457 19.6886 2.1
      vertex 25.6998 24.4976 2.1
    endloop
  endfacet
  facet normal 0 0 1
    outer loop
      vertex 31.4457 19.6886 2.1
      vertex 24.594 22.9384 2.1
      vertex 30.6228 18.4936 2.1
    endloop
  endfacet
  facet normal -0 0 1
    outer loop
      vertex 23.5767 21.315 2.1
      vertex 30.6228 18.4936 2.1
      vertex 24.594 22.9384 2.1
    endloop
  endfacet
  facet normal 0 0 1
    outer loop
      vertex 30.6228 18.4936 2.1
      vertex 23.5767 21.315 2.1
      vertex 29.866 17.252 2.1
    endloop
  endfacet
  facet normal -0 0 1
    outer loop
      vertex 22.6515 19.631 2.1
      vertex 29.866 17.252 2.1
      vertex 23.5767 21.315 2.1
    endloop
  endfacet
  facet normal 0 0 1
    outer loop
      vertex 29.866 17.252 2.1
      vertex 22.6515 19.631 2.1
      vertex 29.1779 15.9662 2.1
    endloop
  endfacet
  facet normal -0 0 1
    outer loop
      vertex 21.822 17.8899 2.1
      vertex 29.1779 15.9662 2.1
      vertex 22.6515 19.631 2.1
    endloop
  endfacet
  facet normal 0 0 1
    outer loop
      vertex 29.1779 15.9662 2.1
      vertex 21.822 17.8899 2.1
      vertex 28.5612 14.6389 2.1
    endloop
  endfacet
  facet normal -0 0 1
    outer loop
      vertex 21.0916 16.0953 2.1
      vertex 28.5612 14.6389 2.1
      vertex 21.822 17.8899 2.1
    endloop
  endfacet
  facet normal 0 0 1
    outer loop
      vertex 28.5612 14.6389 2.1
      vertex 21.0916 16.0953 2.1
      vertex 28.0183 13.2725 2.1
    endloop
  endfacet
  facet normal -0 0 1
    outer loop
      vertex 20.4639 14.2505 2.1
      vertex 28.0183 13.2725 2.1
      vertex 21.0916 16.0953 2.1
    endloop
  endfacet
  facet normal 0 0 1
    outer loop
      vertex 28.0183 13.2725 2.1
      vertex 20.4639 14.2505 2.1
      vertex 27.5519 11.8696 2.1
    endloop
  endfacet
  facet normal 0 0 1
    outer loop
      vertex 31.323 -10.7275 2.1
      vertex 24.9973 -14.5392 2.1
      vertex 26.1796 -16.1505 2.1
    endloop
  endfacet
  facet normal -0 0 1
    outer loop
      vertex 19.9425 12.3592 2.1
      vertex 27.5519 11.8696 2.1
      vertex 20.4639 14.2505 2.1
    endloop
  endfacet
  facet normal 0 0 1
    outer loop
      vertex 30.3497 -9.27156 2.1
      vertex 23.9089 -12.8612 2.1
      vertex 24.9973 -14.5392 2.1
    endloop
  endfacet
  facet normal 0 0 1
    outer loop
      vertex 27.5519 11.8696 2.1
      vertex 19.9425 12.3592 2.1
      vertex 27.1645 10.4329 2.1
    endloop
  endfacet
  facet normal 0 0 1
    outer loop
      vertex 29.4741 -7.74896 2.1
      vertex 22.9184 -11.1217 2.1
      vertex 23.9089 -12.8612 2.1
    endloop
  endfacet
  facet normal 0 0 1
    outer loop
      vertex 19.5308 10.4249 2.1
      vertex 27.1645 10.4329 2.1
      vertex 19.9425 12.3592 2.1
    endloop
  endfacet
  facet normal 0 0 1
    outer loop
      vertex 28.7006 -6.16426 2.1
      vertex 22.0296 -9.32573 2.1
      vertex 22.9184 -11.1217 2.1
    endloop
  endfacet
  facet normal 0 0 1
    outer loop
      vertex 27.1645 10.4329 2.1
      vertex 19.5308 10.4249 2.1
      vertex 26.8587 8.96468 2.1
    endloop
  endfacet
  facet normal 0 0 1
    outer loop
      vertex 28.7006 -6.16426 2.1
      vertex 21.2466 -7.4785 2.1
      vertex 22.0296 -9.32573 2.1
    endloop
  endfacet
  facet normal 0 0 1
    outer loop
      vertex 19.2323 8.45099 2.1
      vertex 26.8587 8.96468 2.1
      vertex 19.5308 10.4249 2.1
    endloop
  endfacet
  facet normal 0 0 1
    outer loop
      vertex 28.0338 -4.52196 2.1
      vertex 20.5733 -5.58504 2.1
      vertex 21.2466 -7.4785 2.1
    endloop
  endfacet
  facet normal 0 0 1
    outer loop
      vertex 26.8587 8.96468 2.1
      vertex 19.2323 8.45099 2.1
      vertex 26.6371 7.46771 2.1
    endloop
  endfacet
  facet normal 0 0 1
    outer loop
      vertex 27.478 -2.8264 2.1
      vertex 20.0136 -3.6503 2.1
      vertex 20.5733 -5.58504 2.1
    endloop
  endfacet
  facet normal 0 0 1
    outer loop
      vertex 19.0507 6.44118 2.1
      vertex 26.6371 7.46771 2.1
      vertex 19.2323 8.45099 2.1
    endloop
  endfacet
  facet normal 0 0 1
    outer loop
      vertex 27.038 -1.08217 2.1
      vertex 19.5714 -1.67947 2.1
      vertex 20.0136 -3.6503 2.1
    endloop
  endfacet
  facet normal 0 0 1
    outer loop
      vertex 26.6371 7.46771 2.1
      vertex 19.0507 6.44118 2.1
      vertex 26.5023 5.9445 2.1
    endloop
  endfacet
  facet normal 0 0 1
    outer loop
      vertex 26.7181 0.706161 2.1
      vertex 19.2506 0.322403 2.1
      vertex 19.5714 -1.67947 2.1
    endloop
  endfacet
  facet normal 0 0 1
    outer loop
      vertex 26.5023 5.9445 2.1
      vertex 19.0507 6.44118 2.1
      vertex 26.4568 4.39757 2.1
    endloop
  endfacet
  facet normal 0 0 1
    outer loop
      vertex 26.5229 2.53424 2.1
      vertex 19.0553 2.35014 2.1
      vertex 19.2506 0.322403 2.1
    endloop
  endfacet
  facet normal -0 0 1
    outer loop
      vertex 18.9893 4.39886 2.1
      vertex 26.4568 4.39757 2.1
      vertex 19.0507 6.44118 2.1
    endloop
  endfacet
  facet normal 0 0 1
    outer loop
      vertex 26.4568 4.39757 2.1
      vertex 18.9893 4.39886 2.1
      vertex 19.0553 2.35014 2.1
    endloop
  endfacet
  facet normal 0 0 1
    outer loop
      vertex 23.3197 51.2885 2.1
      vertex 33.2955 51.2885 2.1
      vertex 31.6212 59.1601 2.1
    endloop
  endfacet
  facet normal -0 0 1
    outer loop
      vertex 23.3197 51.2885 2.1
      vertex -9.01993 1.06924 2.1
      vertex 33.2955 51.2885 2.1
    endloop
  endfacet
  facet normal 0 -0 1
    outer loop
      vertex -9.01993 1.06924 2.1
      vertex 23.3197 51.2885 2.1
      vertex -13.5043 6.02835 2.1
    endloop
  endfacet
  facet normal 0 0 1
    outer loop
      vertex 85.9013 4.39833 2.1
      vertex 85.845 2.32077 2.1
      vertex 85.9077 4.38681 2.1
    endloop
  endfacet
  facet normal 0 0 1
    outer loop
      vertex 78.4467 4.39757 2.1
      vertex 85.9013 4.39833 2.1
      vertex 85.7904 7.14209 2.1
    endloop
  endfacet
  facet normal 0 0 1
    outer loop
      vertex 85.9013 4.39833 2.1
      vertex 78.4467 4.39757 2.1
      vertex 85.845 2.32077 2.1
    endloop
  endfacet
  facet normal 0 0 1
    outer loop
      vertex 78.3604 6.52617 2.1
      vertex 85.7904 7.14209 2.1
      vertex 85.4634 9.82481 2.1
    endloop
  endfacet
  facet normal -0 0 1
    outer loop
      vertex 78.3806 2.53424 2.1
      vertex 85.845 2.32077 2.1
      vertex 78.4467 4.39757 2.1
    endloop
  endfacet
  facet normal 0 0 1
    outer loop
      vertex 85.845 2.32077 2.1
      vertex 78.3806 2.53424 2.1
      vertex 85.6592 0.287994 2.1
    endloop
  endfacet
  facet normal 0 0 1
    outer loop
      vertex 78.1058 8.60808 2.1
      vertex 85.4634 9.82481 2.1
      vertex 84.9289 12.4379 2.1
    endloop
  endfacet
  facet normal -0 0 1
    outer loop
      vertex 78.1853 0.706009 2.1
      vertex 85.6592 0.287994 2.1
      vertex 78.3806 2.53424 2.1
    endloop
  endfacet
  facet normal 0 0 1
    outer loop
      vertex 77.6898 10.6364 2.1
      vertex 84.9289 12.4379 2.1
      vertex 84.1956 14.9726 2.1
    endloop
  endfacet
  facet normal 0 0 1
    outer loop
      vertex 85.6592 0.287994 2.1
      vertex 78.1853 0.706009 2.1
      vertex 85.3539 -1.70778 2.1
    endloop
  endfacet
  facet normal 0 0 1
    outer loop
      vertex 77.1191 12.6044 2.1
      vertex 84.1956 14.9726 2.1
      vertex 83.272 17.4205 2.1
    endloop
  endfacet
  facet normal -0 0 1
    outer loop
      vertex 77.8654 -1.08255 2.1
      vertex 85.3539 -1.70778 2.1
      vertex 78.1853 0.706009 2.1
    endloop
  endfacet
  facet normal 0 0 1
    outer loop
      vertex 76.4004 14.5055 2.1
      vertex 83.272 17.4205 2.1
      vertex 82.1668 19.7729 2.1
    endloop
  endfacet
  facet normal 0 0 1
    outer loop
      vertex 85.3539 -1.70778 2.1
      vertex 77.8654 -1.08255 2.1
      vertex 84.9328 -3.66304 2.1
    endloop
  endfacet
  facet normal -0 0 1
    outer loop
      vertex 77.4254 -2.82701 2.1
      vertex 84.9328 -3.66304 2.1
      vertex 77.8654 -1.08255 2.1
    endloop
  endfacet
  facet normal 0 0 1
    outer loop
      vertex 75.5405 16.3328 2.1
      vertex 82.1668 19.7729 2.1
      vertex 80.8886 22.0211 2.1
    endloop
  endfacet
  facet normal 0 0 1
    outer loop
      vertex 84.9328 -3.66304 2.1
      vertex 77.4254 -2.82701 2.1
      vertex 84.3996 -5.57413 2.1
    endloop
  endfacet
  facet normal 0 0 1
    outer loop
      vertex 74.5461 18.0796 2.1
      vertex 80.8886 22.0211 2.1
      vertex 79.446 24.1566 2.1
    endloop
  endfacet
  facet normal -0 0 1
    outer loop
      vertex 76.8697 -4.52287 2.1
      vertex 84.3996 -5.57413 2.1
      vertex 77.4254 -2.82701 2.1
    endloop
  endfacet
  facet normal 0 0 1
    outer loop
      vertex 84.3996 -5.57413 2.1
      vertex 76.8697 -4.52287 2.1
      vertex 83.7579 -7.43723 2.1
    endloop
  endfacet
  facet normal 0 0 1
    outer loop
      vertex 85.7904 7.14209 2.1
      vertex 78.3604 6.52617 2.1
      vertex 78.4467 4.39757 2.1
    endloop
  endfacet
  facet normal 0 0 1
    outer loop
      vertex 85.4634 9.82481 2.1
      vertex 78.1058 8.60808 2.1
      vertex 78.3604 6.52617 2.1
    endloop
  endfacet
  facet normal 0 0 1
    outer loop
      vertex 73.4241 19.7391 2.1
      vertex 79.446 24.1566 2.1
      vertex 77.8475 26.1707 2.1
    endloop
  endfacet
  facet normal 0 0 1
    outer loop
      vertex 84.9289 12.4379 2.1
      vertex 77.6898 10.6364 2.1
      vertex 78.1058 8.60808 2.1
    endloop
  endfacet
  facet normal 0 0 1
    outer loop
      vertex 84.1956 14.9726 2.1
      vertex 77.1191 12.6044 2.1
      vertex 77.6898 10.6364 2.1
    endloop
  endfacet
  facet normal 0 0 1
    outer loop
      vertex 83.272 17.4205 2.1
      vertex 76.4004 14.5055 2.1
      vertex 77.1191 12.6044 2.1
    endloop
  endfacet
  facet normal 0 0 1
    outer loop
      vertex 72.1809 21.3047 2.1
      vertex 77.8475 26.1707 2.1
      vertex 76.1019 28.0549 2.1
    endloop
  endfacet
  facet normal 0 0 1
    outer loop
      vertex 82.1668 19.7729 2.1
      vertex 75.5405 16.3328 2.1
      vertex 76.4004 14.5055 2.1
    endloop
  endfacet
  facet normal 0 0 1
    outer loop
      vertex 80.8886 22.0211 2.1
      vertex 74.5461 18.0796 2.1
      vertex 75.5405 16.3328 2.1
    endloop
  endfacet
  facet normal 0 0 1
    outer loop
      vertex 70.8237 22.7695 2.1
      vertex 76.1019 28.0549 2.1
      vertex 74.2177 29.8006 2.1
    endloop
  endfacet
  facet normal 0 0 1
    outer loop
      vertex 79.446 24.1566 2.1
      vertex 73.4241 19.7391 2.1
      vertex 74.5461 18.0796 2.1
    endloop
  endfacet
  facet normal 0 0 1
    outer loop
      vertex 69.3589 24.1268 2.1
      vertex 74.2177 29.8006 2.1
      vertex 72.2035 31.399 2.1
    endloop
  endfacet
  facet normal 0 0 1
    outer loop
      vertex 77.8475 26.1707 2.1
      vertex 72.1809 21.3047 2.1
      vertex 73.4241 19.7391 2.1
    endloop
  endfacet
  facet normal 0 0 1
    outer loop
      vertex 76.1019 28.0549 2.1
      vertex 70.8237 22.7695 2.1
      vertex 72.1809 21.3047 2.1
    endloop
  endfacet
  facet normal 0 0 1
    outer loop
      vertex 67.7934 25.3699 2.1
      vertex 72.2035 31.399 2.1
      vertex 70.0681 32.8416 2.1
    endloop
  endfacet
  facet normal 0 0 1
    outer loop
      vertex 74.2177 29.8006 2.1
      vertex 69.3589 24.1268 2.1
      vertex 70.8237 22.7695 2.1
    endloop
  endfacet
  facet normal 0 0 1
    outer loop
      vertex 66.1338 26.492 2.1
      vertex 70.0681 32.8416 2.1
      vertex 67.8198 34.1199 2.1
    endloop
  endfacet
  facet normal 0 0 1
    outer loop
      vertex 72.2035 31.399 2.1
      vertex 67.7934 25.3699 2.1
      vertex 69.3589 24.1268 2.1
    endloop
  endfacet
  facet normal 0 0 1
    outer loop
      vertex 70.0681 32.8416 2.1
      vertex 66.1338 26.492 2.1
      vertex 67.7934 25.3699 2.1
    endloop
  endfacet
  facet normal 0 0 1
    outer loop
      vertex 64.387 27.4863 2.1
      vertex 67.8198 34.1199 2.1
      vertex 65.4675 35.2251 2.1
    endloop
  endfacet
  facet normal 0 0 1
    outer loop
      vertex 67.8198 34.1199 2.1
      vertex 64.387 27.4863 2.1
      vertex 66.1338 26.492 2.1
    endloop
  endfacet
  facet normal 0 0 1
    outer loop
      vertex 62.5597 28.3462 2.1
      vertex 65.4675 35.2251 2.1
      vertex 63.0196 36.1487 2.1
    endloop
  endfacet
  facet normal 0 0 1
    outer loop
      vertex 65.4675 35.2251 2.1
      vertex 62.5597 28.3462 2.1
      vertex 64.387 27.4863 2.1
    endloop
  endfacet
  facet normal 0 0 1
    outer loop
      vertex 63.0196 36.1487 2.1
      vertex 60.6586 29.0649 2.1
      vertex 62.5597 28.3462 2.1
    endloop
  endfacet
  facet normal 0 0 1
    outer loop
      vertex 60.4848 36.8819 2.1
      vertex 60.6586 29.0649 2.1
      vertex 63.0196 36.1487 2.1
    endloop
  endfacet
  facet normal 0 0 1
    outer loop
      vertex 60.4848 36.8819 2.1
      vertex 58.6906 29.6356 2.1
      vertex 60.6586 29.0649 2.1
    endloop
  endfacet
  facet normal 0 0 1
    outer loop
      vertex 57.8718 37.4164 2.1
      vertex 58.6906 29.6356 2.1
      vertex 60.4848 36.8819 2.1
    endloop
  endfacet
  facet normal 0 0 1
    outer loop
      vertex 57.8718 37.4164 2.1
      vertex 56.6622 30.0516 2.1
      vertex 58.6906 29.6356 2.1
    endloop
  endfacet
  facet normal 0 0 1
    outer loop
      vertex 55.1891 37.7434 2.1
      vertex 56.6622 30.0516 2.1
      vertex 57.8718 37.4164 2.1
    endloop
  endfacet
  facet normal 0 0 1
    outer loop
      vertex 55.1891 37.7434 2.1
      vertex 54.5804 30.3062 2.1
      vertex 56.6622 30.0516 2.1
    endloop
  endfacet
  facet normal 0 0 1
    outer loop
      vertex 55.1891 37.7434 2.1
      vertex 52.4517 30.3925 2.1
      vertex 54.5804 30.3062 2.1
    endloop
  endfacet
  facet normal 0 0 1
    outer loop
      vertex 52.4453 37.8544 2.1
      vertex 52.4517 30.3925 2.1
      vertex 55.1891 37.7434 2.1
    endloop
  endfacet
  facet normal 0 0 1
    outer loop
      vertex 52.4453 37.8544 2.1
      vertex 52.2144 30.3914 2.1
      vertex 52.4517 30.3925 2.1
    endloop
  endfacet
  facet normal -0 0 1
    outer loop
      vertex 52.0877 37.8525 2.1
      vertex 52.2144 30.3914 2.1
      vertex 52.4453 37.8544 2.1
    endloop
  endfacet
  facet normal 0 0 1
    outer loop
      vertex 52.0877 37.8525 2.1
      vertex 51.9775 30.3879 2.1
      vertex 52.2144 30.3914 2.1
    endloop
  endfacet
  facet normal -0 0 1
    outer loop
      vertex 51.731 37.8468 2.1
      vertex 51.9775 30.3879 2.1
      vertex 52.0877 37.8525 2.1
    endloop
  endfacet
  facet normal 0 0 1
    outer loop
      vertex 51.9775 30.3879 2.1
      vertex 51.731 37.8468 2.1
      vertex 51.7413 30.3822 2.1
    endloop
  endfacet
  facet normal -0 0 1
    outer loop
      vertex 51.375 37.8375 2.1
      vertex 51.7413 30.3822 2.1
      vertex 51.731 37.8468 2.1
    endloop
  endfacet
  facet normal 0 0 1
    outer loop
      vertex 51.7413 30.3822 2.1
      vertex 51.375 37.8375 2.1
      vertex 51.5057 30.3744 2.1
    endloop
  endfacet
  facet normal -0 0 1
    outer loop
      vertex 51.0199 37.8245 2.1
      vertex 51.5057 30.3744 2.1
      vertex 51.375 37.8375 2.1
    endloop
  endfacet
  facet normal 0 0 1
    outer loop
      vertex 51.5057 30.3744 2.1
      vertex 51.0199 37.8245 2.1
      vertex 51.2706 30.3642 2.1
    endloop
  endfacet
  facet normal -0 0 1
    outer loop
      vertex 50.6657 37.8078 2.1
      vertex 51.2706 30.3642 2.1
      vertex 51.0199 37.8245 2.1
    endloop
  endfacet
  facet normal 0 0 1
    outer loop
      vertex 51.2706 30.3642 2.1
      vertex 50.6657 37.8078 2.1
      vertex 51.0361 30.352 2.1
    endloop
  endfacet
  facet normal 0 0 1
    outer loop
      vertex 51.0361 30.352 2.1
      vertex 50.6657 37.8078 2.1
      vertex 50.8024 30.3376 2.1
    endloop
  endfacet
  facet normal -0 0 1
    outer loop
      vertex 50.3123 37.7873 2.1
      vertex 50.8024 30.3376 2.1
      vertex 50.6657 37.8078 2.1
    endloop
  endfacet
  facet normal 0 0 1
    outer loop
      vertex 50.8024 30.3376 2.1
      vertex 50.3123 37.7873 2.1
      vertex 50.5692 30.3211 2.1
    endloop
  endfacet
  facet normal -0 0 1
    outer loop
      vertex 49.96 37.7632 2.1
      vertex 50.5692 30.3211 2.1
      vertex 50.3123 37.7873 2.1
    endloop
  endfacet
  facet normal 0 0 1
    outer loop
      vertex 50.5692 30.3211 2.1
      vertex 49.96 37.7632 2.1
      vertex 50.3365 30.3025 2.1
    endloop
  endfacet
  facet normal -0 0 1
    outer loop
      vertex 49.6086 37.7355 2.1
      vertex 50.3365 30.3025 2.1
      vertex 49.96 37.7632 2.1
    endloop
  endfacet
  facet normal 0 0 1
    outer loop
      vertex 50.3365 30.3025 2.1
      vertex 49.6086 37.7355 2.1
      vertex 50.1045 30.2818 2.1
    endloop
  endfacet
  facet normal -0 0 1
    outer loop
      vertex 49.2582 37.7041 2.1
      vertex 50.1045 30.2818 2.1
      vertex 49.6086 37.7355 2.1
    endloop
  endfacet
  facet normal 0 0 1
    outer loop
      vertex 50.1045 30.2818 2.1
      vertex 49.2582 37.7041 2.1
      vertex 49.8732 30.2592 2.1
    endloop
  endfacet
  facet normal -0 0 1
    outer loop
      vertex 48.9088 37.6691 2.1
      vertex 49.8732 30.2592 2.1
      vertex 49.2582 37.7041 2.1
    endloop
  endfacet
  facet normal 0 0 1
    outer loop
      vertex 49.8732 30.2592 2.1
      vertex 48.9088 37.6691 2.1
      vertex 49.6424 30.2345 2.1
    endloop
  endfacet
  facet normal -0 0 1
    outer loop
      vertex 48.5606 37.6304 2.1
      vertex 49.6424 30.2345 2.1
      vertex 48.9088 37.6691 2.1
    endloop
  endfacet
  facet normal 0 0 1
    outer loop
      vertex 49.6424 30.2345 2.1
      vertex 48.5606 37.6304 2.1
      vertex 49.4124 30.208 2.1
    endloop
  endfacet
  facet normal 0 0 1
    outer loop
      vertex 49.4124 30.208 2.1
      vertex 48.5606 37.6304 2.1
      vertex 49.1829 30.1794 2.1
    endloop
  endfacet
  facet normal -0 0 1
    outer loop
      vertex 48.2133 37.5883 2.1
      vertex 49.1829 30.1794 2.1
      vertex 48.5606 37.6304 2.1
    endloop
  endfacet
  facet normal 0 0 1
    outer loop
      vertex 49.1829 30.1794 2.1
      vertex 48.2133 37.5883 2.1
      vertex 48.9541 30.1489 2.1
    endloop
  endfacet
  facet normal -0 0 1
    outer loop
      vertex 47.8673 37.5425 2.1
      vertex 48.9541 30.1489 2.1
      vertex 48.2133 37.5883 2.1
    endloop
  endfacet
  facet normal 0 0 1
    outer loop
      vertex 48.9541 30.1489 2.1
      vertex 47.8673 37.5425 2.1
      vertex 48.7259 30.1166 2.1
    endloop
  endfacet
  facet normal -0 0 1
    outer loop
      vertex 47.5223 37.4931 2.1
      vertex 48.7259 30.1166 2.1
      vertex 47.8673 37.5425 2.1
    endloop
  endfacet
  facet normal 0 0 1
    outer loop
      vertex 48.7259 30.1166 2.1
      vertex 47.5223 37.4931 2.1
      vertex 48.4985 30.0825 2.1
    endloop
  endfacet
  facet normal -0 0 1
    outer loop
      vertex 47.1786 37.4402 2.1
      vertex 48.4985 30.0825 2.1
      vertex 47.5223 37.4931 2.1
    endloop
  endfacet
  facet normal 0 0 1
    outer loop
      vertex 48.4985 30.0825 2.1
      vertex 47.1786 37.4402 2.1
      vertex 48.2716 30.0464 2.1
    endloop
  endfacet
  facet normal -0 0 1
    outer loop
      vertex 46.8359 37.3838 2.1
      vertex 48.2716 30.0464 2.1
      vertex 47.1786 37.4402 2.1
    endloop
  endfacet
  facet normal -0 0 1
    outer loop
      vertex 76.2029 -6.16548 2.1
      vertex 83.7579 -7.43723 2.1
      vertex 76.8697 -4.52287 2.1
    endloop
  endfacet
  facet normal 0 0 1
    outer loop
      vertex 83.7579 -7.43723 2.1
      vertex 76.2029 -6.16548 2.1
      vertex 83.0112 -9.2489 2.1
    endloop
  endfacet
  facet normal 0 0 1
    outer loop
      vertex 83.0112 -9.2489 2.1
      vertex 76.2029 -6.16548 2.1
      vertex 82.1635 -11.0055 2.1
    endloop
  endfacet
  facet normal -0 0 1
    outer loop
      vertex 75.4294 -7.75049 2.1
      vertex 82.1635 -11.0055 2.1
      vertex 76.2029 -6.16548 2.1
    endloop
  endfacet
  facet normal 0 0 1
    outer loop
      vertex 82.1635 -11.0055 2.1
      vertex 75.4294 -7.75049 2.1
      vertex 81.2181 -12.7033 2.1
    endloop
  endfacet
  facet normal -0 0 1
    outer loop
      vertex 74.5538 -9.27339 2.1
      vertex 81.2181 -12.7033 2.1
      vertex 75.4294 -7.75049 2.1
    endloop
  endfacet
  facet normal 0 0 1
    outer loop
      vertex 81.2181 -12.7033 2.1
      vertex 74.5538 -9.27339 2.1
      vertex 80.1788 -14.3387 2.1
    endloop
  endfacet
  facet normal -0 0 1
    outer loop
      vertex 73.5805 -10.7296 2.1
      vertex 80.1788 -14.3387 2.1
      vertex 74.5538 -9.27339 2.1
    endloop
  endfacet
  facet normal 0 0 1
    outer loop
      vertex 80.1788 -14.3387 2.1
      vertex 73.5805 -10.7296 2.1
      vertex 79.0493 -15.908 2.1
    endloop
  endfacet
  facet normal -0 0 1
    outer loop
      vertex 72.5141 -12.1147 2.1
      vertex 79.0493 -15.908 2.1
      vertex 73.5805 -10.7296 2.1
    endloop
  endfacet
  facet normal 0 0 1
    outer loop
      vertex 79.0493 -15.908 2.1
      vertex 72.5141 -12.1147 2.1
      vertex 77.8332 -17.4076 2.1
    endloop
  endfacet
  facet normal -0 0 1
    outer loop
      vertex 71.3591 -13.424 2.1
      vertex 77.8332 -17.4076 2.1
      vertex 72.5141 -12.1147 2.1
    endloop
  endfacet
  facet normal 0 0 1
    outer loop
      vertex 77.8332 -17.4076 2.1
      vertex 71.3591 -13.424 2.1
      vertex 76.5341 -18.8339 2.1
    endloop
  endfacet
  facet normal -0 0 1
    outer loop
      vertex 70.1199 -14.6531 2.1
      vertex 76.5341 -18.8339 2.1
      vertex 71.3591 -13.424 2.1
    endloop
  endfacet
  facet normal 0 0 1
    outer loop
      vertex 76.5341 -18.8339 2.1
      vertex 70.1199 -14.6531 2.1
      vertex 75.1556 -20.1831 2.1
    endloop
  endfacet
  facet normal 0 0 1
    outer loop
      vertex 75.1556 -20.1831 2.1
      vertex 70.1199 -14.6531 2.1
      vertex 73.7016 -21.4518 2.1
    endloop
  endfacet
  facet normal -0 0 1
    outer loop
      vertex 68.8012 -15.7976 2.1
      vertex 73.7016 -21.4518 2.1
      vertex 70.1199 -14.6531 2.1
    endloop
  endfacet
  facet normal 0 0 1
    outer loop
      vertex 73.7016 -21.4518 2.1
      vertex 68.8012 -15.7976 2.1
      vertex 72.1754 -22.6361 2.1
    endloop
  endfacet
  facet normal -0 0 1
    outer loop
      vertex 67.4073 -16.8528 2.1
      vertex 72.1754 -22.6361 2.1
      vertex 68.8012 -15.7976 2.1
    endloop
  endfacet
  facet normal 0 0 1
    outer loop
      vertex 72.1754 -22.6361 2.1
      vertex 67.4073 -16.8528 2.1
      vertex 70.5809 -23.7326 2.1
    endloop
  endfacet
  facet normal -0 0 1
    outer loop
      vertex 65.9428 -17.8143 2.1
      vertex 70.5809 -23.7326 2.1
      vertex 67.4073 -16.8528 2.1
    endloop
  endfacet
  facet normal 0 0 1
    outer loop
      vertex 70.5809 -23.7326 2.1
      vertex 65.9428 -17.8143 2.1
      vertex 68.9217 -24.7375 2.1
    endloop
  endfacet
  facet normal -0 0 1
    outer loop
      vertex 64.4122 -18.6777 2.1
      vertex 68.9217 -24.7375 2.1
      vertex 65.9428 -17.8143 2.1
    endloop
  endfacet
  facet normal 0 0 1
    outer loop
      vertex 68.9217 -24.7375 2.1
      vertex 64.4122 -18.6777 2.1
      vertex 67.2013 -25.6472 2.1
    endloop
  endfacet
  facet normal -0 0 1
    outer loop
      vertex 57.8342 -28.6221 2.1
      vertex 65.2768 -28.9658 2.1
      vertex 65.4236 -26.4581 2.1
    endloop
  endfacet
  facet normal -0 0 1
    outer loop
      vertex 62.82 -19.4383 2.1
      vertex 67.2013 -25.6472 2.1
      vertex 64.4122 -18.6777 2.1
    endloop
  endfacet
  facet normal 0 0 1
    outer loop
      vertex 67.2013 -25.6472 2.1
      vertex 62.82 -19.4383 2.1
      vertex 65.4236 -26.4581 2.1
    endloop
  endfacet
  facet normal -0 0 1
    outer loop
      vertex 61.1707 -20.0916 2.1
      vertex 65.4236 -26.4581 2.1
      vertex 62.82 -19.4383 2.1
    endloop
  endfacet
  facet normal -0 0 1
    outer loop
      vertex 59.4688 -20.6331 2.1
      vertex 65.4236 -26.4581 2.1
      vertex 61.1707 -20.0916 2.1
    endloop
  endfacet
  facet normal -0 0 1
    outer loop
      vertex 57.5983 -30.6667 2.1
      vertex 65.0371 -31.4549 2.1
      vertex 57.8342 -28.6221 2.1
    endloop
  endfacet
  facet normal -0 0 1
    outer loop
      vertex 57.2934 -32.707 2.1
      vertex 64.7055 -33.9232 2.1
      vertex 57.5983 -30.6667 2.1
    endloop
  endfacet
  facet normal 0 0 1
    outer loop
      vertex 65.0371 -31.4549 2.1
      vertex 57.5983 -30.6667 2.1
      vertex 64.7055 -33.9232 2.1
    endloop
  endfacet
  facet normal 0 0 1
    outer loop
      vertex 56.92 -34.7401 2.1
      vertex 64.7055 -33.9232 2.1
      vertex 57.2934 -32.707 2.1
    endloop
  endfacet
  facet normal 0 0 1
    outer loop
      vertex 56.4787 -36.7632 2.1
      vertex 64.2827 -36.3688 2.1
      vertex 56.92 -34.7401 2.1
    endloop
  endfacet
  facet normal 0 0 1
    outer loop
      vertex 65.2768 -28.9658 2.1
      vertex 57.8342 -28.6221 2.1
      vertex 65.0371 -31.4549 2.1
    endloop
  endfacet
  facet normal 0 0 1
    outer loop
      vertex 64.2827 -36.3688 2.1
      vertex 56.4787 -36.7632 2.1
      vertex 63.7697 -38.7895 2.1
    endloop
  endfacet
  facet normal -0 0 1
    outer loop
      vertex 55.9702 -38.7737 2.1
      vertex 63.7697 -38.7895 2.1
      vertex 56.4787 -36.7632 2.1
    endloop
  endfacet
  facet normal 0 0 1
    outer loop
      vertex 65.4236 -26.4581 2.1
      vertex 59.4688 -20.6331 2.1
      vertex 57.8342 -28.6221 2.1
    endloop
  endfacet
  facet normal 0 0 1
    outer loop
      vertex 64.7055 -33.9232 2.1
      vertex 56.92 -34.7401 2.1
      vertex 64.2827 -36.3688 2.1
    endloop
  endfacet
  facet normal 0 0 1
    outer loop
      vertex 63.7697 -38.7895 2.1
      vertex 55.9702 -38.7737 2.1
      vertex 63.1673 -41.1835 2.1
    endloop
  endfacet
  facet normal -0 0 1
    outer loop
      vertex 57.7187 -21.0584 2.1
      vertex 57.8342 -28.6221 2.1
      vertex 59.4688 -20.6331 2.1
    endloop
  endfacet
  facet normal 0 0 1
    outer loop
      vertex 57.7187 -21.0584 2.1
      vertex 57.5712 -28.6643 2.1
      vertex 57.8342 -28.6221 2.1
    endloop
  endfacet
  facet normal 0 0 1
    outer loop
      vertex 57.7187 -21.0584 2.1
      vertex 57.3074 -28.7045 2.1
      vertex 57.5712 -28.6643 2.1
    endloop
  endfacet
  facet normal 0 0 1
    outer loop
      vertex 57.7187 -21.0584 2.1
      vertex 57.0431 -28.7425 2.1
      vertex 57.3074 -28.7045 2.1
    endloop
  endfacet
  facet normal 0 0 1
    outer loop
      vertex 57.7187 -21.0584 2.1
      vertex 56.778 -28.7783 2.1
      vertex 57.0431 -28.7425 2.1
    endloop
  endfacet
  facet normal 0 0 1
    outer loop
      vertex 57.7187 -21.0584 2.1
      vertex 56.5124 -28.812 2.1
      vertex 56.778 -28.7783 2.1
    endloop
  endfacet
  facet normal 0 0 1
    outer loop
      vertex 57.7187 -21.0584 2.1
      vertex 56.246 -28.8436 2.1
      vertex 56.5124 -28.812 2.1
    endloop
  endfacet
  facet normal 0 0 1
    outer loop
      vertex 57.7187 -21.0584 2.1
      vertex 55.979 -28.8731 2.1
      vertex 56.246 -28.8436 2.1
    endloop
  endfacet
  facet normal 0 0 1
    outer loop
      vertex 57.7187 -21.0584 2.1
      vertex 55.7114 -28.9003 2.1
      vertex 55.979 -28.8731 2.1
    endloop
  endfacet
  facet normal 0 0 1
    outer loop
      vertex 57.7187 -21.0584 2.1
      vertex 55.4431 -28.9255 2.1
      vertex 55.7114 -28.9003 2.1
    endloop
  endfacet
  facet normal 0 0 1
    outer loop
      vertex 57.7187 -21.0584 2.1
      vertex 55.1743 -28.9485 2.1
      vertex 55.4431 -28.9255 2.1
    endloop
  endfacet
  facet normal 0 0 1
    outer loop
      vertex 57.7187 -21.0584 2.1
      vertex 54.9047 -28.9693 2.1
      vertex 55.1743 -28.9485 2.1
    endloop
  endfacet
  facet normal 0 0 1
    outer loop
      vertex 57.7187 -21.0584 2.1
      vertex 54.6346 -28.9879 2.1
      vertex 54.9047 -28.9693 2.1
    endloop
  endfacet
  facet normal 0 0 1
    outer loop
      vertex 57.7187 -21.0584 2.1
      vertex 54.3639 -29.0044 2.1
      vertex 54.6346 -28.9879 2.1
    endloop
  endfacet
  facet normal 0 0 1
    outer loop
      vertex 57.7187 -21.0584 2.1
      vertex 54.0925 -29.0186 2.1
      vertex 54.3639 -29.0044 2.1
    endloop
  endfacet
  facet normal 0 0 1
    outer loop
      vertex 57.7187 -21.0584 2.1
      vertex 53.8205 -29.0308 2.1
      vertex 54.0925 -29.0186 2.1
    endloop
  endfacet
  facet normal 0 0 1
    outer loop
      vertex 57.7187 -21.0584 2.1
      vertex 53.548 -29.0407 2.1
      vertex 53.8205 -29.0308 2.1
    endloop
  endfacet
  facet normal 0 0 1
    outer loop
      vertex 57.7187 -21.0584 2.1
      vertex 53.2748 -29.0484 2.1
      vertex 53.548 -29.0407 2.1
    endloop
  endfacet
  facet normal 0 0 1
    outer loop
      vertex 57.7187 -21.0584 2.1
      vertex 53.001 -29.0539 2.1
      vertex 53.2748 -29.0484 2.1
    endloop
  endfacet
  facet normal 0 0 1
    outer loop
      vertex 57.7187 -21.0584 2.1
      vertex 52.7267 -29.0573 2.1
      vertex 53.001 -29.0539 2.1
    endloop
  endfacet
  facet normal 0 0 1
    outer loop
      vertex 57.7187 -21.0584 2.1
      vertex 52.4517 -29.0583 2.1
      vertex 52.7267 -29.0573 2.1
    endloop
  endfacet
  facet normal -0 0 1
    outer loop
      vertex 47.1848 -21.0584 2.1
      vertex 52.4517 -29.0583 2.1
      vertex 57.7187 -21.0584 2.1
    endloop
  endfacet
  facet normal 0 0 1
    outer loop
      vertex 52.4517 -29.0583 2.1
      vertex 47.1848 -21.0584 2.1
      vertex 52.1999 -29.0574 2.1
    endloop
  endfacet
  facet normal 0 0 1
    outer loop
      vertex 52.1999 -29.0574 2.1
      vertex 47.1848 -21.0584 2.1
      vertex 51.9485 -29.0545 2.1
    endloop
  endfacet
  facet normal 0 0 1
    outer loop
      vertex 51.9485 -29.0545 2.1
      vertex 47.1848 -21.0584 2.1
      vertex 51.6975 -29.0498 2.1
    endloop
  endfacet
  facet normal 0 0 1
    outer loop
      vertex 51.6975 -29.0498 2.1
      vertex 47.1848 -21.0584 2.1
      vertex 51.4471 -29.0431 2.1
    endloop
  endfacet
  facet normal 0 0 1
    outer loop
      vertex 51.4471 -29.0431 2.1
      vertex 47.1848 -21.0584 2.1
      vertex 51.1972 -29.0346 2.1
    endloop
  endfacet
  facet normal 0 0 1
    outer loop
      vertex 51.1972 -29.0346 2.1
      vertex 47.1848 -21.0584 2.1
      vertex 50.9478 -29.0242 2.1
    endloop
  endfacet
  facet normal 0 0 1
    outer loop
      vertex 50.9478 -29.0242 2.1
      vertex 47.1848 -21.0584 2.1
      vertex 50.6989 -29.012 2.1
    endloop
  endfacet
  facet normal 0 0 1
    outer loop
      vertex 50.6989 -29.012 2.1
      vertex 47.1848 -21.0584 2.1
      vertex 50.4506 -28.998 2.1
    endloop
  endfacet
  facet normal 0 0 1
    outer loop
      vertex 50.4506 -28.998 2.1
      vertex 47.1848 -21.0584 2.1
      vertex 50.2027 -28.9822 2.1
    endloop
  endfacet
  facet normal 0 0 1
    outer loop
      vertex 50.2027 -28.9822 2.1
      vertex 47.1848 -21.0584 2.1
      vertex 49.9554 -28.9646 2.1
    endloop
  endfacet
  facet normal 0 0 1
    outer loop
      vertex 49.9554 -28.9646 2.1
      vertex 47.1848 -21.0584 2.1
      vertex 49.7086 -28.9451 2.1
    endloop
  endfacet
  facet normal 0 0 1
    outer loop
      vertex 49.7086 -28.9451 2.1
      vertex 47.1848 -21.0584 2.1
      vertex 49.4623 -28.924 2.1
    endloop
  endfacet
  facet normal 0 0 1
    outer loop
      vertex 49.4623 -28.924 2.1
      vertex 47.1848 -21.0584 2.1
      vertex 49.2165 -28.901 2.1
    endloop
  endfacet
  facet normal 0 0 1
    outer loop
      vertex 49.2165 -28.901 2.1
      vertex 47.1848 -21.0584 2.1
      vertex 48.9714 -28.8764 2.1
    endloop
  endfacet
  facet normal 0 0 1
    outer loop
      vertex 48.9714 -28.8764 2.1
      vertex 47.1848 -21.0584 2.1
      vertex 48.7267 -28.85 2.1
    endloop
  endfacet
  facet normal 0 0 1
    outer loop
      vertex 48.7267 -28.85 2.1
      vertex 47.1848 -21.0584 2.1
      vertex 48.4827 -28.8219 2.1
    endloop
  endfacet
  facet normal 0 0 1
    outer loop
      vertex 48.4827 -28.8219 2.1
      vertex 47.1848 -21.0584 2.1
      vertex 48.2391 -28.7921 2.1
    endloop
  endfacet
  facet normal 0 0 1
    outer loop
      vertex 48.2391 -28.7921 2.1
      vertex 47.1848 -21.0584 2.1
      vertex 47.9961 -28.7606 2.1
    endloop
  endfacet
  facet normal 0 0 1
    outer loop
      vertex 47.9961 -28.7606 2.1
      vertex 47.1848 -21.0584 2.1
      vertex 47.7538 -28.7274 2.1
    endloop
  endfacet
  facet normal 0 0 1
    outer loop
      vertex 47.7538 -28.7274 2.1
      vertex 47.1848 -21.0584 2.1
      vertex 47.5119 -28.6927 2.1
    endloop
  endfacet
  facet normal 0 0 1
    outer loop
      vertex 45.4347 -20.6323 2.1
      vertex 47.5119 -28.6927 2.1
      vertex 47.1848 -21.0584 2.1
    endloop
  endfacet
  facet normal -0 0 1
    outer loop
      vertex 40.2629 -28.3273 2.1
      vertex 47.5119 -28.6927 2.1
      vertex 40.3973 -26.8181 2.1
    endloop
  endfacet
  facet normal 0 0 1
    outer loop
      vertex 47.5119 -28.6927 2.1
      vertex 40.2629 -28.3273 2.1
      vertex 47.2897 -30.3487 2.1
    endloop
  endfacet
  facet normal -0 0 1
    outer loop
      vertex 40.0756 -29.8245 2.1
      vertex 47.2897 -30.3487 2.1
      vertex 40.2629 -28.3273 2.1
    endloop
  endfacet
  facet normal -0 0 1
    outer loop
      vertex 39.8358 -31.3088 2.1
      vertex 47.0137 -32.0028 2.1
      vertex 40.0756 -29.8245 2.1
    endloop
  endfacet
  facet normal 0 0 1
    outer loop
      vertex 47.5119 -28.6927 2.1
      vertex 45.4347 -20.6323 2.1
      vertex 40.3973 -26.8181 2.1
    endloop
  endfacet
  facet normal 0 0 1
    outer loop
      vertex 47.0137 -32.0028 2.1
      vertex 39.8358 -31.3088 2.1
      vertex 46.6846 -33.6526 2.1
    endloop
  endfacet
  facet normal -0 0 1
    outer loop
      vertex 39.5441 -32.779 2.1
      vertex 46.6846 -33.6526 2.1
      vertex 39.8358 -31.3088 2.1
    endloop
  endfacet
  facet normal -0 0 1
    outer loop
      vertex 39.201 -34.2339 2.1
      vertex 46.3028 -35.2956 2.1
      vertex 39.5441 -32.779 2.1
    endloop
  endfacet
  facet normal 0 0 1
    outer loop
      vertex 40.3973 -26.8181 2.1
      vertex 45.4347 -20.6323 2.1
      vertex 43.7328 -20.09 2.1
    endloop
  endfacet
  facet normal 0 0 1
    outer loop
      vertex 46.6846 -33.6526 2.1
      vertex 39.5441 -32.779 2.1
      vertex 46.3028 -35.2956 2.1
    endloop
  endfacet
  facet normal -0 0 1
    outer loop
      vertex 38.8068 -35.6724 2.1
      vertex 45.8687 -36.9293 2.1
      vertex 39.201 -34.2339 2.1
    endloop
  endfacet
  facet normal 0 0 1
    outer loop
      vertex 45.8687 -36.9293 2.1
      vertex 38.8068 -35.6724 2.1
      vertex 45.3828 -38.5514 2.1
    endloop
  endfacet
  facet normal 0 0 1
    outer loop
      vertex 40.3973 -26.8181 2.1
      vertex 43.7328 -20.09 2.1
      vertex 42.0835 -19.4361 2.1
    endloop
  endfacet
  facet normal 0 0 1
    outer loop
      vertex 46.3028 -35.2956 2.1
      vertex 39.201 -34.2339 2.1
      vertex 45.8687 -36.9293 2.1
    endloop
  endfacet
  facet normal -0 0 1
    outer loop
      vertex 38.3622 -37.0933 2.1
      vertex 45.3828 -38.5514 2.1
      vertex 38.8068 -35.6724 2.1
    endloop
  endfacet
  facet normal 0 0 1
    outer loop
      vertex 40.3973 -26.8181 2.1
      vertex 42.0835 -19.4361 2.1
      vertex 40.4913 -18.6752 2.1
    endloop
  endfacet
  facet normal 0 0 1
    outer loop
      vertex 47.2897 -30.3487 2.1
      vertex 40.0756 -29.8245 2.1
      vertex 47.0137 -32.0028 2.1
    endloop
  endfacet
  facet normal 0 0 1
    outer loop
      vertex 45.3828 -38.5514 2.1
      vertex 38.3622 -37.0933 2.1
      vertex 44.8457 -40.1594 2.1
    endloop
  endfacet
  facet normal -0 0 1
    outer loop
      vertex 37.8675 -38.4955 2.1
      vertex 44.8457 -40.1594 2.1
      vertex 38.3622 -37.0933 2.1
    endloop
  endfacet
  facet normal 0 0 1
    outer loop
      vertex 44.8457 -40.1594 2.1
      vertex 37.8675 -38.4955 2.1
      vertex 44.2576 -41.7507 2.1
    endloop
  endfacet
  facet normal -0 0 1
    outer loop
      vertex 37.3234 -39.8777 2.1
      vertex 44.2576 -41.7507 2.1
      vertex 37.8675 -38.4955 2.1
    endloop
  endfacet
  facet normal 0 0 1
    outer loop
      vertex 44.2576 -41.7507 2.1
      vertex 37.3234 -39.8777 2.1
      vertex 43.6191 -43.323 2.1
    endloop
  endfacet
  facet normal -0 0 1
    outer loop
      vertex 36.7301 -41.239 2.1
      vertex 43.6191 -43.323 2.1
      vertex 37.3234 -39.8777 2.1
    endloop
  endfacet
  facet normal 0 0 1
    outer loop
      vertex 43.6191 -43.323 2.1
      vertex 36.7301 -41.239 2.1
      vertex 42.9306 -44.8737 2.1
    endloop
  endfacet
  facet normal -0 0 1
    outer loop
      vertex 36.0884 -42.5781 2.1
      vertex 42.9306 -44.8737 2.1
      vertex 36.7301 -41.239 2.1
    endloop
  endfacet
  facet normal 0 0 1
    outer loop
      vertex 42.9306 -44.8737 2.1
      vertex 36.0884 -42.5781 2.1
      vertex 42.1926 -46.4005 2.1
    endloop
  endfacet
  facet normal -0 0 1
    outer loop
      vertex 35.3986 -43.8938 2.1
      vertex 42.1926 -46.4005 2.1
      vertex 36.0884 -42.5781 2.1
    endloop
  endfacet
  facet normal 0 0 1
    outer loop
      vertex 42.1926 -46.4005 2.1
      vertex 35.3986 -43.8938 2.1
      vertex 41.4056 -47.9009 2.1
    endloop
  endfacet
  facet normal -0 0 1
    outer loop
      vertex 34.6612 -45.185 2.1
      vertex 41.4056 -47.9009 2.1
      vertex 35.3986 -43.8938 2.1
    endloop
  endfacet
  facet normal 0 0 1
    outer loop
      vertex 41.4056 -47.9009 2.1
      vertex 34.6612 -45.185 2.1
      vertex 40.5699 -49.3725 2.1
    endloop
  endfacet
  facet normal -0 0 1
    outer loop
      vertex 33.8767 -46.4507 2.1
      vertex 40.5699 -49.3725 2.1
      vertex 34.6612 -45.185 2.1
    endloop
  endfacet
  facet normal 0 0 1
    outer loop
      vertex 40.5699 -49.3725 2.1
      vertex 33.8767 -46.4507 2.1
      vertex 39.6861 -50.8127 2.1
    endloop
  endfacet
  facet normal -0 0 1
    outer loop
      vertex 33.0457 -47.6895 2.1
      vertex 39.6861 -50.8127 2.1
      vertex 33.8767 -46.4507 2.1
    endloop
  endfacet
  facet normal 0 0 1
    outer loop
      vertex 39.6861 -50.8127 2.1
      vertex 33.0457 -47.6895 2.1
      vertex 38.7547 -52.2191 2.1
    endloop
  endfacet
  facet normal -0 0 1
    outer loop
      vertex 32.1684 -48.9005 2.1
      vertex 38.7547 -52.2191 2.1
      vertex 33.0457 -47.6895 2.1
    endloop
  endfacet
  facet normal 0 0 1
    outer loop
      vertex 38.7547 -52.2191 2.1
      vertex 32.1684 -48.9005 2.1
      vertex 37.776 -53.5893 2.1
    endloop
  endfacet
  facet normal -0 0 1
    outer loop
      vertex 31.2456 -50.0823 2.1
      vertex 37.776 -53.5893 2.1
      vertex 32.1684 -48.9005 2.1
    endloop
  endfacet
  facet normal 0 0 1
    outer loop
      vertex 37.776 -53.5893 2.1
      vertex 31.2456 -50.0823 2.1
      vertex 36.7506 -54.9208 2.1
    endloop
  endfacet
  facet normal -0 0 1
    outer loop
      vertex 30.2776 -51.2338 2.1
      vertex 36.7506 -54.9208 2.1
      vertex 31.2456 -50.0823 2.1
    endloop
  endfacet
  facet normal 0 0 1
    outer loop
      vertex 36.7506 -54.9208 2.1
      vertex 30.2776 -51.2338 2.1
      vertex 35.6788 -56.2112 2.1
    endloop
  endfacet
  facet normal -0 0 1
    outer loop
      vertex 29.265 -52.3541 2.1
      vertex 35.6788 -56.2112 2.1
      vertex 30.2776 -51.2338 2.1
    endloop
  endfacet
  facet normal 0 0 1
    outer loop
      vertex 35.6788 -56.2112 2.1
      vertex 29.265 -52.3541 2.1
      vertex 34.5612 -57.458 2.1
    endloop
  endfacet
  facet normal -0 0 1
    outer loop
      vertex 28.2082 -53.4418 2.1
      vertex 34.5612 -57.458 2.1
      vertex 29.265 -52.3541 2.1
    endloop
  endfacet
  facet normal 0 0 1
    outer loop
      vertex 34.5612 -57.458 2.1
      vertex 28.2082 -53.4418 2.1
      vertex 33.3982 -58.6587 2.1
    endloop
  endfacet
  facet normal 0 0 1
    outer loop
      vertex 33.3982 -58.6587 2.1
      vertex 28.2082 -53.4418 2.1
      vertex 32.0139 -59.9812 2.1
    endloop
  endfacet
  facet normal -0 0 1
    outer loop
      vertex 27.035 -54.563 2.1
      vertex 32.0139 -59.9812 2.1
      vertex 28.2082 -53.4418 2.1
    endloop
  endfacet
  facet normal 0 0 1
    outer loop
      vertex 32.0139 -59.9812 2.1
      vertex 27.035 -54.563 2.1
      vertex 30.5874 -61.2423 2.1
    endloop
  endfacet
  facet normal -0 0 1
    outer loop
      vertex 25.826 -55.6321 2.1
      vertex 30.5874 -61.2423 2.1
      vertex 27.035 -54.563 2.1
    endloop
  endfacet
  facet normal 0 0 1
    outer loop
      vertex 30.5874 -61.2423 2.1
      vertex 25.826 -55.6321 2.1
      vertex 29.1203 -62.4413 2.1
    endloop
  endfacet
  facet normal -0 0 1
    outer loop
      vertex 24.5827 -56.6487 2.1
      vertex 29.1203 -62.4413 2.1
      vertex 25.826 -55.6321 2.1
    endloop
  endfacet
  facet normal 0 0 1
    outer loop
      vertex 29.1203 -62.4413 2.1
      vertex 24.5827 -56.6487 2.1
      vertex 27.6142 -63.5775 2.1
    endloop
  endfacet
  facet normal -0 0 1
    outer loop
      vertex 23.3063 -57.6119 2.1
      vertex 27.6142 -63.5775 2.1
      vertex 24.5827 -56.6487 2.1
    endloop
  endfacet
  facet normal 0 0 1
    outer loop
      vertex 27.6142 -63.5775 2.1
      vertex 23.3063 -57.6119 2.1
      vertex 26.0709 -64.6502 2.1
    endloop
  endfacet
  facet normal -0 0 1
    outer loop
      vertex 21.9983 -58.5213 2.1
      vertex 26.0709 -64.6502 2.1
      vertex 23.3063 -57.6119 2.1
    endloop
  endfacet
  facet normal 0 0 1
    outer loop
      vertex 26.0709 -64.6502 2.1
      vertex 21.9983 -58.5213 2.1
      vertex 24.4919 -65.6587 2.1
    endloop
  endfacet
  facet normal -0 0 1
    outer loop
      vertex 20.6602 -59.3763 2.1
      vertex 24.4919 -65.6587 2.1
      vertex 21.9983 -58.5213 2.1
    endloop
  endfacet
  facet normal 0 0 1
    outer loop
      vertex 24.4919 -65.6587 2.1
      vertex 20.6602 -59.3763 2.1
      vertex 22.8789 -66.6024 2.1
    endloop
  endfacet
  facet normal -0 0 1
    outer loop
      vertex 19.2933 -60.1763 2.1
      vertex 22.8789 -66.6024 2.1
      vertex 20.6602 -59.3763 2.1
    endloop
  endfacet
  facet normal 0 0 1
    outer loop
      vertex 22.8789 -66.6024 2.1
      vertex 19.2933 -60.1763 2.1
      vertex 21.2334 -67.4805 2.1
    endloop
  endfacet
  facet normal -0 0 1
    outer loop
      vertex 17.8991 -60.9207 2.1
      vertex 21.2334 -67.4805 2.1
      vertex 19.2933 -60.1763 2.1
    endloop
  endfacet
  facet normal 0 0 1
    outer loop
      vertex 21.2334 -67.4805 2.1
      vertex 17.8991 -60.9207 2.1
      vertex 19.5574 -68.2923 2.1
    endloop
  endfacet
  facet normal -0 0 1
    outer loop
      vertex 16.479 -61.609 2.1
      vertex 19.5574 -68.2923 2.1
      vertex 17.8991 -60.9207 2.1
    endloop
  endfacet
  facet normal 0 0 1
    outer loop
      vertex 19.5574 -68.2923 2.1
      vertex 16.479 -61.609 2.1
      vertex 17.8522 -69.0371 2.1
    endloop
  endfacet
  facet normal -0 0 1
    outer loop
      vertex 15.0343 -62.2404 2.1
      vertex 17.8522 -69.0371 2.1
      vertex 16.479 -61.609 2.1
    endloop
  endfacet
  facet normal 0 0 1
    outer loop
      vertex 17.8522 -69.0371 2.1
      vertex 15.0343 -62.2404 2.1
      vertex 16.1196 -69.7143 2.1
    endloop
  endfacet
  facet normal -0 0 1
    outer loop
      vertex 13.5665 -62.8145 2.1
      vertex 16.1196 -69.7143 2.1
      vertex 15.0343 -62.2404 2.1
    endloop
  endfacet
  facet normal 0 0 1
    outer loop
      vertex 16.1196 -69.7143 2.1
      vertex 13.5665 -62.8145 2.1
      vertex 14.3613 -70.3232 2.1
    endloop
  endfacet
  facet normal -0 0 1
    outer loop
      vertex 12.0771 -63.3307 2.1
      vertex 14.3613 -70.3232 2.1
      vertex 13.5665 -62.8145 2.1
    endloop
  endfacet
  facet normal 0 0 1
    outer loop
      vertex 14.3613 -70.3232 2.1
      vertex 12.0771 -63.3307 2.1
      vertex 12.5787 -70.863 2.1
    endloop
  endfacet
  facet normal -0 0 1
    outer loop
      vertex 10.5674 -63.7883 2.1
      vertex 12.5787 -70.863 2.1
      vertex 12.0771 -63.3307 2.1
    endloop
  endfacet
  facet normal 0 0 1
    outer loop
      vertex 12.5787 -70.863 2.1
      vertex 10.5674 -63.7883 2.1
      vertex 10.7738 -71.3331 2.1
    endloop
  endfacet
  facet normal -0 0 1
    outer loop
      vertex 9.03885 -64.1869 2.1
      vertex 10.7738 -71.3331 2.1
      vertex 10.5674 -63.7883 2.1
    endloop
  endfacet
  facet normal 0 0 1
    outer loop
      vertex 9.03885 -64.1869 2.1
      vertex 8.94791 -71.7327 2.1
      vertex 10.7738 -71.3331 2.1
    endloop
  endfacet
  facet normal -0 0 1
    outer loop
      vertex 7.49283 -64.5257 2.1
      vertex 8.94791 -71.7327 2.1
      vertex 9.03885 -64.1869 2.1
    endloop
  endfacet
  facet normal 0 0 1
    outer loop
      vertex 7.49283 -64.5257 2.1
      vertex 7.10289 -72.0613 2.1
      vertex 8.94791 -71.7327 2.1
    endloop
  endfacet
  facet normal -0 0 1
    outer loop
      vertex 5.93086 -64.8042 2.1
      vertex 7.10289 -72.0613 2.1
      vertex 7.49283 -64.5257 2.1
    endloop
  endfacet
  facet normal 0 0 1
    outer loop
      vertex 5.93086 -64.8042 2.1
      vertex 5.24033 -72.3181 2.1
      vertex 7.10289 -72.0613 2.1
    endloop
  endfacet
  facet normal -0 0 1
    outer loop
      vertex 4.35425 -65.0219 2.1
      vertex 5.24033 -72.3181 2.1
      vertex 5.93086 -64.8042 2.1
    endloop
  endfacet
  facet normal 0 0 1
    outer loop
      vertex 4.35425 -65.0219 2.1
      vertex 3.36182 -72.5023 2.1
      vertex 5.24033 -72.3181 2.1
    endloop
  endfacet
  facet normal -0 0 1
    outer loop
      vertex 2.76443 -65.1781 2.1
      vertex 3.36182 -72.5023 2.1
      vertex 4.35425 -65.0219 2.1
    endloop
  endfacet
  facet normal 0 0 1
    outer loop
      vertex 2.76443 -65.1781 2.1
      vertex 1.46904 -72.6134 2.1
      vertex 3.36182 -72.5023 2.1
    endloop
  endfacet
  facet normal -0 0 1
    outer loop
      vertex 1.1628 -65.2722 2.1
      vertex 1.46904 -72.6134 2.1
      vertex 2.76443 -65.1781 2.1
    endloop
  endfacet
  facet normal 0 0 1
    outer loop
      vertex 1.1628 -65.2722 2.1
      vertex -0.436249 -72.6505 2.1
      vertex 1.46904 -72.6134 2.1
    endloop
  endfacet
  facet normal -0 0 1
    outer loop
      vertex -0.449066 -65.3037 2.1
      vertex -0.436249 -72.6505 2.1
      vertex 1.1628 -65.2722 2.1
    endloop
  endfacet
  facet normal 0 0 1
    outer loop
      vertex -2.061 -65.2723 2.1
      vertex -0.436249 -72.6505 2.1
      vertex -0.449066 -65.3037 2.1
    endloop
  endfacet
  facet normal 0 0 1
    outer loop
      vertex -2.061 -65.2723 2.1
      vertex -2.34161 -72.6135 2.1
      vertex -0.436249 -72.6505 2.1
    endloop
  endfacet
  facet normal 0 0 1
    outer loop
      vertex -3.66264 -65.1782 2.1
      vertex -2.34161 -72.6135 2.1
      vertex -2.061 -65.2723 2.1
    endloop
  endfacet
  facet normal 0 0 1
    outer loop
      vertex -3.66264 -65.1782 2.1
      vertex -4.23454 -72.5025 2.1
      vertex -2.34161 -72.6135 2.1
    endloop
  endfacet
  facet normal 0 0 1
    outer loop
      vertex -5.25246 -65.0222 2.1
      vertex -4.23454 -72.5025 2.1
      vertex -3.66264 -65.1782 2.1
    endloop
  endfacet
  facet normal 0 0 1
    outer loop
      vertex -5.25246 -65.0222 2.1
      vertex -6.1132 -72.3184 2.1
      vertex -4.23454 -72.5025 2.1
    endloop
  endfacet
  facet normal 0 0 1
    outer loop
      vertex -6.82907 -64.8049 2.1
      vertex -6.1132 -72.3184 2.1
      vertex -5.25246 -65.0222 2.1
    endloop
  endfacet
  facet normal 0 0 1
    outer loop
      vertex -6.82907 -64.8049 2.1
      vertex -7.97607 -72.0619 2.1
      vertex -6.1132 -72.3184 2.1
    endloop
  endfacet
  facet normal 0 0 1
    outer loop
      vertex -8.39104 -64.5266 2.1
      vertex -7.97607 -72.0619 2.1
      vertex -6.82907 -64.8049 2.1
    endloop
  endfacet
  facet normal 0 0 1
    outer loop
      vertex -8.39104 -64.5266 2.1
      vertex -9.82147 -71.7336 2.1
      vertex -7.97607 -72.0619 2.1
    endloop
  endfacet
  facet normal 0 0 1
    outer loop
      vertex -9.93706 -64.1881 2.1
      vertex -9.82147 -71.7336 2.1
      vertex -8.39104 -64.5266 2.1
    endloop
  endfacet
  facet normal 0 0 1
    outer loop
      vertex -11.6476 -71.3343 2.1
      vertex -9.93706 -64.1881 2.1
      vertex -11.4656 -63.7898 2.1
    endloop
  endfacet
  facet normal 0 0 1
    outer loop
      vertex -9.93706 -64.1881 2.1
      vertex -11.6476 -71.3343 2.1
      vertex -9.82147 -71.7336 2.1
    endloop
  endfacet
  facet normal 0 0 1
    outer loop
      vertex -13.4531 -70.8645 2.1
      vertex -11.4656 -63.7898 2.1
      vertex -12.9753 -63.3325 2.1
    endloop
  endfacet
  facet normal 0 0 1
    outer loop
      vertex -11.4656 -63.7898 2.1
      vertex -13.4531 -70.8645 2.1
      vertex -11.6476 -71.3343 2.1
    endloop
  endfacet
  facet normal 0 0 1
    outer loop
      vertex -15.2361 -70.325 2.1
      vertex -12.9753 -63.3325 2.1
      vertex -14.4647 -62.8166 2.1
    endloop
  endfacet
  facet normal 0 0 1
    outer loop
      vertex -12.9753 -63.3325 2.1
      vertex -15.2361 -70.325 2.1
      vertex -13.4531 -70.8645 2.1
    endloop
  endfacet
  facet normal 0 0 1
    outer loop
      vertex -16.9949 -69.7164 2.1
      vertex -14.4647 -62.8166 2.1
      vertex -15.9325 -62.2428 2.1
    endloop
  endfacet
  facet normal 0 0 1
    outer loop
      vertex -14.4647 -62.8166 2.1
      vertex -16.9949 -69.7164 2.1
      vertex -15.2361 -70.325 2.1
    endloop
  endfacet
  facet normal 0 0 1
    outer loop
      vertex -18.728 -69.0396 2.1
      vertex -15.9325 -62.2428 2.1
      vertex -17.3772 -61.6116 2.1
    endloop
  endfacet
  facet normal 0 0 1
    outer loop
      vertex -15.9325 -62.2428 2.1
      vertex -18.728 -69.0396 2.1
      vertex -16.9949 -69.7164 2.1
    endloop
  endfacet
  facet normal 0 0 1
    outer loop
      vertex -20.4336 -68.2949 2.1
      vertex -17.3772 -61.6116 2.1
      vertex -18.7973 -60.9235 2.1
    endloop
  endfacet
  facet normal 0 0 1
    outer loop
      vertex -22.1101 -67.4832 2.1
      vertex -18.7973 -60.9235 2.1
      vertex -20.1915 -60.1792 2.1
    endloop
  endfacet
  facet normal 0 0 1
    outer loop
      vertex -17.3772 -61.6116 2.1
      vertex -20.4336 -68.2949 2.1
      vertex -18.728 -69.0396 2.1
    endloop
  endfacet
  facet normal 0 0 1
    outer loop
      vertex -23.756 -66.6052 2.1
      vertex -20.1915 -60.1792 2.1
      vertex -21.5584 -59.3791 2.1
    endloop
  endfacet
  facet normal 0 0 1
    outer loop
      vertex -18.7973 -60.9235 2.1
      vertex -22.1101 -67.4832 2.1
      vertex -20.4336 -68.2949 2.1
    endloop
  endfacet
  facet normal 0 0 1
    outer loop
      vertex -25.3694 -65.6616 2.1
      vertex -21.5584 -59.3791 2.1
      vertex -22.8965 -58.524 2.1
    endloop
  endfacet
  facet normal 0 0 1
    outer loop
      vertex -20.1915 -60.1792 2.1
      vertex -23.756 -66.6052 2.1
      vertex -22.1101 -67.4832 2.1
    endloop
  endfacet
  facet normal 0 0 1
    outer loop
      vertex -26.9488 -64.653 2.1
      vertex -22.8965 -58.524 2.1
      vertex -24.2045 -57.6144 2.1
    endloop
  endfacet
  facet normal 0 0 1
    outer loop
      vertex -21.5584 -59.3791 2.1
      vertex -25.3694 -65.6616 2.1
      vertex -23.756 -66.6052 2.1
    endloop
  endfacet
  facet normal 0 0 1
    outer loop
      vertex -28.4925 -63.58 2.1
      vertex -24.2045 -57.6144 2.1
      vertex -25.4809 -56.6507 2.1
    endloop
  endfacet
  facet normal 0 0 1
    outer loop
      vertex -29.9989 -62.4434 2.1
      vertex -25.4809 -56.6507 2.1
      vertex -26.7242 -55.6337 2.1
    endloop
  endfacet
  facet normal 0 0 1
    outer loop
      vertex -22.8965 -58.524 2.1
      vertex -26.9488 -64.653 2.1
      vertex -25.3694 -65.6616 2.1
    endloop
  endfacet
  facet normal 0 0 1
    outer loop
      vertex -31.4661 -61.2439 2.1
      vertex -26.7242 -55.6337 2.1
      vertex -27.9332 -54.5638 2.1
    endloop
  endfacet
  facet normal 0 0 1
    outer loop
      vertex -24.2045 -57.6144 2.1
      vertex -28.4925 -63.58 2.1
      vertex -26.9488 -64.653 2.1
    endloop
  endfacet
  facet normal 0 0 1
    outer loop
      vertex -32.8928 -59.9821 2.1
      vertex -27.9332 -54.5638 2.1
      vertex -29.1064 -53.4418 2.1
    endloop
  endfacet
  facet normal 0 0 1
    outer loop
      vertex -25.4809 -56.6507 2.1
      vertex -29.9989 -62.4434 2.1
      vertex -28.4925 -63.58 2.1
    endloop
  endfacet
  facet normal 0 0 1
    outer loop
      vertex -35.4605 -57.4397 2.1
      vertex -29.1064 -53.4418 2.1
      vertex -30.1447 -52.3718 2.1
    endloop
  endfacet
  facet normal 0 0 1
    outer loop
      vertex -36.597 -56.1818 2.1
      vertex -30.1447 -52.3718 2.1
      vertex -31.1403 -51.2666 2.1
    endloop
  endfacet
  facet normal 0 0 1
    outer loop
      vertex -26.7242 -55.6337 2.1
      vertex -31.4661 -61.2439 2.1
      vertex -29.9989 -62.4434 2.1
    endloop
  endfacet
  facet normal 0 0 1
    outer loop
      vertex -37.6859 -54.8866 2.1
      vertex -31.1403 -51.2666 2.1
      vertex -32.0927 -50.1277 2.1
    endloop
  endfacet
  facet normal 0 0 1
    outer loop
      vertex -27.9332 -54.5638 2.1
      vertex -32.8928 -59.9821 2.1
      vertex -31.4661 -61.2439 2.1
    endloop
  endfacet
  facet normal 0 0 1
    outer loop
      vertex -38.727 -53.5559 2.1
      vertex -32.0927 -50.1277 2.1
      vertex -33.0016 -48.9563 2.1
    endloop
  endfacet
  facet normal 0 0 1
    outer loop
      vertex -39.7195 -52.1912 2.1
      vertex -33.0016 -48.9563 2.1
      vertex -33.8664 -47.7542 2.1
    endloop
  endfacet
  facet normal 0 0 1
    outer loop
      vertex -29.1064 -53.4418 2.1
      vertex -34.2771 -58.6587 2.1
      vertex -32.8928 -59.9821 2.1
    endloop
  endfacet
  facet normal 0 0 1
    outer loop
      vertex -40.6632 -50.7941 2.1
      vertex -33.8664 -47.7542 2.1
      vertex -34.6868 -46.5227 2.1
    endloop
  endfacet
  facet normal 0 0 1
    outer loop
      vertex -29.1064 -53.4418 2.1
      vertex -35.4605 -57.4397 2.1
      vertex -34.2771 -58.6587 2.1
    endloop
  endfacet
  facet normal 0 0 1
    outer loop
      vertex -41.5574 -49.3662 2.1
      vertex -34.6868 -46.5227 2.1
      vertex -35.4623 -45.2633 2.1
    endloop
  endfacet
  facet normal 0 0 1
    outer loop
      vertex -42.4017 -47.9093 2.1
      vertex -35.4623 -45.2633 2.1
      vertex -36.1923 -43.9775 2.1
    endloop
  endfacet
  facet normal 0 0 1
    outer loop
      vertex -30.1447 -52.3718 2.1
      vertex -36.597 -56.1818 2.1
      vertex -35.4605 -57.4397 2.1
    endloop
  endfacet
  facet normal 0 0 1
    outer loop
      vertex -43.1956 -46.4249 2.1
      vertex -36.1923 -43.9775 2.1
      vertex -36.8765 -42.6669 2.1
    endloop
  endfacet
  facet normal 0 0 1
    outer loop
      vertex -43.9387 -44.9146 2.1
      vertex -36.8765 -42.6669 2.1
      vertex -37.5145 -41.3328 2.1
    endloop
  endfacet
  facet normal 0 0 1
    outer loop
      vertex -31.1403 -51.2666 2.1
      vertex -37.6859 -54.8866 2.1
      vertex -36.597 -56.1818 2.1
    endloop
  endfacet
  facet normal 0 0 1
    outer loop
      vertex -44.6303 -43.3802 2.1
      vertex -37.5145 -41.3328 2.1
      vertex -38.1057 -39.9768 2.1
    endloop
  endfacet
  facet normal 0 0 1
    outer loop
      vertex -45.27 -41.8232 2.1
      vertex -38.1057 -39.9768 2.1
      vertex -38.6498 -38.6003 2.1
    endloop
  endfacet
  facet normal 0 0 1
    outer loop
      vertex -32.0927 -50.1277 2.1
      vertex -38.727 -53.5559 2.1
      vertex -37.6859 -54.8866 2.1
    endloop
  endfacet
  facet normal 0 0 1
    outer loop
      vertex -45.8574 -40.2453 2.1
      vertex -38.6498 -38.6003 2.1
      vertex -39.1463 -37.2048 2.1
    endloop
  endfacet
  facet normal 0 0 1
    outer loop
      vertex -46.3919 -38.648 2.1
      vertex -39.1463 -37.2048 2.1
      vertex -39.5947 -35.7919 2.1
    endloop
  endfacet
  facet normal 0 0 1
    outer loop
      vertex -33.0016 -48.9563 2.1
      vertex -39.7195 -52.1912 2.1
      vertex -38.727 -53.5559 2.1
    endloop
  endfacet
  facet normal 0 0 1
    outer loop
      vertex -46.873 -37.0331 2.1
      vertex -39.5947 -35.7919 2.1
      vertex -39.9945 -34.363 2.1
    endloop
  endfacet
  facet normal 0 0 1
    outer loop
      vertex -47.3004 -35.4022 2.1
      vertex -39.9945 -34.363 2.1
      vertex -40.3455 -32.9195 2.1
    endloop
  endfacet
  facet normal 0 0 1
    outer loop
      vertex -47.6733 -33.7567 2.1
      vertex -40.3455 -32.9195 2.1
      vertex -40.647 -31.463 2.1
    endloop
  endfacet
  facet normal 0 0 1
    outer loop
      vertex -33.8664 -47.7542 2.1
      vertex -40.6632 -50.7941 2.1
      vertex -39.7195 -52.1912 2.1
    endloop
  endfacet
  facet normal 0 0 1
    outer loop
      vertex -47.9916 -32.0986 2.1
      vertex -40.647 -31.463 2.1
      vertex -40.8986 -29.9948 2.1
    endloop
  endfacet
  facet normal 0 0 1
    outer loop
      vertex -48.2544 -30.4292 2.1
      vertex -40.8986 -29.9948 2.1
      vertex -41.1 -28.5166 2.1
    endloop
  endfacet
  facet normal 0 0 1
    outer loop
      vertex -48.4615 -28.7504 2.1
      vertex -41.1 -28.5166 2.1
      vertex -41.2506 -27.0298 2.1
    endloop
  endfacet
  facet normal 0 0 1
    outer loop
      vertex -34.6868 -46.5227 2.1
      vertex -41.5574 -49.3662 2.1
      vertex -40.6632 -50.7941 2.1
    endloop
  endfacet
  facet normal -0 0 1
    outer loop
      vertex 55.3949 -40.7685 2.1
      vertex 63.1673 -41.1835 2.1
      vertex 55.9702 -38.7737 2.1
    endloop
  endfacet
  facet normal 0 0 1
    outer loop
      vertex 63.1673 -41.1835 2.1
      vertex 55.3949 -40.7685 2.1
      vertex 62.4764 -43.5485 2.1
    endloop
  endfacet
  facet normal -0 0 1
    outer loop
      vertex 54.7536 -42.745 2.1
      vertex 62.4764 -43.5485 2.1
      vertex 55.3949 -40.7685 2.1
    endloop
  endfacet
  facet normal 0 0 1
    outer loop
      vertex 62.4764 -43.5485 2.1
      vertex 54.7536 -42.745 2.1
      vertex 61.6979 -45.8826 2.1
    endloop
  endfacet
  facet normal -0 0 1
    outer loop
      vertex 54.0467 -44.7003 2.1
      vertex 61.6979 -45.8826 2.1
      vertex 54.7536 -42.745 2.1
    endloop
  endfacet
  facet normal 0 0 1
    outer loop
      vertex 61.6979 -45.8826 2.1
      vertex 54.0467 -44.7003 2.1
      vertex 60.8327 -48.1837 2.1
    endloop
  endfacet
  facet normal -0 0 1
    outer loop
      vertex 53.2749 -46.6316 2.1
      vertex 60.8327 -48.1837 2.1
      vertex 54.0467 -44.7003 2.1
    endloop
  endfacet
  facet normal 0 0 1
    outer loop
      vertex 60.8327 -48.1837 2.1
      vertex 53.2749 -46.6316 2.1
      vertex 59.8815 -50.4498 2.1
    endloop
  endfacet
  facet normal -0 0 1
    outer loop
      vertex 52.4389 -48.5361 2.1
      vertex 59.8815 -50.4498 2.1
      vertex 53.2749 -46.6316 2.1
    endloop
  endfacet
  facet normal 0 0 1
    outer loop
      vertex 59.8815 -50.4498 2.1
      vertex 52.4389 -48.5361 2.1
      vertex 58.8454 -52.6789 2.1
    endloop
  endfacet
  facet normal -0 0 1
    outer loop
      vertex 51.5392 -50.411 2.1
      vertex 58.8454 -52.6789 2.1
      vertex 52.4389 -48.5361 2.1
    endloop
  endfacet
  facet normal 0 0 1
    outer loop
      vertex 58.8454 -52.6789 2.1
      vertex 51.5392 -50.411 2.1
      vertex 57.725 -54.8689 2.1
    endloop
  endfacet
  facet normal -0 0 1
    outer loop
      vertex 50.5763 -52.2536 2.1
      vertex 57.725 -54.8689 2.1
      vertex 51.5392 -50.411 2.1
    endloop
  endfacet
  facet normal 0 0 1
    outer loop
      vertex 57.725 -54.8689 2.1
      vertex 50.5763 -52.2536 2.1
      vertex 56.5214 -57.0178 2.1
    endloop
  endfacet
  facet normal -0 0 1
    outer loop
      vertex 49.5509 -54.0609 2.1
      vertex 56.5214 -57.0178 2.1
      vertex 50.5763 -52.2536 2.1
    endloop
  endfacet
  facet normal 0 0 1
    outer loop
      vertex 56.5214 -57.0178 2.1
      vertex 49.5509 -54.0609 2.1
      vertex 55.2354 -59.1234 2.1
    endloop
  endfacet
  facet normal -0 0 1
    outer loop
      vertex 48.4637 -55.8302 2.1
      vertex 55.2354 -59.1234 2.1
      vertex 49.5509 -54.0609 2.1
    endloop
  endfacet
  facet normal 0 0 1
    outer loop
      vertex 55.2354 -59.1234 2.1
      vertex 48.4637 -55.8302 2.1
      vertex 53.8679 -61.1839 2.1
    endloop
  endfacet
  facet normal -0 0 1
    outer loop
      vertex 47.3151 -57.5588 2.1
      vertex 53.8679 -61.1839 2.1
      vertex 48.4637 -55.8302 2.1
    endloop
  endfacet
  facet normal 0 0 1
    outer loop
      vertex 53.8679 -61.1839 2.1
      vertex 47.3151 -57.5588 2.1
      vertex 52.4197 -63.1971 2.1
    endloop
  endfacet
  facet normal -0 0 1
    outer loop
      vertex 46.1057 -59.2437 2.1
      vertex 52.4197 -63.1971 2.1
      vertex 47.3151 -57.5588 2.1
    endloop
  endfacet
  facet normal 0 0 1
    outer loop
      vertex 52.4197 -63.1971 2.1
      vertex 46.1057 -59.2437 2.1
      vertex 50.8916 -65.1611 2.1
    endloop
  endfacet
  facet normal -0 0 1
    outer loop
      vertex 44.8363 -60.8822 2.1
      vertex 50.8916 -65.1611 2.1
      vertex 46.1057 -59.2437 2.1
    endloop
  endfacet
  facet normal 0 0 1
    outer loop
      vertex 50.8916 -65.1611 2.1
      vertex 44.8363 -60.8822 2.1
      vertex 49.2847 -67.0737 2.1
    endloop
  endfacet
  facet normal -0 0 1
    outer loop
      vertex 43.5073 -62.4714 2.1
      vertex 49.2847 -67.0737 2.1
      vertex 44.8363 -60.8822 2.1
    endloop
  endfacet
  facet normal 0 0 1
    outer loop
      vertex 49.2847 -67.0737 2.1
      vertex 43.5073 -62.4714 2.1
      vertex 47.5997 -68.9329 2.1
    endloop
  endfacet
  facet normal -0 0 1
    outer loop
      vertex 42.1194 -64.0087 2.1
      vertex 47.5997 -68.9329 2.1
      vertex 43.5073 -62.4714 2.1
    endloop
  endfacet
  facet normal 0 0 1
    outer loop
      vertex 47.5997 -68.9329 2.1
      vertex 42.1194 -64.0087 2.1
      vertex 45.8376 -70.7367 2.1
    endloop
  endfacet
  facet normal -0 0 1
    outer loop
      vertex 40.6732 -65.491 2.1
      vertex 45.8376 -70.7367 2.1
      vertex 42.1194 -64.0087 2.1
    endloop
  endfacet
  facet normal 0 0 1
    outer loop
      vertex 45.8376 -70.7367 2.1
      vertex 40.6732 -65.491 2.1
      vertex 43.9458 -72.5305 2.1
    endloop
  endfacet
  facet normal -0 0 1
    outer loop
      vertex 38.9925 -67.0854 2.1
      vertex 43.9458 -72.5305 2.1
      vertex 40.6732 -65.491 2.1
    endloop
  endfacet
  facet normal 0 0 1
    outer loop
      vertex 43.9458 -72.5305 2.1
      vertex 38.9925 -67.0854 2.1
      vertex 41.996 -74.241 2.1
    endloop
  endfacet
  facet normal -0 0 1
    outer loop
      vertex 37.2603 -68.6055 2.1
      vertex 41.996 -74.241 2.1
      vertex 38.9925 -67.0854 2.1
    endloop
  endfacet
  facet normal 0 0 1
    outer loop
      vertex 41.996 -74.241 2.1
      vertex 37.2603 -68.6055 2.1
      vertex 39.9905 -75.8672 2.1
    endloop
  endfacet
  facet normal -0 0 1
    outer loop
      vertex 35.4784 -70.0507 2.1
      vertex 39.9905 -75.8672 2.1
      vertex 37.2603 -68.6055 2.1
    endloop
  endfacet
  facet normal 0 0 1
    outer loop
      vertex 39.9905 -75.8672 2.1
      vertex 35.4784 -70.0507 2.1
      vertex 37.9315 -77.4082 2.1
    endloop
  endfacet
  facet normal -0 0 1
    outer loop
      vertex 33.6491 -71.4201 2.1
      vertex 37.9315 -77.4082 2.1
      vertex 35.4784 -70.0507 2.1
    endloop
  endfacet
  facet normal 0 0 1
    outer loop
      vertex 37.9315 -77.4082 2.1
      vertex 33.6491 -71.4201 2.1
      vertex 35.8213 -78.8631 2.1
    endloop
  endfacet
  facet normal -0 0 1
    outer loop
      vertex 31.7742 -72.7128 2.1
      vertex 35.8213 -78.8631 2.1
      vertex 33.6491 -71.4201 2.1
    endloop
  endfacet
  facet normal 0 0 1
    outer loop
      vertex 35.8213 -78.8631 2.1
      vertex 31.7742 -72.7128 2.1
      vertex 33.6622 -80.2309 2.1
    endloop
  endfacet
  facet normal -0 0 1
    outer loop
      vertex 29.8558 -73.9282 2.1
      vertex 33.6622 -80.2309 2.1
      vertex 31.7742 -72.7128 2.1
    endloop
  endfacet
  facet normal 0 0 1
    outer loop
      vertex 33.6622 -80.2309 2.1
      vertex 29.8558 -73.9282 2.1
      vertex 31.4563 -81.5107 2.1
    endloop
  endfacet
  facet normal -0 0 1
    outer loop
      vertex 27.8959 -75.0652 2.1
      vertex 31.4563 -81.5107 2.1
      vertex 29.8558 -73.9282 2.1
    endloop
  endfacet
  facet normal 0 0 1
    outer loop
      vertex 31.4563 -81.5107 2.1
      vertex 27.8959 -75.0652 2.1
      vertex 29.206 -82.7016 2.1
    endloop
  endfacet
  facet normal -0 0 1
    outer loop
      vertex 25.8965 -76.1231 2.1
      vertex 29.206 -82.7016 2.1
      vertex 27.8959 -75.0652 2.1
    endloop
  endfacet
  facet normal 0 0 1
    outer loop
      vertex 29.206 -82.7016 2.1
      vertex 25.8965 -76.1231 2.1
      vertex 26.9135 -83.8026 2.1
    endloop
  endfacet
  facet normal -0 0 1
    outer loop
      vertex 23.8596 -77.1012 2.1
      vertex 26.9135 -83.8026 2.1
      vertex 25.8965 -76.1231 2.1
    endloop
  endfacet
  facet normal 0 0 1
    outer loop
      vertex 26.9135 -83.8026 2.1
      vertex 23.8596 -77.1012 2.1
      vertex 24.5811 -84.8128 2.1
    endloop
  endfacet
  facet normal -0 0 1
    outer loop
      vertex 21.7873 -77.9985 2.1
      vertex 24.5811 -84.8128 2.1
      vertex 23.8596 -77.1012 2.1
    endloop
  endfacet
  facet normal 0 0 1
    outer loop
      vertex 24.5811 -84.8128 2.1
      vertex 21.7873 -77.9985 2.1
      vertex 22.2111 -85.7312 2.1
    endloop
  endfacet
  facet normal -0 0 1
    outer loop
      vertex 19.6815 -78.8143 2.1
      vertex 22.2111 -85.7312 2.1
      vertex 21.7873 -77.9985 2.1
    endloop
  endfacet
  facet normal 0 0 1
    outer loop
      vertex 22.2111 -85.7312 2.1
      vertex 19.6815 -78.8143 2.1
      vertex 19.8055 -86.5569 2.1
    endloop
  endfacet
  facet normal -0 0 1
    outer loop
      vertex 17.5443 -79.5477 2.1
      vertex 19.8055 -86.5569 2.1
      vertex 19.6815 -78.8143 2.1
    endloop
  endfacet
  facet normal 0 0 1
    outer loop
      vertex 17.5443 -79.5477 2.1
      vertex 17.3669 -87.2891 2.1
      vertex 19.8055 -86.5569 2.1
    endloop
  endfacet
  facet normal -0 0 1
    outer loop
      vertex 15.3777 -80.1979 2.1
      vertex 17.3669 -87.2891 2.1
      vertex 17.5443 -79.5477 2.1
    endloop
  endfacet
  facet normal 0 0 1
    outer loop
      vertex 15.3777 -80.1979 2.1
      vertex 14.8973 -87.9266 2.1
      vertex 17.3669 -87.2891 2.1
    endloop
  endfacet
  facet normal -0 0 1
    outer loop
      vertex 13.1836 -80.7641 2.1
      vertex 14.8973 -87.9266 2.1
      vertex 15.3777 -80.1979 2.1
    endloop
  endfacet
  facet normal 0 0 1
    outer loop
      vertex 13.1836 -80.7641 2.1
      vertex 12.3991 -88.4686 2.1
      vertex 14.8973 -87.9266 2.1
    endloop
  endfacet
  facet normal -0 0 1
    outer loop
      vertex 10.9643 -81.2454 2.1
      vertex 12.3991 -88.4686 2.1
      vertex 13.1836 -80.7641 2.1
    endloop
  endfacet
  facet normal 0 0 1
    outer loop
      vertex 10.9643 -81.2454 2.1
      vertex 9.8745 -88.9142 2.1
      vertex 12.3991 -88.4686 2.1
    endloop
  endfacet
  facet normal -0 0 1
    outer loop
      vertex 8.72154 -81.6411 2.1
      vertex 9.8745 -88.9142 2.1
      vertex 10.9643 -81.2454 2.1
    endloop
  endfacet
  facet normal 0 0 1
    outer loop
      vertex 8.72154 -81.6411 2.1
      vertex 7.32574 -89.2624 2.1
      vertex 9.8745 -88.9142 2.1
    endloop
  endfacet
  facet normal -0 0 1
    outer loop
      vertex 6.45744 -81.9502 2.1
      vertex 7.32574 -89.2624 2.1
      vertex 8.72154 -81.6411 2.1
    endloop
  endfacet
  facet normal 0 0 1
    outer loop
      vertex 6.45744 -81.9502 2.1
      vertex 4.75517 -89.5123 2.1
      vertex 7.32574 -89.2624 2.1
    endloop
  endfacet
  facet normal -0 0 1
    outer loop
      vertex 4.17404 -82.1721 2.1
      vertex 4.75517 -89.5123 2.1
      vertex 6.45744 -81.9502 2.1
    endloop
  endfacet
  facet normal 0 0 1
    outer loop
      vertex 4.17404 -82.1721 2.1
      vertex 2.16492 -89.6629 2.1
      vertex 4.75517 -89.5123 2.1
    endloop
  endfacet
  facet normal -0 0 1
    outer loop
      vertex 1.87332 -82.3058 2.1
      vertex 2.16492 -89.6629 2.1
      vertex 4.17404 -82.1721 2.1
    endloop
  endfacet
  facet normal -0 0 1
    outer loop
      vertex -0.442657 -82.3506 2.1
      vertex 2.16492 -89.6629 2.1
      vertex 1.87332 -82.3058 2.1
    endloop
  endfacet
  facet normal 0 0 1
    outer loop
      vertex -0.442657 -82.3506 2.1
      vertex -0.442657 -89.7133 2.1
      vertex 2.16492 -89.6629 2.1
    endloop
  endfacet
  facet normal 0 0 1
    outer loop
      vertex -2.75864 -82.3058 2.1
      vertex -0.442657 -89.7133 2.1
      vertex -0.442657 -82.3506 2.1
    endloop
  endfacet
  facet normal 0 0 1
    outer loop
      vertex -2.75864 -82.3058 2.1
      vertex -3.05023 -89.6629 2.1
      vertex -0.442657 -89.7133 2.1
    endloop
  endfacet
  facet normal 0 0 1
    outer loop
      vertex -5.05936 -82.1721 2.1
      vertex -3.05023 -89.6629 2.1
      vertex -2.75864 -82.3058 2.1
    endloop
  endfacet
  facet normal 0 0 1
    outer loop
      vertex -5.05936 -82.1721 2.1
      vertex -5.64049 -89.5124 2.1
      vertex -3.05023 -89.6629 2.1
    endloop
  endfacet
  facet normal 0 0 1
    outer loop
      vertex -7.34276 -81.9502 2.1
      vertex -5.64049 -89.5124 2.1
      vertex -5.05936 -82.1721 2.1
    endloop
  endfacet
  facet normal 0 0 1
    outer loop
      vertex -7.34276 -81.9502 2.1
      vertex -8.21106 -89.2628 2.1
      vertex -5.64049 -89.5124 2.1
    endloop
  endfacet
  facet normal 0 0 1
    outer loop
      vertex -9.60686 -81.6411 2.1
      vertex -8.21106 -89.2628 2.1
      vertex -7.34276 -81.9502 2.1
    endloop
  endfacet
  facet normal 0 0 1
    outer loop
      vertex -9.60686 -81.6411 2.1
      vertex -10.7598 -88.9148 2.1
      vertex -8.21106 -89.2628 2.1
    endloop
  endfacet
  facet normal 0 0 1
    outer loop
      vertex -11.8496 -81.2454 2.1
      vertex -10.7598 -88.9148 2.1
      vertex -9.60686 -81.6411 2.1
    endloop
  endfacet
  facet normal 0 0 1
    outer loop
      vertex -11.8496 -81.2454 2.1
      vertex -13.2845 -88.4696 2.1
      vertex -10.7598 -88.9148 2.1
    endloop
  endfacet
  facet normal 0 0 1
    outer loop
      vertex -14.069 -80.7641 2.1
      vertex -13.2845 -88.4696 2.1
      vertex -11.8496 -81.2454 2.1
    endloop
  endfacet
  facet normal 0 0 1
    outer loop
      vertex -14.069 -80.7641 2.1
      vertex -15.7826 -87.9278 2.1
      vertex -13.2845 -88.4696 2.1
    endloop
  endfacet
  facet normal 0 0 1
    outer loop
      vertex -16.263 -80.1979 2.1
      vertex -15.7826 -87.9278 2.1
      vertex -14.069 -80.7641 2.1
    endloop
  endfacet
  facet normal 0 0 1
    outer loop
      vertex -16.263 -80.1979 2.1
      vertex -18.2522 -87.2906 2.1
      vertex -15.7826 -87.9278 2.1
    endloop
  endfacet
  facet normal 0 0 1
    outer loop
      vertex -18.4296 -79.5477 2.1
      vertex -18.2522 -87.2906 2.1
      vertex -16.263 -80.1979 2.1
    endloop
  endfacet
  facet normal 0 0 1
    outer loop
      vertex -20.6908 -86.5588 2.1
      vertex -18.4296 -79.5477 2.1
      vertex -20.5668 -78.8143 2.1
    endloop
  endfacet
  facet normal 0 0 1
    outer loop
      vertex -18.4296 -79.5477 2.1
      vertex -20.6908 -86.5588 2.1
      vertex -18.2522 -87.2906 2.1
    endloop
  endfacet
  facet normal 0 0 1
    outer loop
      vertex -23.0964 -85.7334 2.1
      vertex -20.5668 -78.8143 2.1
      vertex -22.6726 -77.9985 2.1
    endloop
  endfacet
  facet normal 0 0 1
    outer loop
      vertex -20.5668 -78.8143 2.1
      vertex -23.0964 -85.7334 2.1
      vertex -20.6908 -86.5588 2.1
    endloop
  endfacet
  facet normal 0 0 1
    outer loop
      vertex -25.4665 -84.8152 2.1
      vertex -22.6726 -77.9985 2.1
      vertex -24.7449 -77.1012 2.1
    endloop
  endfacet
  facet normal 0 0 1
    outer loop
      vertex -22.6726 -77.9985 2.1
      vertex -25.4665 -84.8152 2.1
      vertex -23.0964 -85.7334 2.1
    endloop
  endfacet
  facet normal 0 0 1
    outer loop
      vertex -27.7988 -83.8053 2.1
      vertex -24.7449 -77.1012 2.1
      vertex -26.7818 -76.1231 2.1
    endloop
  endfacet
  facet normal 0 0 1
    outer loop
      vertex -24.7449 -77.1012 2.1
      vertex -27.7988 -83.8053 2.1
      vertex -25.4665 -84.8152 2.1
    endloop
  endfacet
  facet normal 0 0 1
    outer loop
      vertex -30.0913 -82.7043 2.1
      vertex -26.7818 -76.1231 2.1
      vertex -28.7812 -75.0652 2.1
    endloop
  endfacet
  facet normal 0 0 1
    outer loop
      vertex -26.7818 -76.1231 2.1
      vertex -30.0913 -82.7043 2.1
      vertex -27.7988 -83.8053 2.1
    endloop
  endfacet
  facet normal 0 0 1
    outer loop
      vertex -32.3416 -81.5135 2.1
      vertex -28.7812 -75.0652 2.1
      vertex -30.7411 -73.9282 2.1
    endloop
  endfacet
  facet normal 0 0 1
    outer loop
      vertex -28.7812 -75.0652 2.1
      vertex -32.3416 -81.5135 2.1
      vertex -30.0913 -82.7043 2.1
    endloop
  endfacet
  facet normal 0 0 1
    outer loop
      vertex -34.5475 -80.2337 2.1
      vertex -30.7411 -73.9282 2.1
      vertex -32.6595 -72.7128 2.1
    endloop
  endfacet
  facet normal 0 0 1
    outer loop
      vertex -36.7066 -78.8658 2.1
      vertex -32.6595 -72.7128 2.1
      vertex -34.5345 -71.4201 2.1
    endloop
  endfacet
  facet normal 0 0 1
    outer loop
      vertex -30.7411 -73.9282 2.1
      vertex -34.5475 -80.2337 2.1
      vertex -32.3416 -81.5135 2.1
    endloop
  endfacet
  facet normal 0 0 1
    outer loop
      vertex -38.8168 -77.4106 2.1
      vertex -34.5345 -71.4201 2.1
      vertex -36.3638 -70.0507 2.1
    endloop
  endfacet
  facet normal 0 0 1
    outer loop
      vertex -32.6595 -72.7128 2.1
      vertex -36.7066 -78.8658 2.1
      vertex -34.5475 -80.2337 2.1
    endloop
  endfacet
  facet normal 0 0 1
    outer loop
      vertex -40.8758 -75.8692 2.1
      vertex -36.3638 -70.0507 2.1
      vertex -38.1456 -68.6055 2.1
    endloop
  endfacet
  facet normal 0 0 1
    outer loop
      vertex -34.5345 -71.4201 2.1
      vertex -38.8168 -77.4106 2.1
      vertex -36.7066 -78.8658 2.1
    endloop
  endfacet
  facet normal 0 0 1
    outer loop
      vertex -42.8813 -74.2425 2.1
      vertex -38.1456 -68.6055 2.1
      vertex -39.8779 -67.0854 2.1
    endloop
  endfacet
  facet normal 0 0 1
    outer loop
      vertex -36.3638 -70.0507 2.1
      vertex -40.8758 -75.8692 2.1
      vertex -38.8168 -77.4106 2.1
    endloop
  endfacet
  facet normal 0 0 1
    outer loop
      vertex -44.8311 -72.5314 2.1
      vertex -39.8779 -67.0854 2.1
      vertex -41.5585 -65.491 2.1
    endloop
  endfacet
  facet normal 0 0 1
    outer loop
      vertex -38.1456 -68.6055 2.1
      vertex -42.8813 -74.2425 2.1
      vertex -40.8758 -75.8692 2.1
    endloop
  endfacet
  facet normal 0 0 1
    outer loop
      vertex -46.7229 -70.7367 2.1
      vertex -41.5585 -65.491 2.1
      vertex -43.0353 -63.9805 2.1
    endloop
  endfacet
  facet normal 0 0 1
    outer loop
      vertex -48.4879 -68.9267 2.1
      vertex -43.0353 -63.9805 2.1
      vertex -44.4511 -62.4217 2.1
    endloop
  endfacet
  facet normal 0 0 1
    outer loop
      vertex -39.8779 -67.0854 2.1
      vertex -44.8311 -72.5314 2.1
      vertex -42.8813 -74.2425 2.1
    endloop
  endfacet
  facet normal 0 0 1
    outer loop
      vertex -50.1754 -67.0567 2.1
      vertex -44.4511 -62.4217 2.1
      vertex -45.8054 -60.8167 2.1
    endloop
  endfacet
  facet normal 0 0 1
    outer loop
      vertex -41.5585 -65.491 2.1
      vertex -46.7229 -70.7367 2.1
      vertex -44.8311 -72.5314 2.1
    endloop
  endfacet
  facet normal 0 0 1
    outer loop
      vertex -51.7847 -65.1296 2.1
      vertex -45.8054 -60.8167 2.1
      vertex -47.0976 -59.1674 2.1
    endloop
  endfacet
  facet normal 0 0 1
    outer loop
      vertex -53.3148 -63.1475 2.1
      vertex -47.0976 -59.1674 2.1
      vertex -48.327 -57.476 2.1
    endloop
  endfacet
  facet normal 0 0 1
    outer loop
      vertex -43.0353 -63.9805 2.1
      vertex -48.4879 -68.9267 2.1
      vertex -46.7229 -70.7367 2.1
    endloop
  endfacet
  facet normal 0 0 1
    outer loop
      vertex -54.7649 -61.1131 2.1
      vertex -48.327 -57.476 2.1
      vertex -49.493 -55.7443 2.1
    endloop
  endfacet
  facet normal 0 0 1
    outer loop
      vertex -44.4511 -62.4217 2.1
      vertex -50.1754 -67.0567 2.1
      vertex -48.4879 -68.9267 2.1
    endloop
  endfacet
  facet normal 0 0 1
    outer loop
      vertex -56.134 -59.0289 2.1
      vertex -49.493 -55.7443 2.1
      vertex -50.5948 -53.9745 2.1
    endloop
  endfacet
  facet normal 0 0 1
    outer loop
      vertex -57.4214 -56.8975 2.1
      vertex -50.5948 -53.9745 2.1
      vertex -51.6319 -52.1685 2.1
    endloop
  endfacet
  facet normal 0 0 1
    outer loop
      vertex -45.8054 -60.8167 2.1
      vertex -51.7847 -65.1296 2.1
      vertex -50.1754 -67.0567 2.1
    endloop
  endfacet
  facet normal 0 0 1
    outer loop
      vertex -58.626 -54.7212 2.1
      vertex -51.6319 -52.1685 2.1
      vertex -52.6038 -50.3283 2.1
    endloop
  endfacet
  facet normal 0 0 1
    outer loop
      vertex -47.0976 -59.1674 2.1
      vertex -53.3148 -63.1475 2.1
      vertex -51.7847 -65.1296 2.1
    endloop
  endfacet
  facet normal 0 0 1
    outer loop
      vertex -59.7471 -52.5028 2.1
      vertex -52.6038 -50.3283 2.1
      vertex -53.5095 -48.4559 2.1
    endloop
  endfacet
  facet normal 0 0 1
    outer loop
      vertex -60.7837 -50.2445 2.1
      vertex -53.5095 -48.4559 2.1
      vertex -54.3487 -46.5534 2.1
    endloop
  endfacet
  facet normal 0 0 1
    outer loop
      vertex -48.327 -57.476 2.1
      vertex -54.7649 -61.1131 2.1
      vertex -53.3148 -63.1475 2.1
    endloop
  endfacet
  facet normal 0 0 1
    outer loop
      vertex -61.7349 -47.9491 2.1
      vertex -54.3487 -46.5534 2.1
      vertex -55.1205 -44.6227 2.1
    endloop
  endfacet
  facet normal 0 0 1
    outer loop
      vertex -62.5999 -45.6188 2.1
      vertex -55.1205 -44.6227 2.1
      vertex -55.8244 -42.6658 2.1
    endloop
  endfacet
  facet normal 0 0 1
    outer loop
      vertex -49.493 -55.7443 2.1
      vertex -56.134 -59.0289 2.1
      vertex -54.7649 -61.1131 2.1
    endloop
  endfacet
  facet normal 0 0 1
    outer loop
      vertex -63.3778 -43.2564 2.1
      vertex -55.8244 -42.6658 2.1
      vertex -56.4598 -40.6848 2.1
    endloop
  endfacet
  facet normal 0 0 1
    outer loop
      vertex -64.0676 -40.8643 2.1
      vertex -56.4598 -40.6848 2.1
      vertex -57.026 -38.6817 2.1
    endloop
  endfacet
  facet normal 0 0 1
    outer loop
      vertex -50.5948 -53.9745 2.1
      vertex -57.4214 -56.8975 2.1
      vertex -56.134 -59.0289 2.1
    endloop
  endfacet
  facet normal -0 0 1
    outer loop
      vertex -64.6686 -38.4449 2.1
      vertex -57.026 -38.6817 2.1
      vertex -57.5224 -36.6583 2.1
    endloop
  endfacet
  facet normal -0 0 1
    outer loop
      vertex -65.1797 -36.0009 2.1
      vertex -57.5224 -36.6583 2.1
      vertex -57.9482 -34.6169 2.1
    endloop
  endfacet
  facet normal 0 0 1
    outer loop
      vertex -65.1797 -36.0009 2.1
      vertex -57.9482 -34.6169 2.1
      vertex -58.303 -32.5594 2.1
    endloop
  endfacet
  facet normal 0 0 1
    outer loop
      vertex -65.6003 -33.5347 2.1
      vertex -58.303 -32.5594 2.1
      vertex -58.586 -30.4878 2.1
    endloop
  endfacet
  facet normal 0 0 1
    outer loop
      vertex -51.6319 -52.1685 2.1
      vertex -58.626 -54.7212 2.1
      vertex -57.4214 -56.8975 2.1
    endloop
  endfacet
  facet normal 0 0 1
    outer loop
      vertex -65.9292 -31.0489 2.1
      vertex -58.586 -30.4878 2.1
      vertex -58.7965 -28.4039 2.1
    endloop
  endfacet
  facet normal 0 0 1
    outer loop
      vertex -52.6038 -50.3283 2.1
      vertex -59.7471 -52.5028 2.1
      vertex -58.626 -54.7212 2.1
    endloop
  endfacet
  facet normal 0 0 1
    outer loop
      vertex 47.8199 29.9691 2.1
      vertex 50.2769 0.888351 2.1
      vertex 56.6345 2.96049 2.1
    endloop
  endfacet
  facet normal 0 0 1
    outer loop
      vertex 48.2716 30.0464 2.1
      vertex 46.8359 37.3838 2.1
      vertex 48.0454 30.0087 2.1
    endloop
  endfacet
  facet normal 0 0 1
    outer loop
      vertex 48.0454 30.0087 2.1
      vertex 46.8359 37.3838 2.1
      vertex 47.8199 29.9691 2.1
    endloop
  endfacet
  facet normal -0 0 1
    outer loop
      vertex 46.4946 37.3238 2.1
      vertex 47.8199 29.9691 2.1
      vertex 46.8359 37.3838 2.1
    endloop
  endfacet
  facet normal -0 0 1
    outer loop
      vertex 46.1546 37.2604 2.1
      vertex 47.8199 29.9691 2.1
      vertex 46.4946 37.3238 2.1
    endloop
  endfacet
  facet normal -0 0 1
    outer loop
      vertex 45.8157 37.1934 2.1
      vertex 47.8199 29.9691 2.1
      vertex 46.1546 37.2604 2.1
    endloop
  endfacet
  facet normal -0 0 1
    outer loop
      vertex 45.4783 37.123 2.1
      vertex 47.8199 29.9691 2.1
      vertex 45.8157 37.1934 2.1
    endloop
  endfacet
  facet normal 0 0 1
    outer loop
      vertex 47.8199 29.9691 2.1
      vertex 45.4783 37.123 2.1
      vertex 41.4046 27.9227 2.1
    endloop
  endfacet
  facet normal 0 0 1
    outer loop
      vertex 47.8199 29.9691 2.1
      vertex 41.4046 27.9227 2.1
      vertex 50.2769 0.888351 2.1
    endloop
  endfacet
  facet normal -0 0 1
    outer loop
      vertex 39.0565 35.0641 2.1
      vertex 41.4046 27.9227 2.1
      vertex 45.4783 37.123 2.1
    endloop
  endfacet
  facet normal -0 0 1
    outer loop
      vertex 37.3122 34.2404 2.1
      vertex 41.4046 27.9227 2.1
      vertex 39.0565 35.0641 2.1
    endloop
  endfacet
  facet normal 0 0 1
    outer loop
      vertex 45.4783 37.123 2.1
      vertex 35.1817 46.8683 2.1
      vertex 39.0565 35.0641 2.1
    endloop
  endfacet
  facet normal -0 0 1
    outer loop
      vertex 33.7318 51.2885 2.1
      vertex 45.4783 37.123 2.1
      vertex 34.322 71.3103 2.1
    endloop
  endfacet
  facet normal 0 0 1
    outer loop
      vertex 45.4783 37.123 2.1
      vertex 33.7318 51.2885 2.1
      vertex 35.1817 46.8683 2.1
    endloop
  endfacet
  facet normal 0 0 1
    outer loop
      vertex -19.1562 4.37956 2.1
      vertex -26.5291 5.41792 2.1
      vertex -26.5082 4.37857 2.1
    endloop
  endfacet
  facet normal 0 0 1
    outer loop
      vertex -24.5772 22.5862 2.1
      vertex -26.5914 6.45079 2.1
      vertex -26.5291 5.41792 2.1
    endloop
  endfacet
  facet normal 0 0 1
    outer loop
      vertex -32.0805 20.454 2.1
      vertex -25.5624 24.0175 2.1
      vertex -26.6214 25.3973 2.1
    endloop
  endfacet
  facet normal 0 0 1
    outer loop
      vertex -24.5772 22.5862 2.1
      vertex -26.6946 7.4761 2.1
      vertex -26.5914 6.45079 2.1
    endloop
  endfacet
  facet normal 0 0 1
    outer loop
      vertex -24.5772 22.5862 2.1
      vertex -26.838 8.49295 2.1
      vertex -26.6946 7.4761 2.1
    endloop
  endfacet
  facet normal 0 0 1
    outer loop
      vertex -24.5772 22.5862 2.1
      vertex -27.021 9.50018 2.1
      vertex -26.838 8.49295 2.1
    endloop
  endfacet
  facet normal 0 0 1
    outer loop
      vertex -24.5772 22.5862 2.1
      vertex -27.243 10.4967 2.1
      vertex -27.021 9.50018 2.1
    endloop
  endfacet
  facet normal 0 0 1
    outer loop
      vertex -24.5772 22.5862 2.1
      vertex -27.5033 11.4815 2.1
      vertex -27.243 10.4967 2.1
    endloop
  endfacet
  facet normal 0 0 1
    outer loop
      vertex -32.722 21.2405 2.1
      vertex -26.6214 25.3973 2.1
      vertex -27.7525 26.7225 2.1
    endloop
  endfacet
  facet normal 0 0 1
    outer loop
      vertex -24.5772 22.5862 2.1
      vertex -27.8013 12.4536 2.1
      vertex -27.5033 11.4815 2.1
    endloop
  endfacet
  facet normal 0 0 1
    outer loop
      vertex -24.5772 22.5862 2.1
      vertex -28.1364 13.4118 2.1
      vertex -27.8013 12.4536 2.1
    endloop
  endfacet
  facet normal 0 0 1
    outer loop
      vertex -24.5772 22.5862 2.1
      vertex -28.5081 14.3553 2.1
      vertex -28.1364 13.4118 2.1
    endloop
  endfacet
  facet normal 0 0 1
    outer loop
      vertex -24.5772 22.5862 2.1
      vertex -28.9157 15.2827 2.1
      vertex -28.5081 14.3553 2.1
    endloop
  endfacet
  facet normal 0 0 1
    outer loop
      vertex -33.3946 22.0026 2.1
      vertex -27.7525 26.7225 2.1
      vertex -28.9536 27.9899 2.1
    endloop
  endfacet
  facet normal 0 0 1
    outer loop
      vertex -24.5772 22.5862 2.1
      vertex -29.3586 16.1932 2.1
      vertex -28.9157 15.2827 2.1
    endloop
  endfacet
  facet normal 0 0 1
    outer loop
      vertex -24.5772 22.5862 2.1
      vertex -29.8361 17.0856 2.1
      vertex -29.3586 16.1932 2.1
    endloop
  endfacet
  facet normal 0 0 1
    outer loop
      vertex -34.0975 22.7393 2.1
      vertex -28.9536 27.9899 2.1
      vertex -30.223 29.1962 2.1
    endloop
  endfacet
  facet normal 0 0 1
    outer loop
      vertex -24.5772 22.5862 2.1
      vertex -30.3477 17.959 2.1
      vertex -29.8361 17.0856 2.1
    endloop
  endfacet
  facet normal 0 0 1
    outer loop
      vertex -24.5772 22.5862 2.1
      vertex -30.8926 18.8122 2.1
      vertex -30.3477 17.959 2.1
    endloop
  endfacet
  facet normal 0 0 1
    outer loop
      vertex -25.5624 24.0175 2.1
      vertex -31.4704 19.6442 2.1
      vertex -30.8926 18.8122 2.1
    endloop
  endfacet
  facet normal 0 0 1
    outer loop
      vertex -34.0975 22.7393 2.1
      vertex -30.223 29.1962 2.1
      vertex -31.5588 30.338 2.1
    endloop
  endfacet
  facet normal 0 0 1
    outer loop
      vertex -25.5624 24.0175 2.1
      vertex -32.0805 20.454 2.1
      vertex -31.4704 19.6442 2.1
    endloop
  endfacet
  facet normal 0 0 1
    outer loop
      vertex -26.6214 25.3973 2.1
      vertex -32.722 21.2405 2.1
      vertex -32.0805 20.454 2.1
    endloop
  endfacet
  facet normal 0 0 1
    outer loop
      vertex -34.0975 22.7393 2.1
      vertex -31.5588 30.338 2.1
      vertex -32.9589 31.4123 2.1
    endloop
  endfacet
  facet normal 0 0 1
    outer loop
      vertex -27.7525 26.7225 2.1
      vertex -33.3946 22.0026 2.1
      vertex -32.722 21.2405 2.1
    endloop
  endfacet
  facet normal 0 0 1
    outer loop
      vertex -28.9536 27.9899 2.1
      vertex -34.0975 22.7393 2.1
      vertex -33.3946 22.0026 2.1
    endloop
  endfacet
  facet normal -0 0 1
    outer loop
      vertex -41.4495 10.9804 2.1
      vertex -34.0975 10.98 2.1
      vertex -34.0975 22.7393 2.1
    endloop
  endfacet
  facet normal 0 0 1
    outer loop
      vertex -34.0975 10.98 2.1
      vertex -41.4495 10.9804 2.1
      vertex -34.11 10.507 2.1
    endloop
  endfacet
  facet normal -0 0 1
    outer loop
      vertex -41.452 10.8892 2.1
      vertex -34.11 10.507 2.1
      vertex -41.4495 10.9804 2.1
    endloop
  endfacet
  facet normal 0 0 1
    outer loop
      vertex -34.11 10.507 2.1
      vertex -41.452 10.8892 2.1
      vertex -34.1473 10.0378 2.1
    endloop
  endfacet
  facet normal -0 0 1
    outer loop
      vertex -41.4592 10.7987 2.1
      vertex -34.1473 10.0378 2.1
      vertex -41.452 10.8892 2.1
    endloop
  endfacet
  facet normal 0 0 1
    outer loop
      vertex -34.4217 32.4156 2.1
      vertex -34.0975 22.7393 2.1
      vertex -32.9589 31.4123 2.1
    endloop
  endfacet
  facet normal -0 0 1
    outer loop
      vertex -41.4495 30.1558 2.1
      vertex -34.0975 22.7393 2.1
      vertex -34.4217 32.4156 2.1
    endloop
  endfacet
  facet normal 0 0 1
    outer loop
      vertex -34.1473 10.0378 2.1
      vertex -41.4592 10.7987 2.1
      vertex -34.2088 9.57281 2.1
    endloop
  endfacet
  facet normal -0 0 1
    outer loop
      vertex -41.4711 10.709 2.1
      vertex -34.2088 9.57281 2.1
      vertex -41.4592 10.7987 2.1
    endloop
  endfacet
  facet normal 0 0 1
    outer loop
      vertex -34.2088 9.57281 2.1
      vertex -41.4711 10.709 2.1
      vertex -34.294 9.11322 2.1
    endloop
  endfacet
  facet normal -0 0 1
    outer loop
      vertex -41.4877 10.6203 2.1
      vertex -34.294 9.11322 2.1
      vertex -41.4711 10.709 2.1
    endloop
  endfacet
  facet normal 0 0 1
    outer loop
      vertex -34.294 9.11322 2.1
      vertex -41.4877 10.6203 2.1
      vertex -34.4025 8.65973 2.1
    endloop
  endfacet
  facet normal -0 0 1
    outer loop
      vertex -41.5087 10.5327 2.1
      vertex -34.4025 8.65973 2.1
      vertex -41.4877 10.6203 2.1
    endloop
  endfacet
  facet normal 0 0 1
    outer loop
      vertex -34.4025 8.65973 2.1
      vertex -41.5087 10.5327 2.1
      vertex -34.5337 8.21333 2.1
    endloop
  endfacet
  facet normal 0 0 1
    outer loop
      vertex -41.4495 30.1558 2.1
      vertex -34.4217 32.4156 2.1
      vertex -35.9451 33.3449 2.1
    endloop
  endfacet
  facet normal -0 0 1
    outer loop
      vertex -41.5342 10.4465 2.1
      vertex -34.5337 8.21333 2.1
      vertex -41.5087 10.5327 2.1
    endloop
  endfacet
  facet normal 0 0 1
    outer loop
      vertex -41.4495 30.1558 2.1
      vertex -35.9451 33.3449 2.1
      vertex -36.1173 33.438 2.1
    endloop
  endfacet
  facet normal 0 0 1
    outer loop
      vertex -41.4495 30.1558 2.1
      vertex -36.1173 33.438 2.1
      vertex -36.2931 33.5213 2.1
    endloop
  endfacet
  facet normal 0 0 1
    outer loop
      vertex -34.5337 8.21333 2.1
      vertex -41.5342 10.4465 2.1
      vertex -34.6871 7.77487 2.1
    endloop
  endfacet
  facet normal 0 0 1
    outer loop
      vertex -41.4495 30.1558 2.1
      vertex -36.2931 33.5213 2.1
      vertex -36.4721 33.5947 2.1
    endloop
  endfacet
  facet normal 0 0 1
    outer loop
      vertex -41.4495 30.1558 2.1
      vertex -36.4721 33.5947 2.1
      vertex -36.6538 33.6583 2.1
    endloop
  endfacet
  facet normal -0 0 1
    outer loop
      vertex -41.5639 10.3618 2.1
      vertex -34.6871 7.77487 2.1
      vertex -41.5342 10.4465 2.1
    endloop
  endfacet
  facet normal 0 0 1
    outer loop
      vertex -41.4495 30.1558 2.1
      vertex -36.6538 33.6583 2.1
      vertex -36.8378 33.7119 2.1
    endloop
  endfacet
  facet normal 0 0 1
    outer loop
      vertex -34.6871 7.77487 2.1
      vertex -41.5639 10.3618 2.1
      vertex -34.8624 7.34518 2.1
    endloop
  endfacet
  facet normal 0 0 1
    outer loop
      vertex -41.4495 30.1558 2.1
      vertex -36.8378 33.7119 2.1
      vertex -37.0239 33.7557 2.1
    endloop
  endfacet
  facet normal 0 0 1
    outer loop
      vertex -41.4495 30.1558 2.1
      vertex -37.0239 33.7557 2.1
      vertex -37.2115 33.7896 2.1
    endloop
  endfacet
  facet normal -0 0 1
    outer loop
      vertex -41.5979 10.2788 2.1
      vertex -34.8624 7.34518 2.1
      vertex -41.5639 10.3618 2.1
    endloop
  endfacet
  facet normal 0 0 1
    outer loop
      vertex -41.4495 30.1558 2.1
      vertex -37.2115 33.7896 2.1
      vertex -37.4004 33.8137 2.1
    endloop
  endfacet
  facet normal 0 0 1
    outer loop
      vertex -41.4495 30.1558 2.1
      vertex -37.4004 33.8137 2.1
      vertex -37.59 33.828 2.1
    endloop
  endfacet
  facet normal 0 0 1
    outer loop
      vertex -34.8624 7.34518 2.1
      vertex -41.5979 10.2788 2.1
      vertex -35.059 6.92519 2.1
    endloop
  endfacet
  facet normal 0 0 1
    outer loop
      vertex -41.4495 30.1558 2.1
      vertex -37.59 33.828 2.1
      vertex -37.7799 33.8323 2.1
    endloop
  endfacet
  facet normal 0 0 1
    outer loop
      vertex -41.4495 30.1558 2.1
      vertex -37.7799 33.8323 2.1
      vertex -37.9699 33.8269 2.1
    endloop
  endfacet
  facet normal -0 0 1
    outer loop
      vertex -41.636 10.1975 2.1
      vertex -35.059 6.92519 2.1
      vertex -41.5979 10.2788 2.1
    endloop
  endfacet
  facet normal 0 0 1
    outer loop
      vertex -41.4495 30.1558 2.1
      vertex -37.9699 33.8269 2.1
      vertex -38.1595 33.8117 2.1
    endloop
  endfacet
  facet normal 0 0 1
    outer loop
      vertex -41.4495 30.1558 2.1
      vertex -38.1595 33.8117 2.1
      vertex -38.3483 33.7867 2.1
    endloop
  endfacet
  facet normal 0 0 1
    outer loop
      vertex -35.059 6.92519 2.1
      vertex -41.636 10.1975 2.1
      vertex -35.2763 6.51572 2.1
    endloop
  endfacet
  facet normal 0 0 1
    outer loop
      vertex -41.4495 30.1558 2.1
      vertex -38.3483 33.7867 2.1
      vertex -38.5359 33.7518 2.1
    endloop
  endfacet
  facet normal 0 0 1
    outer loop
      vertex -41.4495 30.1558 2.1
      vertex -38.5359 33.7518 2.1
      vertex -38.722 33.7073 2.1
    endloop
  endfacet
  facet normal 0 0 1
    outer loop
      vertex -41.4495 30.1558 2.1
      vertex -38.722 33.7073 2.1
      vertex -38.906 33.6529 2.1
    endloop
  endfacet
  facet normal 0 0 1
    outer loop
      vertex -41.4495 30.1558 2.1
      vertex -38.906 33.6529 2.1
      vertex -39.0878 33.5887 2.1
    endloop
  endfacet
  facet normal 0 0 1
    outer loop
      vertex -41.4495 30.1558 2.1
      vertex -39.0878 33.5887 2.1
      vertex -39.2667 33.5148 2.1
    endloop
  endfacet
  facet normal 0 0 1
    outer loop
      vertex -41.4495 30.1558 2.1
      vertex -39.2667 33.5148 2.1
      vertex -39.4424 33.4312 2.1
    endloop
  endfacet
  facet normal 0 0 1
    outer loop
      vertex -41.4495 30.1558 2.1
      vertex -39.4424 33.4312 2.1
      vertex -39.6147 33.3378 2.1
    endloop
  endfacet
  facet normal 0 0 1
    outer loop
      vertex -41.4495 30.1558 2.1
      vertex -39.6147 33.3378 2.1
      vertex -39.7817 33.2355 2.1
    endloop
  endfacet
  facet normal 0 0 1
    outer loop
      vertex -41.4495 30.1558 2.1
      vertex -39.7817 33.2355 2.1
      vertex -39.942 33.1252 2.1
    endloop
  endfacet
  facet normal 0 0 1
    outer loop
      vertex -41.4495 30.1558 2.1
      vertex -39.942 33.1252 2.1
      vertex -40.0954 33.0072 2.1
    endloop
  endfacet
  facet normal 0 0 1
    outer loop
      vertex -41.4495 30.1558 2.1
      vertex -40.0954 33.0072 2.1
      vertex -40.2415 32.8818 2.1
    endloop
  endfacet
  facet normal 0 0 1
    outer loop
      vertex -41.4495 30.1558 2.1
      vertex -40.2415 32.8818 2.1
      vertex -40.3804 32.7495 2.1
    endloop
  endfacet
  facet normal 0 0 1
    outer loop
      vertex -41.4495 30.1558 2.1
      vertex -40.3804 32.7495 2.1
      vertex -40.5118 32.6105 2.1
    endloop
  endfacet
  facet normal 0 0 1
    outer loop
      vertex -41.4495 30.1558 2.1
      vertex -40.5118 32.6105 2.1
      vertex -40.6354 32.4651 2.1
    endloop
  endfacet
  facet normal 0 0 1
    outer loop
      vertex -41.4495 30.1558 2.1
      vertex -40.6354 32.4651 2.1
      vertex -40.7511 32.3138 2.1
    endloop
  endfacet
  facet normal 0 0 1
    outer loop
      vertex -41.4495 30.1558 2.1
      vertex -40.7511 32.3138 2.1
      vertex -40.8587 32.1568 2.1
    endloop
  endfacet
  facet normal 0 0 1
    outer loop
      vertex -41.4495 30.1558 2.1
      vertex -40.8587 32.1568 2.1
      vertex -40.9579 31.9946 2.1
    endloop
  endfacet
  facet normal 0 0 1
    outer loop
      vertex -41.4495 30.1558 2.1
      vertex -40.9579 31.9946 2.1
      vertex -41.0487 31.8274 2.1
    endloop
  endfacet
  facet normal 0 0 1
    outer loop
      vertex -41.4495 30.1558 2.1
      vertex -41.0487 31.8274 2.1
      vertex -41.1307 31.6556 2.1
    endloop
  endfacet
  facet normal 0 0 1
    outer loop
      vertex -41.4495 30.1558 2.1
      vertex -41.1307 31.6556 2.1
      vertex -41.2038 31.4794 2.1
    endloop
  endfacet
  facet normal 0 0 1
    outer loop
      vertex -41.4495 30.1558 2.1
      vertex -41.2038 31.4794 2.1
      vertex -41.2678 31.2994 2.1
    endloop
  endfacet
  facet normal 0 0 1
    outer loop
      vertex -41.4495 30.1558 2.1
      vertex -41.2678 31.2994 2.1
      vertex -41.3225 31.1158 2.1
    endloop
  endfacet
  facet normal 0 0 1
    outer loop
      vertex -41.4495 30.1558 2.1
      vertex -41.3225 31.1158 2.1
      vertex -41.3676 30.9289 2.1
    endloop
  endfacet
  facet normal 0 0 1
    outer loop
      vertex -41.4495 30.1558 2.1
      vertex -41.3676 30.9289 2.1
      vertex -41.4032 30.7391 2.1
    endloop
  endfacet
  facet normal 0 0 1
    outer loop
      vertex -41.4495 30.1558 2.1
      vertex -41.4032 30.7391 2.1
      vertex -41.4288 30.5468 2.1
    endloop
  endfacet
  facet normal 0 0 1
    outer loop
      vertex -41.4495 30.1558 2.1
      vertex -41.4288 30.5468 2.1
      vertex -41.4442 30.3522 2.1
    endloop
  endfacet
  facet normal 0 0 1
    outer loop
      vertex -34.0975 22.7393 2.1
      vertex -41.4495 30.1558 2.1
      vertex -41.4495 10.9804 2.1
    endloop
  endfacet
  facet normal -0 0 1
    outer loop
      vertex -41.678 10.1183 2.1
      vertex -35.2763 6.51572 2.1
      vertex -41.636 10.1975 2.1
    endloop
  endfacet
  facet normal 0 0 1
    outer loop
      vertex -35.2763 6.51572 2.1
      vertex -41.678 10.1183 2.1
      vertex -35.514 6.11761 2.1
    endloop
  endfacet
  facet normal -0 0 1
    outer loop
      vertex -41.724 10.0412 2.1
      vertex -35.514 6.11761 2.1
      vertex -41.678 10.1183 2.1
    endloop
  endfacet
  facet normal 0 0 1
    outer loop
      vertex -35.514 6.11761 2.1
      vertex -41.724 10.0412 2.1
      vertex -35.7715 5.73187 2.1
    endloop
  endfacet
  facet normal -0 0 1
    outer loop
      vertex -41.7738 9.96649 2.1
      vertex -35.7715 5.73187 2.1
      vertex -41.724 10.0412 2.1
    endloop
  endfacet
  facet normal 0 0 1
    outer loop
      vertex -35.7715 5.73187 2.1
      vertex -41.7738 9.96649 2.1
      vertex -36.0482 5.35918 2.1
    endloop
  endfacet
  facet normal -0 0 1
    outer loop
      vertex -41.8272 9.89424 2.1
      vertex -36.0482 5.35918 2.1
      vertex -41.7738 9.96649 2.1
    endloop
  endfacet
  facet normal 0 0 1
    outer loop
      vertex -36.0482 5.35918 2.1
      vertex -41.8272 9.89424 2.1
      vertex -36.3438 5.00052 2.1
    endloop
  endfacet
  facet normal -0 0 1
    outer loop
      vertex -41.8842 9.82466 2.1
      vertex -36.3438 5.00052 2.1
      vertex -41.8272 9.89424 2.1
    endloop
  endfacet
  facet normal 0 0 1
    outer loop
      vertex -36.3438 5.00052 2.1
      vertex -41.8842 9.82466 2.1
      vertex -36.6578 4.65681 2.1
    endloop
  endfacet
  facet normal -0 0 1
    outer loop
      vertex -41.9448 9.7579 2.1
      vertex -36.6578 4.65681 2.1
      vertex -41.8842 9.82466 2.1
    endloop
  endfacet
  facet normal 0 0 1
    outer loop
      vertex -36.6578 4.65681 2.1
      vertex -41.9448 9.7579 2.1
      vertex -36.9897 4.32875 2.1
    endloop
  endfacet
  facet normal -0 0 1
    outer loop
      vertex -42.0087 9.6942 2.1
      vertex -36.9897 4.32875 2.1
      vertex -41.9448 9.7579 2.1
    endloop
  endfacet
  facet normal 0 0 1
    outer loop
      vertex -36.9897 4.32875 2.1
      vertex -42.0087 9.6942 2.1
      vertex -37.3388 4.0174 2.1
    endloop
  endfacet
  facet normal -0 0 1
    outer loop
      vertex -42.0759 9.63362 2.1
      vertex -37.3388 4.0174 2.1
      vertex -42.0087 9.6942 2.1
    endloop
  endfacet
  facet normal 0 0 1
    outer loop
      vertex -37.3388 4.0174 2.1
      vertex -42.0759 9.63362 2.1
      vertex -37.7048 3.72351 2.1
    endloop
  endfacet
  facet normal -0 0 1
    outer loop
      vertex -42.1463 9.57648 2.1
      vertex -37.7048 3.72351 2.1
      vertex -42.0759 9.63362 2.1
    endloop
  endfacet
  facet normal 0 0 1
    outer loop
      vertex -37.7048 3.72351 2.1
      vertex -42.1463 9.57648 2.1
      vertex -38.0873 3.44801 2.1
    endloop
  endfacet
  facet normal -0 0 1
    outer loop
      vertex -42.2198 9.52277 2.1
      vertex -38.0873 3.44801 2.1
      vertex -42.1463 9.57648 2.1
    endloop
  endfacet
  facet normal 0 0 1
    outer loop
      vertex -38.0873 3.44801 2.1
      vertex -42.2198 9.52277 2.1
      vertex -38.4856 3.19182 2.1
    endloop
  endfacet
  facet normal -0 0 1
    outer loop
      vertex -42.2963 9.47272 2.1
      vertex -38.4856 3.19182 2.1
      vertex -42.2198 9.52277 2.1
    endloop
  endfacet
  facet normal 0 0 1
    outer loop
      vertex -42.2963 9.47272 2.1
      vertex -48.2626 -2.7424 2.1
      vertex -38.4856 3.19182 2.1
    endloop
  endfacet
  facet normal -0 0 1
    outer loop
      vertex -52.0733 3.53857 2.1
      vertex -48.2626 -2.7424 2.1
      vertex -42.2963 9.47272 2.1
    endloop
  endfacet
  facet normal 0 0 1
    outer loop
      vertex -48.2626 -2.7424 2.1
      vertex -52.0733 3.53857 2.1
      vertex -48.7006 -2.99074 2.1
    endloop
  endfacet
  facet normal -0 0 1
    outer loop
      vertex -52.1494 3.49562 2.1
      vertex -48.7006 -2.99074 2.1
      vertex -52.0733 3.53857 2.1
    endloop
  endfacet
  facet normal 0 0 1
    outer loop
      vertex -48.7006 -2.99074 2.1
      vertex -52.1494 3.49562 2.1
      vertex -49.1495 -3.2123 2.1
    endloop
  endfacet
  facet normal -0 0 1
    outer loop
      vertex -52.2272 3.45732 2.1
      vertex -49.1495 -3.2123 2.1
      vertex -52.1494 3.49562 2.1
    endloop
  endfacet
  facet normal 0 0 1
    outer loop
      vertex -49.1495 -3.2123 2.1
      vertex -52.2272 3.45732 2.1
      vertex -49.6082 -3.40692 2.1
    endloop
  endfacet
  facet normal -0 0 1
    outer loop
      vertex -52.3066 3.42368 2.1
      vertex -49.6082 -3.40692 2.1
      vertex -52.2272 3.45732 2.1
    endloop
  endfacet
  facet normal 0 0 1
    outer loop
      vertex -49.6082 -3.40692 2.1
      vertex -52.3066 3.42368 2.1
      vertex -50.0752 -3.57477 2.1
    endloop
  endfacet
  facet normal -0 0 1
    outer loop
      vertex -52.3875 3.39461 2.1
      vertex -50.0752 -3.57477 2.1
      vertex -52.3066 3.42368 2.1
    endloop
  endfacet
  facet normal 0 0 1
    outer loop
      vertex -50.0752 -3.57477 2.1
      vertex -52.3875 3.39461 2.1
      vertex -50.5495 -3.71584 2.1
    endloop
  endfacet
  facet normal -0 0 1
    outer loop
      vertex -52.4696 3.37012 2.1
      vertex -50.5495 -3.71584 2.1
      vertex -52.3875 3.39461 2.1
    endloop
  endfacet
  facet normal 0 0 1
    outer loop
      vertex -50.5495 -3.71584 2.1
      vertex -52.4696 3.37012 2.1
      vertex -51.0298 -3.83005 2.1
    endloop
  endfacet
  facet normal -0 0 1
    outer loop
      vertex -52.5526 3.35036 2.1
      vertex -51.0298 -3.83005 2.1
      vertex -52.4696 3.37012 2.1
    endloop
  endfacet
  facet normal 0 0 1
    outer loop
      vertex -51.0298 -3.83005 2.1
      vertex -52.5526 3.35036 2.1
      vertex -51.5147 -3.91756 2.1
    endloop
  endfacet
  facet normal -0 0 1
    outer loop
      vertex -52.6364 3.33517 2.1
      vertex -51.5147 -3.91756 2.1
      vertex -52.5526 3.35036 2.1
    endloop
  endfacet
  facet normal 0 0 1
    outer loop
      vertex -51.5147 -3.91756 2.1
      vertex -52.6364 3.33517 2.1
      vertex -52.0031 -3.97821 2.1
    endloop
  endfacet
  facet normal -0 0 1
    outer loop
      vertex -52.7208 3.32457 2.1
      vertex -52.0031 -3.97821 2.1
      vertex -52.6364 3.33517 2.1
    endloop
  endfacet
  facet normal 0 0 1
    outer loop
      vertex -52.0031 -3.97821 2.1
      vertex -52.7208 3.32457 2.1
      vertex -52.4936 -4.01208 2.1
    endloop
  endfacet
  facet normal -0 0 1
    outer loop
      vertex -52.8056 3.31862 2.1
      vertex -52.4936 -4.01208 2.1
      vertex -52.7208 3.32457 2.1
    endloop
  endfacet
  facet normal -0 0 1
    outer loop
      vertex -52.8905 3.31732 2.1
      vertex -52.4936 -4.01208 2.1
      vertex -52.8056 3.31862 2.1
    endloop
  endfacet
  facet normal 0 0 1
    outer loop
      vertex -52.9851 -4.01926 2.1
      vertex -52.8905 3.31732 2.1
      vertex -52.9753 3.3206 2.1
    endloop
  endfacet
  facet normal 0 0 1
    outer loop
      vertex -52.8905 3.31732 2.1
      vertex -52.9851 -4.01926 2.1
      vertex -52.4936 -4.01208 2.1
    endloop
  endfacet
  facet normal 0 0 1
    outer loop
      vertex -53.4762 -3.99957 2.1
      vertex -52.9753 3.3206 2.1
      vertex -53.0599 3.32854 2.1
    endloop
  endfacet
  facet normal 0 0 1
    outer loop
      vertex -53.9657 -3.95326 2.1
      vertex -53.0599 3.32854 2.1
      vertex -53.1441 3.34105 2.1
    endloop
  endfacet
  facet normal 0 0 1
    outer loop
      vertex -54.4524 -3.8801 2.1
      vertex -53.1441 3.34105 2.1
      vertex -53.2275 3.35822 2.1
    endloop
  endfacet
  facet normal 0 0 1
    outer loop
      vertex -54.9349 -3.7803 2.1
      vertex -53.2275 3.35822 2.1
      vertex -53.3102 3.38004 2.1
    endloop
  endfacet
  facet normal 0 0 1
    outer loop
      vertex -55.4121 -3.65373 2.1
      vertex -53.3102 3.38004 2.1
      vertex -53.3916 3.40651 2.1
    endloop
  endfacet
  facet normal 0 0 1
    outer loop
      vertex -55.8827 -3.50053 2.1
      vertex -53.3916 3.40651 2.1
      vertex -53.4719 3.43756 2.1
    endloop
  endfacet
  facet normal 0 0 1
    outer loop
      vertex -52.9753 3.3206 2.1
      vertex -53.4762 -3.99957 2.1
      vertex -52.9851 -4.01926 2.1
    endloop
  endfacet
  facet normal 0 0 1
    outer loop
      vertex -56.3455 -3.32056 2.1
      vertex -53.4719 3.43756 2.1
      vertex -53.5506 3.47319 2.1
    endloop
  endfacet
  facet normal 0 0 1
    outer loop
      vertex -56.7991 -3.11395 2.1
      vertex -53.5506 3.47319 2.1
      vertex -53.6276 3.51355 2.1
    endloop
  endfacet
  facet normal 0 0 1
    outer loop
      vertex -57.2423 -2.88065 2.1
      vertex -53.6276 3.51355 2.1
      vertex -53.7028 3.55849 2.1
    endloop
  endfacet
  facet normal 0 0 1
    outer loop
      vertex -53.0599 3.32854 2.1
      vertex -53.9657 -3.95326 2.1
      vertex -53.4762 -3.99957 2.1
    endloop
  endfacet
  facet normal 0 0 1
    outer loop
      vertex -53.1441 3.34105 2.1
      vertex -54.4524 -3.8801 2.1
      vertex -53.9657 -3.95326 2.1
    endloop
  endfacet
  facet normal 0 0 1
    outer loop
      vertex -53.2275 3.35822 2.1
      vertex -54.9349 -3.7803 2.1
      vertex -54.4524 -3.8801 2.1
    endloop
  endfacet
  facet normal 0 0 1
    outer loop
      vertex -53.3102 3.38004 2.1
      vertex -55.4121 -3.65373 2.1
      vertex -54.9349 -3.7803 2.1
    endloop
  endfacet
  facet normal 0 0 1
    outer loop
      vertex -53.3916 3.40651 2.1
      vertex -55.8827 -3.50053 2.1
      vertex -55.4121 -3.65373 2.1
    endloop
  endfacet
  facet normal 0 0 1
    outer loop
      vertex -53.4719 3.43756 2.1
      vertex -56.3455 -3.32056 2.1
      vertex -55.8827 -3.50053 2.1
    endloop
  endfacet
  facet normal 0 0 1
    outer loop
      vertex -53.5506 3.47319 2.1
      vertex -56.7991 -3.11395 2.1
      vertex -56.3455 -3.32056 2.1
    endloop
  endfacet
  facet normal 0 0 1
    outer loop
      vertex -53.6276 3.51355 2.1
      vertex -57.2423 -2.88065 2.1
      vertex -56.7991 -3.11395 2.1
    endloop
  endfacet
  facet normal 0 0 1
    outer loop
      vertex -53.7028 3.55849 2.1
      vertex -57.6739 -2.62071 2.1
      vertex -57.2423 -2.88065 2.1
    endloop
  endfacet
  facet normal 0 0 1
    outer loop
      vertex -62.9216 9.4734 2.1
      vertex -57.6739 -2.62071 2.1
      vertex -53.7028 3.55849 2.1
    endloop
  endfacet
  facet normal 0 0 1
    outer loop
      vertex -66.8927 3.2942 2.1
      vertex -62.9216 9.4734 2.1
      vertex -62.9857 9.5172 2.1
    endloop
  endfacet
  facet normal 0 0 1
    outer loop
      vertex -67.2671 3.54903 2.1
      vertex -62.9857 9.5172 2.1
      vertex -63.047 9.56374 2.1
    endloop
  endfacet
  facet normal 0 0 1
    outer loop
      vertex -67.6257 3.82033 2.1
      vertex -63.047 9.56374 2.1
      vertex -63.1055 9.61295 2.1
    endloop
  endfacet
  facet normal 0 0 1
    outer loop
      vertex -67.9683 4.10735 2.1
      vertex -63.1055 9.61295 2.1
      vertex -63.1612 9.66475 2.1
    endloop
  endfacet
  facet normal 0 0 1
    outer loop
      vertex -68.2944 4.40955 2.1
      vertex -63.1612 9.66475 2.1
      vertex -63.2139 9.71892 2.1
    endloop
  endfacet
  facet normal 0 0 1
    outer loop
      vertex -68.6037 4.72617 2.1
      vertex -63.2139 9.71892 2.1
      vertex -63.2636 9.77538 2.1
    endloop
  endfacet
  facet normal 0 0 1
    outer loop
      vertex -68.8958 5.05659 2.1
      vertex -63.2636 9.77538 2.1
      vertex -63.3103 9.83405 2.1
    endloop
  endfacet
  facet normal 0 0 1
    outer loop
      vertex -69.1704 5.40007 2.1
      vertex -63.3103 9.83405 2.1
      vertex -63.354 9.89478 2.1
    endloop
  endfacet
  facet normal 0 0 1
    outer loop
      vertex -69.427 5.75606 2.1
      vertex -63.354 9.89478 2.1
      vertex -63.3944 9.95749 2.1
    endloop
  endfacet
  facet normal 0 0 1
    outer loop
      vertex -69.6651 6.12387 2.1
      vertex -63.3944 9.95749 2.1
      vertex -63.4316 10.022 2.1
    endloop
  endfacet
  facet normal 0 0 1
    outer loop
      vertex -69.8846 6.50275 2.1
      vertex -63.4316 10.022 2.1
      vertex -63.4656 10.0883 2.1
    endloop
  endfacet
  facet normal 0 0 1
    outer loop
      vertex -69.1188 33.3329 2.1
      vertex -63.6197 30.3393 2.1
      vertex -63.6352 30.5331 2.1
    endloop
  endfacet
  facet normal 0 0 1
    outer loop
      vertex -69.1188 33.3329 2.1
      vertex -63.6352 30.5331 2.1
      vertex -63.6608 30.7247 2.1
    endloop
  endfacet
  facet normal 0 0 1
    outer loop
      vertex -69.1188 33.3329 2.1
      vertex -63.6608 30.7247 2.1
      vertex -63.6963 30.9138 2.1
    endloop
  endfacet
  facet normal 0 0 1
    outer loop
      vertex -69.1188 33.3329 2.1
      vertex -63.6963 30.9138 2.1
      vertex -63.7415 31.1001 2.1
    endloop
  endfacet
  facet normal 0 0 1
    outer loop
      vertex -69.1188 33.3329 2.1
      vertex -63.7415 31.1001 2.1
      vertex -63.7962 31.2834 2.1
    endloop
  endfacet
  facet normal 0 0 1
    outer loop
      vertex -69.1188 33.3329 2.1
      vertex -63.7962 31.2834 2.1
      vertex -63.8602 31.4631 2.1
    endloop
  endfacet
  facet normal 0 0 1
    outer loop
      vertex -69.1188 33.3329 2.1
      vertex -63.8602 31.4631 2.1
      vertex -63.9333 31.6389 2.1
    endloop
  endfacet
  facet normal 0 0 1
    outer loop
      vertex -69.1188 33.3329 2.1
      vertex -63.9333 31.6389 2.1
      vertex -64.0153 31.8106 2.1
    endloop
  endfacet
  facet normal 0 0 1
    outer loop
      vertex -69.1188 33.3329 2.1
      vertex -64.0153 31.8106 2.1
      vertex -64.1061 31.9778 2.1
    endloop
  endfacet
  facet normal 0 0 1
    outer loop
      vertex -69.1188 33.3329 2.1
      vertex -64.1061 31.9778 2.1
      vertex -64.2053 32.1401 2.1
    endloop
  endfacet
  facet normal 0 0 1
    outer loop
      vertex -63.6145 30.1438 2.1
      vertex -70.9665 22.7391 2.1
      vertex -63.6145 10.7438 2.1
    endloop
  endfacet
  facet normal 0 0 1
    outer loop
      vertex -69.1188 33.3329 2.1
      vertex -64.2053 32.1401 2.1
      vertex -64.3128 32.2972 2.1
    endloop
  endfacet
  facet normal 0 0 1
    outer loop
      vertex -69.1188 33.3329 2.1
      vertex -64.3128 32.2972 2.1
      vertex -64.4286 32.4488 2.1
    endloop
  endfacet
  facet normal 0 0 1
    outer loop
      vertex -69.1188 33.3329 2.1
      vertex -64.4286 32.4488 2.1
      vertex -64.5522 32.5944 2.1
    endloop
  endfacet
  facet normal 0 0 1
    outer loop
      vertex -69.1188 33.3329 2.1
      vertex -64.5522 32.5944 2.1
      vertex -64.6835 32.7339 2.1
    endloop
  endfacet
  facet normal 0 0 1
    outer loop
      vertex -69.1188 33.3329 2.1
      vertex -64.6835 32.7339 2.1
      vertex -64.8224 32.8668 2.1
    endloop
  endfacet
  facet normal 0 0 1
    outer loop
      vertex -69.1188 33.3329 2.1
      vertex -64.8224 32.8668 2.1
      vertex -64.9686 32.9928 2.1
    endloop
  endfacet
  facet normal 0 0 1
    outer loop
      vertex -69.1188 33.3329 2.1
      vertex -64.9686 32.9928 2.1
      vertex -65.1219 33.1115 2.1
    endloop
  endfacet
  facet normal 0 0 1
    outer loop
      vertex -69.1188 33.3329 2.1
      vertex -65.1219 33.1115 2.1
      vertex -65.2822 33.2226 2.1
    endloop
  endfacet
  facet normal 0 0 1
    outer loop
      vertex -69.1188 33.3329 2.1
      vertex -65.2822 33.2226 2.1
      vertex -65.4492 33.3258 2.1
    endloop
  endfacet
  facet normal -0 0 1
    outer loop
      vertex -70.9665 10.7553 2.1
      vertex -63.6145 10.7438 2.1
      vertex -70.9665 22.7391 2.1
    endloop
  endfacet
  facet normal -0 0 1
    outer loop
      vertex -69.1188 33.3329 2.1
      vertex -65.4492 33.3258 2.1
      vertex -65.6215 33.4191 2.1
    endloop
  endfacet
  facet normal 0 0 1
    outer loop
      vertex -69.1188 33.3329 2.1
      vertex -65.6215 33.4191 2.1
      vertex -65.7973 33.5026 2.1
    endloop
  endfacet
  facet normal 0 0 1
    outer loop
      vertex -69.1188 33.3329 2.1
      vertex -65.7973 33.5026 2.1
      vertex -65.9762 33.5765 2.1
    endloop
  endfacet
  facet normal 0 0 1
    outer loop
      vertex -69.1188 33.3329 2.1
      vertex -65.9762 33.5765 2.1
      vertex -66.1579 33.6406 2.1
    endloop
  endfacet
  facet normal 0 0 1
    outer loop
      vertex -69.1188 33.3329 2.1
      vertex -66.1579 33.6406 2.1
      vertex -66.342 33.6949 2.1
    endloop
  endfacet
  facet normal 0 0 1
    outer loop
      vertex -69.1188 33.3329 2.1
      vertex -66.342 33.6949 2.1
      vertex -66.528 33.7395 2.1
    endloop
  endfacet
  facet normal 0 0 1
    outer loop
      vertex -63.6145 10.7438 2.1
      vertex -70.9665 10.7553 2.1
      vertex -63.6125 10.6671 2.1
    endloop
  endfacet
  facet normal 0 0 1
    outer loop
      vertex -69.1188 33.3329 2.1
      vertex -66.528 33.7395 2.1
      vertex -66.7156 33.7742 2.1
    endloop
  endfacet
  facet normal 0 0 1
    outer loop
      vertex -62.9216 9.4734 2.1
      vertex -66.8927 3.2942 2.1
      vertex -57.6739 -2.62071 2.1
    endloop
  endfacet
  facet normal 0 0 1
    outer loop
      vertex -70.0851 6.892 2.1
      vertex -63.4656 10.0883 2.1
      vertex -63.4962 10.1562 2.1
    endloop
  endfacet
  facet normal 0 0 1
    outer loop
      vertex -70.266 7.29109 2.1
      vertex -63.4962 10.1562 2.1
      vertex -63.5235 10.2257 2.1
    endloop
  endfacet
  facet normal 0 0 1
    outer loop
      vertex -70.4271 7.69926 2.1
      vertex -63.5235 10.2257 2.1
      vertex -63.5473 10.2965 2.1
    endloop
  endfacet
  facet normal 0 0 1
    outer loop
      vertex -70.5679 8.11591 2.1
      vertex -63.5473 10.2965 2.1
      vertex -63.5676 10.3685 2.1
    endloop
  endfacet
  facet normal 0 0 1
    outer loop
      vertex -70.6881 8.54025 2.1
      vertex -63.5676 10.3685 2.1
      vertex -63.5843 10.4417 2.1
    endloop
  endfacet
  facet normal 0 0 1
    outer loop
      vertex -70.7873 8.97177 2.1
      vertex -63.5843 10.4417 2.1
      vertex -63.5974 10.516 2.1
    endloop
  endfacet
  facet normal 0 -0 1
    outer loop
      vertex -70.955 10.3021 2.1
      vertex -63.6125 10.6671 2.1
      vertex -70.9665 10.7553 2.1
    endloop
  endfacet
  facet normal 0 0 1
    outer loop
      vertex -69.1188 33.3329 2.1
      vertex -66.7156 33.7742 2.1
      vertex -66.9044 33.7993 2.1
    endloop
  endfacet
  facet normal 0 0 1
    outer loop
      vertex -69.1188 33.3329 2.1
      vertex -66.9044 33.7993 2.1
      vertex -67.094 33.8145 2.1
    endloop
  endfacet
  facet normal 0 0 1
    outer loop
      vertex -63.6125 10.6671 2.1
      vertex -70.955 10.3021 2.1
      vertex -63.6069 10.5912 2.1
    endloop
  endfacet
  facet normal 0 0 1
    outer loop
      vertex -69.1188 33.3329 2.1
      vertex -67.094 33.8145 2.1
      vertex -67.284 33.8199 2.1
    endloop
  endfacet
  facet normal 0 0 1
    outer loop
      vertex -69.1188 33.3329 2.1
      vertex -67.284 33.8199 2.1
      vertex -67.4741 33.8154 2.1
    endloop
  endfacet
  facet normal 0 -0 1
    outer loop
      vertex -70.9212 9.85335 2.1
      vertex -63.6069 10.5912 2.1
      vertex -70.955 10.3021 2.1
    endloop
  endfacet
  facet normal 0 0 1
    outer loop
      vertex -69.1188 33.3329 2.1
      vertex -67.4741 33.8154 2.1
      vertex -67.6637 33.8013 2.1
    endloop
  endfacet
  facet normal 0 0 1
    outer loop
      vertex -69.1188 33.3329 2.1
      vertex -67.6637 33.8013 2.1
      vertex -67.8524 33.7772 2.1
    endloop
  endfacet
  facet normal 0 0 1
    outer loop
      vertex -62.9857 9.5172 2.1
      vertex -67.2671 3.54903 2.1
      vertex -66.8927 3.2942 2.1
    endloop
  endfacet
  facet normal 0 0 1
    outer loop
      vertex -69.1188 33.3329 2.1
      vertex -67.8524 33.7772 2.1
      vertex -68.0401 33.7433 2.1
    endloop
  endfacet
  facet normal 0 0 1
    outer loop
      vertex -69.1188 33.3329 2.1
      vertex -68.0401 33.7433 2.1
      vertex -68.2261 33.6996 2.1
    endloop
  endfacet
  facet normal 0 0 1
    outer loop
      vertex -63.047 9.56374 2.1
      vertex -67.6257 3.82033 2.1
      vertex -67.2671 3.54903 2.1
    endloop
  endfacet
  facet normal 0 0 1
    outer loop
      vertex -69.1188 33.3329 2.1
      vertex -68.2261 33.6996 2.1
      vertex -68.4102 33.646 2.1
    endloop
  endfacet
  facet normal 0 0 1
    outer loop
      vertex -69.1188 33.3329 2.1
      vertex -68.4102 33.646 2.1
      vertex -68.5918 33.5825 2.1
    endloop
  endfacet
  facet normal 0 0 1
    outer loop
      vertex -63.1055 9.61295 2.1
      vertex -67.9683 4.10735 2.1
      vertex -67.6257 3.82033 2.1
    endloop
  endfacet
  facet normal 0 0 1
    outer loop
      vertex -69.1188 33.3329 2.1
      vertex -68.5918 33.5825 2.1
      vertex -68.7708 33.5092 2.1
    endloop
  endfacet
  facet normal 0 0 1
    outer loop
      vertex -63.1612 9.66475 2.1
      vertex -68.2944 4.40955 2.1
      vertex -67.9683 4.10735 2.1
    endloop
  endfacet
  facet normal 0 0 1
    outer loop
      vertex -69.1188 33.3329 2.1
      vertex -68.7708 33.5092 2.1
      vertex -68.9466 33.426 2.1
    endloop
  endfacet
  facet normal 0 0 1
    outer loop
      vertex -63.6145 30.1438 2.1
      vertex -69.1188 33.3329 2.1
      vertex -70.6422 32.4036 2.1
    endloop
  endfacet
  facet normal 0 0 1
    outer loop
      vertex -63.2139 9.71892 2.1
      vertex -68.6037 4.72617 2.1
      vertex -68.2944 4.40955 2.1
    endloop
  endfacet
  facet normal 0 0 1
    outer loop
      vertex -63.2636 9.77538 2.1
      vertex -68.8958 5.05659 2.1
      vertex -68.6037 4.72617 2.1
    endloop
  endfacet
  facet normal 0 0 1
    outer loop
      vertex -63.3103 9.83405 2.1
      vertex -69.1704 5.40007 2.1
      vertex -68.8958 5.05659 2.1
    endloop
  endfacet
  facet normal 0 0 1
    outer loop
      vertex -63.354 9.89478 2.1
      vertex -69.427 5.75606 2.1
      vertex -69.1704 5.40007 2.1
    endloop
  endfacet
  facet normal 0 0 1
    outer loop
      vertex -63.3944 9.95749 2.1
      vertex -69.6651 6.12387 2.1
      vertex -69.427 5.75606 2.1
    endloop
  endfacet
  facet normal 0 0 1
    outer loop
      vertex -63.4316 10.022 2.1
      vertex -69.8846 6.50275 2.1
      vertex -69.6651 6.12387 2.1
    endloop
  endfacet
  facet normal 0 0 1
    outer loop
      vertex -63.4656 10.0883 2.1
      vertex -70.0851 6.892 2.1
      vertex -69.8846 6.50275 2.1
    endloop
  endfacet
  facet normal 0 0 1
    outer loop
      vertex -63.4962 10.1562 2.1
      vertex -70.266 7.29109 2.1
      vertex -70.0851 6.892 2.1
    endloop
  endfacet
  facet normal 0 0 1
    outer loop
      vertex -63.6145 30.1438 2.1
      vertex -70.6422 32.4036 2.1
      vertex -70.9665 22.7391 2.1
    endloop
  endfacet
  facet normal 0 0 1
    outer loop
      vertex -63.5235 10.2257 2.1
      vertex -70.4271 7.69926 2.1
      vertex -70.266 7.29109 2.1
    endloop
  endfacet
  facet normal 0 0 1
    outer loop
      vertex -63.5473 10.2965 2.1
      vertex -70.5679 8.11591 2.1
      vertex -70.4271 7.69926 2.1
    endloop
  endfacet
  facet normal 0 0 1
    outer loop
      vertex -63.5676 10.3685 2.1
      vertex -70.6881 8.54025 2.1
      vertex -70.5679 8.11591 2.1
    endloop
  endfacet
  facet normal 0 0 1
    outer loop
      vertex -63.5843 10.4417 2.1
      vertex -70.7873 8.97177 2.1
      vertex -70.6881 8.54025 2.1
    endloop
  endfacet
  facet normal 0 0 1
    outer loop
      vertex -63.5974 10.516 2.1
      vertex -70.8651 9.4097 2.1
      vertex -70.7873 8.97177 2.1
    endloop
  endfacet
  facet normal 0 0 1
    outer loop
      vertex -63.5974 10.516 2.1
      vertex -70.9212 9.85335 2.1
      vertex -70.8651 9.4097 2.1
    endloop
  endfacet
  facet normal -0 0 1
    outer loop
      vertex -72.105 31.4003 2.1
      vertex -70.9665 22.7391 2.1
      vertex -70.6422 32.4036 2.1
    endloop
  endfacet
  facet normal -0 0 1
    outer loop
      vertex -73.5052 30.3261 2.1
      vertex -70.9665 22.7391 2.1
      vertex -72.105 31.4003 2.1
    endloop
  endfacet
  facet normal -0 0 1
    outer loop
      vertex -74.8409 29.1842 2.1
      vertex -70.9665 22.7391 2.1
      vertex -73.5052 30.3261 2.1
    endloop
  endfacet
  facet normal -0 0 1
    outer loop
      vertex -76.1104 27.978 2.1
      vertex -70.9665 22.7391 2.1
      vertex -74.8409 29.1842 2.1
    endloop
  endfacet
  facet normal 0 0 1
    outer loop
      vertex -70.9665 22.7391 2.1
      vertex -76.1104 27.978 2.1
      vertex -71.6694 22.0033 2.1
    endloop
  endfacet
  facet normal -0 0 1
    outer loop
      vertex -77.3115 26.7106 2.1
      vertex -71.6694 22.0033 2.1
      vertex -76.1104 27.978 2.1
    endloop
  endfacet
  facet normal 0 0 1
    outer loop
      vertex -71.6694 22.0033 2.1
      vertex -77.3115 26.7106 2.1
      vertex -72.3419 21.2418 2.1
    endloop
  endfacet
  facet normal -0 0 1
    outer loop
      vertex -78.4425 25.3853 2.1
      vertex -72.3419 21.2418 2.1
      vertex -77.3115 26.7106 2.1
    endloop
  endfacet
  facet normal 0 0 1
    outer loop
      vertex -72.3419 21.2418 2.1
      vertex -78.4425 25.3853 2.1
      vertex -72.9836 20.4559 2.1
    endloop
  endfacet
  facet normal -0 0 1
    outer loop
      vertex -79.5016 24.0054 2.1
      vertex -72.9836 20.4559 2.1
      vertex -78.4425 25.3853 2.1
    endloop
  endfacet
  facet normal 0 0 1
    outer loop
      vertex -72.9836 20.4559 2.1
      vertex -79.5016 24.0054 2.1
      vertex -73.5935 19.6465 2.1
    endloop
  endfacet
  facet normal 0 0 1
    outer loop
      vertex -73.5935 19.6465 2.1
      vertex -79.5016 24.0054 2.1
      vertex -74.1713 18.8148 2.1
    endloop
  endfacet
  facet normal -0 0 1
    outer loop
      vertex -80.4868 22.5741 2.1
      vertex -74.1713 18.8148 2.1
      vertex -79.5016 24.0054 2.1
    endloop
  endfacet
  facet normal 0 0 1
    outer loop
      vertex -74.1713 18.8148 2.1
      vertex -80.4868 22.5741 2.1
      vertex -74.7163 17.9616 2.1
    endloop
  endfacet
  facet normal -0 0 1
    outer loop
      vertex -81.3962 21.0947 2.1
      vertex -74.7163 17.9616 2.1
      vertex -80.4868 22.5741 2.1
    endloop
  endfacet
  facet normal 0 0 1
    outer loop
      vertex -74.7163 17.9616 2.1
      vertex -81.3962 21.0947 2.1
      vertex -75.2279 17.0883 2.1
    endloop
  endfacet
  facet normal -0 0 1
    outer loop
      vertex -82.2279 19.5704 2.1
      vertex -75.2279 17.0883 2.1
      vertex -81.3962 21.0947 2.1
    endloop
  endfacet
  facet normal 0 0 1
    outer loop
      vertex -75.2279 17.0883 2.1
      vertex -82.2279 19.5704 2.1
      vertex -75.7054 16.1958 2.1
    endloop
  endfacet
  facet normal 0 0 1
    outer loop
      vertex -75.7054 16.1958 2.1
      vertex -82.2279 19.5704 2.1
      vertex -76.1482 15.2852 2.1
    endloop
  endfacet
  facet normal -0 0 1
    outer loop
      vertex -82.9801 18.0045 2.1
      vertex -76.1482 15.2852 2.1
      vertex -82.2279 19.5704 2.1
    endloop
  endfacet
  facet normal 0 0 1
    outer loop
      vertex -76.1482 15.2852 2.1
      vertex -82.9801 18.0045 2.1
      vertex -76.5559 14.3575 2.1
    endloop
  endfacet
  facet normal -0 0 1
    outer loop
      vertex -83.6509 16.4002 2.1
      vertex -76.5559 14.3575 2.1
      vertex -82.9801 18.0045 2.1
    endloop
  endfacet
  facet normal 0 0 1
    outer loop
      vertex -76.5559 14.3575 2.1
      vertex -83.6509 16.4002 2.1
      vertex -76.9275 13.4138 2.1
    endloop
  endfacet
  facet normal -0 0 1
    outer loop
      vertex -84.2384 14.7607 2.1
      vertex -76.9275 13.4138 2.1
      vertex -83.6509 16.4002 2.1
    endloop
  endfacet
  facet normal 0 0 1
    outer loop
      vertex -76.9275 13.4138 2.1
      vertex -84.2384 14.7607 2.1
      vertex -77.2627 12.4553 2.1
    endloop
  endfacet
  facet normal 0 0 1
    outer loop
      vertex -77.2627 12.4553 2.1
      vertex -84.2384 14.7607 2.1
      vertex -77.5607 11.4829 2.1
    endloop
  endfacet
  facet normal -0 0 1
    outer loop
      vertex -84.7406 13.0893 2.1
      vertex -77.5607 11.4829 2.1
      vertex -84.2384 14.7607 2.1
    endloop
  endfacet
  facet normal 0 0 1
    outer loop
      vertex -77.5607 11.4829 2.1
      vertex -84.7406 13.0893 2.1
      vertex -77.821 10.4977 2.1
    endloop
  endfacet
  facet normal -0 0 1
    outer loop
      vertex -85.1557 11.3893 2.1
      vertex -77.821 10.4977 2.1
      vertex -84.7406 13.0893 2.1
    endloop
  endfacet
  facet normal 0 0 1
    outer loop
      vertex -78.5622 4.37857 2.1
      vertex -80.4387 -13.9193 2.1
      vertex -79.3591 -15.4646 2.1
    endloop
  endfacet
  facet normal 0 0 1
    outer loop
      vertex -77.821 10.4977 2.1
      vertex -85.1557 11.3893 2.1
      vertex -78.043 9.50087 2.1
    endloop
  endfacet
  facet normal -0 0 1
    outer loop
      vertex -85.4819 9.66383 2.1
      vertex -78.043 9.50087 2.1
      vertex -85.1557 11.3893 2.1
    endloop
  endfacet
  facet normal 0 0 1
    outer loop
      vertex -78.5622 4.37857 2.1
      vertex -81.4317 -12.3123 2.1
      vertex -80.4387 -13.9193 2.1
    endloop
  endfacet
  facet normal 0 0 1
    outer loop
      vertex -78.043 9.50087 2.1
      vertex -85.4819 9.66383 2.1
      vertex -78.2259 8.49333 2.1
    endloop
  endfacet
  facet normal 0 0 1
    outer loop
      vertex -78.5622 4.37857 2.1
      vertex -82.3347 -10.6468 2.1
      vertex -81.4317 -12.3123 2.1
    endloop
  endfacet
  facet normal 0 0 1
    outer loop
      vertex -78.2259 8.49333 2.1
      vertex -85.4819 9.66383 2.1
      vertex -78.3694 7.47633 2.1
    endloop
  endfacet
  facet normal 0 0 1
    outer loop
      vertex -78.5622 4.37857 2.1
      vertex -83.1442 -8.92648 2.1
      vertex -82.3347 -10.6468 2.1
    endloop
  endfacet
  facet normal -0 0 1
    outer loop
      vertex -85.7172 7.91624 2.1
      vertex -78.3694 7.47633 2.1
      vertex -85.4819 9.66383 2.1
    endloop
  endfacet
  facet normal 0 0 1
    outer loop
      vertex -78.5622 4.37857 2.1
      vertex -83.8569 -7.15456 2.1
      vertex -83.1442 -8.92648 2.1
    endloop
  endfacet
  facet normal 0 0 1
    outer loop
      vertex -78.5349 5.41777 2.1
      vertex -78.5622 4.37857 2.1
      vertex -78.5558 4.37842 2.1
    endloop
  endfacet
  facet normal 0 0 1
    outer loop
      vertex -78.5622 4.37857 2.1
      vertex -84.4693 -5.33464 2.1
      vertex -83.8569 -7.15456 2.1
    endloop
  endfacet
  facet normal 0 0 1
    outer loop
      vertex -78.3694 7.47633 2.1
      vertex -85.7172 7.91624 2.1
      vertex -78.4725 6.45071 2.1
    endloop
  endfacet
  facet normal 0 0 1
    outer loop
      vertex -78.5622 4.37857 2.1
      vertex -84.978 -3.46994 2.1
      vertex -84.4693 -5.33464 2.1
    endloop
  endfacet
  facet normal 0 0 1
    outer loop
      vertex -85.8598 6.14973 2.1
      vertex -78.4725 6.45071 2.1
      vertex -85.7172 7.91624 2.1
    endloop
  endfacet
  facet normal 0 0 1
    outer loop
      vertex -78.5622 4.37857 2.1
      vertex -85.3796 -1.56396 2.1
      vertex -84.978 -3.46994 2.1
    endloop
  endfacet
  facet normal 0 0 1
    outer loop
      vertex -78.4725 6.45071 2.1
      vertex -85.8598 6.14973 2.1
      vertex -78.5349 5.41777 2.1
    endloop
  endfacet
  facet normal 0 0 1
    outer loop
      vertex -78.5622 4.37857 2.1
      vertex -85.6708 0.379929 2.1
      vertex -85.3796 -1.56396 2.1
    endloop
  endfacet
  facet normal 0 0 1
    outer loop
      vertex -85.9077 4.36758 2.1
      vertex -78.5349 5.41777 2.1
      vertex -85.8598 6.14973 2.1
    endloop
  endfacet
  facet normal 0 0 1
    outer loop
      vertex -78.5622 4.37857 2.1
      vertex -85.8479 2.35823 2.1
      vertex -85.6708 0.379929 2.1
    endloop
  endfacet
  facet normal 0 0 1
    outer loop
      vertex -78.5349 5.41777 2.1
      vertex -85.9077 4.36758 2.1
      vertex -78.5622 4.37857 2.1
    endloop
  endfacet
  facet normal 0 0 1
    outer loop
      vertex -78.5622 4.37857 2.1
      vertex -85.9077 4.36758 2.1
      vertex -85.8479 2.35823 2.1
    endloop
  endfacet
  facet normal -0 0 1
    outer loop
      vertex -26.5291 5.41792 2.1
      vertex -19.1562 4.37956 2.1
      vertex -19.2041 6.16179 2.1
    endloop
  endfacet
  facet normal 0 0 1
    outer loop
      vertex -26.5291 5.41792 2.1
      vertex -19.2041 6.16179 2.1
      vertex -19.3467 7.9283 2.1
    endloop
  endfacet
  facet normal 0 0 1
    outer loop
      vertex -19.1562 4.37956 2.1
      vertex -26.5082 4.37857 2.1
      vertex -19.2247 2.22998 2.1
    endloop
  endfacet
  facet normal 0 0 1
    outer loop
      vertex -26.5291 5.41792 2.1
      vertex -19.3467 7.9283 2.1
      vertex -19.5821 9.67589 2.1
    endloop
  endfacet
  facet normal -0 0 1
    outer loop
      vertex -26.5946 2.24715 2.1
      vertex -19.2247 2.22998 2.1
      vertex -26.5082 4.37857 2.1
    endloop
  endfacet
  facet normal 0 0 1
    outer loop
      vertex -26.5291 5.41792 2.1
      vertex -19.5821 9.67589 2.1
      vertex -19.9082 11.4013 2.1
    endloop
  endfacet
  facet normal 0 0 1
    outer loop
      vertex -19.2247 2.22998 2.1
      vertex -26.5946 2.24715 2.1
      vertex -19.4273 0.11618 2.1
    endloop
  endfacet
  facet normal 0 0 1
    outer loop
      vertex -26.5291 5.41792 2.1
      vertex -19.9082 11.4013 2.1
      vertex -20.3234 13.1013 2.1
    endloop
  endfacet
  facet normal -0 0 1
    outer loop
      vertex -26.8494 0.162567 2.1
      vertex -19.4273 0.11618 2.1
      vertex -26.5946 2.24715 2.1
    endloop
  endfacet
  facet normal 0 0 1
    outer loop
      vertex -26.5291 5.41792 2.1
      vertex -20.3234 13.1013 2.1
      vertex -20.8257 14.7727 2.1
    endloop
  endfacet
  facet normal 0 0 1
    outer loop
      vertex -26.5291 5.41792 2.1
      vertex -20.8257 14.7727 2.1
      vertex -21.4131 16.4122 2.1
    endloop
  endfacet
  facet normal 0 0 1
    outer loop
      vertex -19.4273 0.11618 2.1
      vertex -26.8494 0.162567 2.1
      vertex -19.7601 -1.95749 2.1
    endloop
  endfacet
  facet normal 0 0 1
    outer loop
      vertex -26.5291 5.41792 2.1
      vertex -21.4131 16.4122 2.1
      vertex -22.0838 18.0166 2.1
    endloop
  endfacet
  facet normal -0 0 1
    outer loop
      vertex -27.2659 -1.86845 2.1
      vertex -19.7601 -1.95749 2.1
      vertex -26.8494 0.162567 2.1
    endloop
  endfacet
  facet normal 0 0 1
    outer loop
      vertex -26.5291 5.41792 2.1
      vertex -22.0838 18.0166 2.1
      vertex -22.8361 19.5825 2.1
    endloop
  endfacet
  facet normal 0 0 1
    outer loop
      vertex -19.7601 -1.95749 2.1
      vertex -27.2659 -1.86845 2.1
      vertex -20.2186 -3.98706 2.1
    endloop
  endfacet
  facet normal 0 0 1
    outer loop
      vertex -26.5291 5.41792 2.1
      vertex -22.8361 19.5825 2.1
      vertex -23.6678 21.1068 2.1
    endloop
  endfacet
  facet normal -0 0 1
    outer loop
      vertex -27.8373 -3.83905 2.1
      vertex -20.2186 -3.98706 2.1
      vertex -27.2659 -1.86845 2.1
    endloop
  endfacet
  facet normal 0 0 1
    outer loop
      vertex -26.5291 5.41792 2.1
      vertex -23.6678 21.1068 2.1
      vertex -24.5772 22.5862 2.1
    endloop
  endfacet
  facet normal 0 0 1
    outer loop
      vertex -20.2186 -3.98706 2.1
      vertex -27.8373 -3.83905 2.1
      vertex -20.7987 -5.96819 2.1
    endloop
  endfacet
  facet normal 0 0 1
    outer loop
      vertex -30.8926 18.8122 2.1
      vertex -24.5772 22.5862 2.1
      vertex -25.5624 24.0175 2.1
    endloop
  endfacet
  facet normal 0 0 1
    outer loop
      vertex -20.7987 -5.96819 2.1
      vertex -27.8373 -3.83905 2.1
      vertex -21.4963 -7.89659 2.1
    endloop
  endfacet
  facet normal -0 0 1
    outer loop
      vertex -28.5567 -5.74251 2.1
      vertex -21.4963 -7.89659 2.1
      vertex -27.8373 -3.83905 2.1
    endloop
  endfacet
  facet normal 0 0 1
    outer loop
      vertex -21.4963 -7.89659 2.1
      vertex -28.5567 -5.74251 2.1
      vertex -22.3072 -9.76831 2.1
    endloop
  endfacet
  facet normal -0 0 1
    outer loop
      vertex -29.4176 -7.57196 2.1
      vertex -22.3072 -9.76831 2.1
      vertex -28.5567 -5.74251 2.1
    endloop
  endfacet
  facet normal 0 0 1
    outer loop
      vertex -22.3072 -9.76831 2.1
      vertex -29.4176 -7.57196 2.1
      vertex -23.2271 -11.5791 2.1
    endloop
  endfacet
  facet normal -0 0 1
    outer loop
      vertex -30.4131 -9.32092 2.1
      vertex -23.2271 -11.5791 2.1
      vertex -29.4176 -7.57196 2.1
    endloop
  endfacet
  facet normal 0 0 1
    outer loop
      vertex -23.2271 -11.5791 2.1
      vertex -30.4131 -9.32092 2.1
      vertex -24.2519 -13.3248 2.1
    endloop
  endfacet
  facet normal 0 0 1
    outer loop
      vertex -24.2519 -13.3248 2.1
      vertex -30.4131 -9.32092 2.1
      vertex -25.3774 -15.0011 2.1
    endloop
  endfacet
  facet normal -0 0 1
    outer loop
      vertex -31.5366 -10.9825 2.1
      vertex -25.3774 -15.0011 2.1
      vertex -30.4131 -9.32092 2.1
    endloop
  endfacet
  facet normal 0 0 1
    outer loop
      vertex -25.3774 -15.0011 2.1
      vertex -31.5366 -10.9825 2.1
      vertex -26.5995 -16.6039 2.1
    endloop
  endfacet
  facet normal -0 0 1
    outer loop
      vertex -32.7811 -12.5499 2.1
      vertex -26.5995 -16.6039 2.1
      vertex -31.5366 -10.9825 2.1
    endloop
  endfacet
  facet normal 0 0 1
    outer loop
      vertex -26.5995 -16.6039 2.1
      vertex -32.7811 -12.5499 2.1
      vertex -27.9139 -18.1289 2.1
    endloop
  endfacet
  facet normal -0 0 1
    outer loop
      vertex -34.14 -14.0165 2.1
      vertex -27.9139 -18.1289 2.1
      vertex -32.7811 -12.5499 2.1
    endloop
  endfacet
  facet normal 0 0 1
    outer loop
      vertex -27.9139 -18.1289 2.1
      vertex -34.14 -14.0165 2.1
      vertex -29.3164 -19.5721 2.1
    endloop
  endfacet
  facet normal -0 0 1
    outer loop
      vertex -35.6065 -15.3754 2.1
      vertex -29.3164 -19.5721 2.1
      vertex -34.14 -14.0165 2.1
    endloop
  endfacet
  facet normal 0 0 1
    outer loop
      vertex -29.3164 -19.5721 2.1
      vertex -35.6065 -15.3754 2.1
      vertex -30.8029 -20.9292 2.1
    endloop
  endfacet
  facet normal 0 0 1
    outer loop
      vertex -30.8029 -20.9292 2.1
      vertex -35.6065 -15.3754 2.1
      vertex -32.3692 -22.1961 2.1
    endloop
  endfacet
  facet normal -0 0 1
    outer loop
      vertex -37.174 -16.62 2.1
      vertex -32.3692 -22.1961 2.1
      vertex -35.6065 -15.3754 2.1
    endloop
  endfacet
  facet normal 0 0 1
    outer loop
      vertex -32.3692 -22.1961 2.1
      vertex -37.174 -16.62 2.1
      vertex -34.011 -23.3685 2.1
    endloop
  endfacet
  facet normal -0 0 1
    outer loop
      vertex -38.8356 -17.7433 2.1
      vertex -34.011 -23.3685 2.1
      vertex -37.174 -16.62 2.1
    endloop
  endfacet
  facet normal 0 0 1
    outer loop
      vertex -34.011 -23.3685 2.1
      vertex -38.8356 -17.7433 2.1
      vertex -35.7243 -24.4422 2.1
    endloop
  endfacet
  facet normal -0 0 1
    outer loop
      vertex -40.5845 -18.7389 2.1
      vertex -35.7243 -24.4422 2.1
      vertex -38.8356 -17.7433 2.1
    endloop
  endfacet
  facet normal 0 0 1
    outer loop
      vertex -35.7243 -24.4422 2.1
      vertex -40.5845 -18.7389 2.1
      vertex -37.5047 -25.4131 2.1
    endloop
  endfacet
  facet normal -0 0 1
    outer loop
      vertex -42.4141 -19.5998 2.1
      vertex -37.5047 -25.4131 2.1
      vertex -40.5845 -18.7389 2.1
    endloop
  endfacet
  facet normal 0 0 1
    outer loop
      vertex -37.5047 -25.4131 2.1
      vertex -42.4141 -19.5998 2.1
      vertex -39.3483 -26.2771 2.1
    endloop
  endfacet
  facet normal 0 0 1
    outer loop
      vertex -35.4623 -45.2633 2.1
      vertex -42.4017 -47.9093 2.1
      vertex -41.5574 -49.3662 2.1
    endloop
  endfacet
  facet normal 0 0 1
    outer loop
      vertex -39.3483 -26.2771 2.1
      vertex -42.4141 -19.5998 2.1
      vertex -41.2506 -27.0298 2.1
    endloop
  endfacet
  facet normal -0 0 1
    outer loop
      vertex -44.3176 -20.3192 2.1
      vertex -41.2506 -27.0298 2.1
      vertex -42.4141 -19.5998 2.1
    endloop
  endfacet
  facet normal 0 0 1
    outer loop
      vertex -36.1923 -43.9775 2.1
      vertex -43.1956 -46.4249 2.1
      vertex -42.4017 -47.9093 2.1
    endloop
  endfacet
  facet normal 0 0 1
    outer loop
      vertex -36.8765 -42.6669 2.1
      vertex -43.9387 -44.9146 2.1
      vertex -43.1956 -46.4249 2.1
    endloop
  endfacet
  facet normal -0 0 1
    outer loop
      vertex -46.2881 -20.8906 2.1
      vertex -41.2506 -27.0298 2.1
      vertex -44.3176 -20.3192 2.1
    endloop
  endfacet
  facet normal 0 0 1
    outer loop
      vertex -37.5145 -41.3328 2.1
      vertex -44.6303 -43.3802 2.1
      vertex -43.9387 -44.9146 2.1
    endloop
  endfacet
  facet normal 0 0 1
    outer loop
      vertex -38.1057 -39.9768 2.1
      vertex -45.27 -41.8232 2.1
      vertex -44.6303 -43.3802 2.1
    endloop
  endfacet
  facet normal 0 0 1
    outer loop
      vertex -38.6498 -38.6003 2.1
      vertex -45.8574 -40.2453 2.1
      vertex -45.27 -41.8232 2.1
    endloop
  endfacet
  facet normal 0 0 1
    outer loop
      vertex -41.2506 -27.0298 2.1
      vertex -46.2881 -20.8906 2.1
      vertex -48.4615 -28.7504 2.1
    endloop
  endfacet
  facet normal 0 0 1
    outer loop
      vertex -39.1463 -37.2048 2.1
      vertex -46.3919 -38.648 2.1
      vertex -45.8574 -40.2453 2.1
    endloop
  endfacet
  facet normal 0 0 1
    outer loop
      vertex -39.5947 -35.7919 2.1
      vertex -46.873 -37.0331 2.1
      vertex -46.3919 -38.648 2.1
    endloop
  endfacet
  facet normal 0 0 1
    outer loop
      vertex -39.9945 -34.363 2.1
      vertex -47.3004 -35.4022 2.1
      vertex -46.873 -37.0331 2.1
    endloop
  endfacet
  facet normal 0 0 1
    outer loop
      vertex -40.3455 -32.9195 2.1
      vertex -47.6733 -33.7567 2.1
      vertex -47.3004 -35.4022 2.1
    endloop
  endfacet
  facet normal 0 0 1
    outer loop
      vertex -40.647 -31.463 2.1
      vertex -47.9916 -32.0986 2.1
      vertex -47.6733 -33.7567 2.1
    endloop
  endfacet
  facet normal 0 0 1
    outer loop
      vertex -40.8986 -29.9948 2.1
      vertex -48.2544 -30.4292 2.1
      vertex -47.9916 -32.0986 2.1
    endloop
  endfacet
  facet normal 0 0 1
    outer loop
      vertex -48.4615 -28.7504 2.1
      vertex -46.2881 -20.8906 2.1
      vertex -48.3191 -21.3071 2.1
    endloop
  endfacet
  facet normal 0 0 1
    outer loop
      vertex -41.1 -28.5166 2.1
      vertex -48.4615 -28.7504 2.1
      vertex -48.2544 -30.4292 2.1
    endloop
  endfacet
  facet normal -0 0 1
    outer loop
      vertex -50.4037 -21.5619 2.1
      vertex -48.4615 -28.7504 2.1
      vertex -48.3191 -21.3071 2.1
    endloop
  endfacet
  facet normal 0 0 1
    outer loop
      vertex -48.4615 -28.7504 2.1
      vertex -50.4037 -21.5619 2.1
      vertex -48.6609 -28.7748 2.1
    endloop
  endfacet
  facet normal 0 0 1
    outer loop
      vertex -48.6609 -28.7748 2.1
      vertex -50.4037 -21.5619 2.1
      vertex -48.8608 -28.798 2.1
    endloop
  endfacet
  facet normal 0 0 1
    outer loop
      vertex -48.8608 -28.798 2.1
      vertex -50.4037 -21.5619 2.1
      vertex -49.0611 -28.8199 2.1
    endloop
  endfacet
  facet normal 0 0 1
    outer loop
      vertex -49.0611 -28.8199 2.1
      vertex -50.4037 -21.5619 2.1
      vertex -49.2619 -28.8405 2.1
    endloop
  endfacet
  facet normal 0 0 1
    outer loop
      vertex -49.2619 -28.8405 2.1
      vertex -50.4037 -21.5619 2.1
      vertex -49.4631 -28.86 2.1
    endloop
  endfacet
  facet normal 0 0 1
    outer loop
      vertex -49.4631 -28.86 2.1
      vertex -50.4037 -21.5619 2.1
      vertex -49.6648 -28.878 2.1
    endloop
  endfacet
  facet normal 0 0 1
    outer loop
      vertex -49.6648 -28.878 2.1
      vertex -50.4037 -21.5619 2.1
      vertex -49.8668 -28.895 2.1
    endloop
  endfacet
  facet normal 0 0 1
    outer loop
      vertex -49.8668 -28.895 2.1
      vertex -50.4037 -21.5619 2.1
      vertex -50.0692 -28.9106 2.1
    endloop
  endfacet
  facet normal 0 0 1
    outer loop
      vertex -50.0692 -28.9106 2.1
      vertex -50.4037 -21.5619 2.1
      vertex -50.2719 -28.925 2.1
    endloop
  endfacet
  facet normal 0 0 1
    outer loop
      vertex -50.4037 -21.5619 2.1
      vertex -50.4751 -28.9381 2.1
      vertex -50.2719 -28.925 2.1
    endloop
  endfacet
  facet normal 0 0 1
    outer loop
      vertex -50.4037 -21.5619 2.1
      vertex -50.6785 -28.95 2.1
      vertex -50.4751 -28.9381 2.1
    endloop
  endfacet
  facet normal 0 0 1
    outer loop
      vertex -50.4037 -21.5619 2.1
      vertex -50.8823 -28.9606 2.1
      vertex -50.6785 -28.95 2.1
    endloop
  endfacet
  facet normal 0 0 1
    outer loop
      vertex -50.4037 -21.5619 2.1
      vertex -51.0863 -28.97 2.1
      vertex -50.8823 -28.9606 2.1
    endloop
  endfacet
  facet normal 0 0 1
    outer loop
      vertex -50.4037 -21.5619 2.1
      vertex -51.2907 -28.9781 2.1
      vertex -51.0863 -28.97 2.1
    endloop
  endfacet
  facet normal -0 0 1
    outer loop
      vertex -52.5352 -21.6483 2.1
      vertex -51.2907 -28.9781 2.1
      vertex -50.4037 -21.5619 2.1
    endloop
  endfacet
  facet normal 0 0 1
    outer loop
      vertex -51.2907 -28.9781 2.1
      vertex -52.5352 -21.6483 2.1
      vertex -51.4954 -28.985 2.1
    endloop
  endfacet
  facet normal 0 0 1
    outer loop
      vertex -51.4954 -28.985 2.1
      vertex -52.5352 -21.6483 2.1
      vertex -51.7003 -28.9906 2.1
    endloop
  endfacet
  facet normal 0 0 1
    outer loop
      vertex -51.7003 -28.9906 2.1
      vertex -52.5352 -21.6483 2.1
      vertex -51.9055 -28.995 2.1
    endloop
  endfacet
  facet normal 0 0 1
    outer loop
      vertex -51.9055 -28.995 2.1
      vertex -52.5352 -21.6483 2.1
      vertex -52.1109 -28.9981 2.1
    endloop
  endfacet
  facet normal 0 0 1
    outer loop
      vertex -52.1109 -28.9981 2.1
      vertex -52.5352 -21.6483 2.1
      vertex -52.3165 -29 2.1
    endloop
  endfacet
  facet normal 0 0 1
    outer loop
      vertex -52.3165 -29 2.1
      vertex -52.5352 -21.6483 2.1
      vertex -52.5224 -29.0006 2.1
    endloop
  endfacet
  facet normal 0 0 1
    outer loop
      vertex -52.5352 -21.6483 2.1
      vertex -52.8443 -28.999 2.1
      vertex -52.5224 -29.0006 2.1
    endloop
  endfacet
  facet normal 0 0 1
    outer loop
      vertex -52.5352 -21.6483 2.1
      vertex -53.1654 -28.9943 2.1
      vertex -52.8443 -28.999 2.1
    endloop
  endfacet
  facet normal 0 0 1
    outer loop
      vertex -52.5352 -21.6483 2.1
      vertex -53.4856 -28.9865 2.1
      vertex -53.1654 -28.9943 2.1
    endloop
  endfacet
  facet normal 0 0 1
    outer loop
      vertex -52.5352 -21.6483 2.1
      vertex -53.8049 -28.9755 2.1
      vertex -53.4856 -28.9865 2.1
    endloop
  endfacet
  facet normal 0 0 1
    outer loop
      vertex -54.6667 -21.5619 2.1
      vertex -53.8049 -28.9755 2.1
      vertex -52.5352 -21.6483 2.1
    endloop
  endfacet
  facet normal 0 0 1
    outer loop
      vertex -53.8049 -28.9755 2.1
      vertex -54.6667 -21.5619 2.1
      vertex -54.1234 -28.9615 2.1
    endloop
  endfacet
  facet normal 0 0 1
    outer loop
      vertex -54.1234 -28.9615 2.1
      vertex -54.6667 -21.5619 2.1
      vertex -54.441 -28.9445 2.1
    endloop
  endfacet
  facet normal 0 0 1
    outer loop
      vertex -54.6667 -21.5619 2.1
      vertex -54.7578 -28.9244 2.1
      vertex -54.441 -28.9445 2.1
    endloop
  endfacet
  facet normal 0 0 1
    outer loop
      vertex -54.6667 -21.5619 2.1
      vertex -55.0736 -28.9015 2.1
      vertex -54.7578 -28.9244 2.1
    endloop
  endfacet
  facet normal 0 0 1
    outer loop
      vertex -54.6667 -21.5619 2.1
      vertex -55.3886 -28.8755 2.1
      vertex -55.0736 -28.9015 2.1
    endloop
  endfacet
  facet normal 0 0 1
    outer loop
      vertex -54.6667 -21.5619 2.1
      vertex -55.7027 -28.8466 2.1
      vertex -55.3886 -28.8755 2.1
    endloop
  endfacet
  facet normal 0 0 1
    outer loop
      vertex -54.6667 -21.5619 2.1
      vertex -56.0161 -28.8149 2.1
      vertex -55.7027 -28.8466 2.1
    endloop
  endfacet
  facet normal 0 0 1
    outer loop
      vertex -54.6667 -21.5619 2.1
      vertex -56.3284 -28.7803 2.1
      vertex -56.0161 -28.8149 2.1
    endloop
  endfacet
  facet normal 0 0 1
    outer loop
      vertex -54.6667 -21.5619 2.1
      vertex -56.64 -28.7428 2.1
      vertex -56.3284 -28.7803 2.1
    endloop
  endfacet
  facet normal 0 0 1
    outer loop
      vertex -56.7513 -21.3071 2.1
      vertex -56.64 -28.7428 2.1
      vertex -54.6667 -21.5619 2.1
    endloop
  endfacet
  facet normal 0 0 1
    outer loop
      vertex -56.7513 -21.3071 2.1
      vertex -56.9507 -28.7026 2.1
      vertex -56.64 -28.7428 2.1
    endloop
  endfacet
  facet normal 0 0 1
    outer loop
      vertex -56.7513 -21.3071 2.1
      vertex -57.2605 -28.6596 2.1
      vertex -56.9507 -28.7026 2.1
    endloop
  endfacet
  facet normal 0 0 1
    outer loop
      vertex -56.7513 -21.3071 2.1
      vertex -57.5694 -28.6138 2.1
      vertex -57.2605 -28.6596 2.1
    endloop
  endfacet
  facet normal 0 0 1
    outer loop
      vertex -56.7513 -21.3071 2.1
      vertex -57.8775 -28.5654 2.1
      vertex -57.5694 -28.6138 2.1
    endloop
  endfacet
  facet normal 0 0 1
    outer loop
      vertex -56.7513 -21.3071 2.1
      vertex -58.1847 -28.5142 2.1
      vertex -57.8775 -28.5654 2.1
    endloop
  endfacet
  facet normal 0 0 1
    outer loop
      vertex -56.7513 -21.3071 2.1
      vertex -58.4911 -28.4604 2.1
      vertex -58.1847 -28.5142 2.1
    endloop
  endfacet
  facet normal 0 0 1
    outer loop
      vertex -58.7965 -28.4039 2.1
      vertex -56.7513 -21.3071 2.1
      vertex -58.7822 -20.8906 2.1
    endloop
  endfacet
  facet normal 0 0 1
    outer loop
      vertex -56.7513 -21.3071 2.1
      vertex -58.7965 -28.4039 2.1
      vertex -58.4911 -28.4604 2.1
    endloop
  endfacet
  facet normal 0 0 1
    outer loop
      vertex -60.7528 -20.3192 2.1
      vertex -58.7965 -28.4039 2.1
      vertex -58.7822 -20.8906 2.1
    endloop
  endfacet
  facet normal 0 0 1
    outer loop
      vertex -58.7965 -28.4039 2.1
      vertex -60.7528 -20.3192 2.1
      vertex -66.3089 -26.0282 2.1
    endloop
  endfacet
  facet normal 0 0 1
    outer loop
      vertex -53.5095 -48.4559 2.1
      vertex -60.7837 -50.2445 2.1
      vertex -59.7471 -52.5028 2.1
    endloop
  endfacet
  facet normal 0 0 1
    outer loop
      vertex -54.3487 -46.5534 2.1
      vertex -61.7349 -47.9491 2.1
      vertex -60.7837 -50.2445 2.1
    endloop
  endfacet
  facet normal 0 0 1
    outer loop
      vertex -55.1205 -44.6227 2.1
      vertex -62.5999 -45.6188 2.1
      vertex -61.7349 -47.9491 2.1
    endloop
  endfacet
  facet normal 0 0 1
    outer loop
      vertex -66.3089 -26.0282 2.1
      vertex -60.7528 -20.3192 2.1
      vertex -62.6562 -19.5998 2.1
    endloop
  endfacet
  facet normal 0 0 1
    outer loop
      vertex -55.8244 -42.6658 2.1
      vertex -63.3778 -43.2564 2.1
      vertex -62.5999 -45.6188 2.1
    endloop
  endfacet
  facet normal 0 0 1
    outer loop
      vertex -56.4598 -40.6848 2.1
      vertex -64.0676 -40.8643 2.1
      vertex -63.3778 -43.2564 2.1
    endloop
  endfacet
  facet normal 0 0 1
    outer loop
      vertex -66.3089 -26.0282 2.1
      vertex -62.6562 -19.5998 2.1
      vertex -64.4859 -18.7389 2.1
    endloop
  endfacet
  facet normal 0 0 1
    outer loop
      vertex -57.026 -38.6817 2.1
      vertex -64.6686 -38.4449 2.1
      vertex -64.0676 -40.8643 2.1
    endloop
  endfacet
  facet normal 0 0 1
    outer loop
      vertex -57.5224 -36.6583 2.1
      vertex -65.1797 -36.0009 2.1
      vertex -64.6686 -38.4449 2.1
    endloop
  endfacet
  facet normal 0 0 1
    outer loop
      vertex -58.303 -32.5594 2.1
      vertex -65.6003 -33.5347 2.1
      vertex -65.1797 -36.0009 2.1
    endloop
  endfacet
  facet normal 0 0 1
    outer loop
      vertex -58.586 -30.4878 2.1
      vertex -65.9292 -31.0489 2.1
      vertex -65.6003 -33.5347 2.1
    endloop
  endfacet
  facet normal 0 0 1
    outer loop
      vertex -58.7965 -28.4039 2.1
      vertex -66.1657 -28.5459 2.1
      vertex -65.9292 -31.0489 2.1
    endloop
  endfacet
  facet normal 0 0 1
    outer loop
      vertex -69.6638 -24.2647 2.1
      vertex -64.4859 -18.7389 2.1
      vertex -66.2348 -17.7433 2.1
    endloop
  endfacet
  facet normal 0 0 1
    outer loop
      vertex -58.7965 -28.4039 2.1
      vertex -66.3089 -26.0282 2.1
      vertex -66.1657 -28.5459 2.1
    endloop
  endfacet
  facet normal 0 0 1
    outer loop
      vertex -71.254 -23.2475 2.1
      vertex -66.2348 -17.7433 2.1
      vertex -67.8963 -16.62 2.1
    endloop
  endfacet
  facet normal 0 0 1
    outer loop
      vertex -64.4859 -18.7389 2.1
      vertex -68.0142 -25.1927 2.1
      vertex -66.3089 -26.0282 2.1
    endloop
  endfacet
  facet normal 0 0 1
    outer loop
      vertex -72.7814 -22.1446 2.1
      vertex -67.8963 -16.62 2.1
      vertex -69.4638 -15.3754 2.1
    endloop
  endfacet
  facet normal 0 0 1
    outer loop
      vertex -64.4859 -18.7389 2.1
      vertex -69.6638 -24.2647 2.1
      vertex -68.0142 -25.1927 2.1
    endloop
  endfacet
  facet normal 0 0 1
    outer loop
      vertex -75.6348 -19.6955 2.1
      vertex -69.4638 -15.3754 2.1
      vertex -70.9304 -14.0165 2.1
    endloop
  endfacet
  facet normal 0 0 1
    outer loop
      vertex -66.2348 -17.7433 2.1
      vertex -71.254 -23.2475 2.1
      vertex -69.6638 -24.2647 2.1
    endloop
  endfacet
  facet normal 0 0 1
    outer loop
      vertex -76.9537 -18.3561 2.1
      vertex -70.9304 -14.0165 2.1
      vertex -72.2893 -12.5499 2.1
    endloop
  endfacet
  facet normal 0 0 1
    outer loop
      vertex -67.8963 -16.62 2.1
      vertex -72.7814 -22.1446 2.1
      vertex -71.254 -23.2475 2.1
    endloop
  endfacet
  facet normal 0 0 1
    outer loop
      vertex -78.1963 -16.9446 2.1
      vertex -72.2893 -12.5499 2.1
      vertex -73.5339 -10.9825 2.1
    endloop
  endfacet
  facet normal 0 0 1
    outer loop
      vertex -69.4638 -15.3754 2.1
      vertex -74.2429 -20.9595 2.1
      vertex -72.7814 -22.1446 2.1
    endloop
  endfacet
  facet normal 0 0 1
    outer loop
      vertex -79.3591 -15.4646 2.1
      vertex -73.5339 -10.9825 2.1
      vertex -74.6572 -9.32092 2.1
    endloop
  endfacet
  facet normal 0 0 1
    outer loop
      vertex -69.4638 -15.3754 2.1
      vertex -75.6348 -19.6955 2.1
      vertex -74.2429 -20.9595 2.1
    endloop
  endfacet
  facet normal 0 0 1
    outer loop
      vertex -79.3591 -15.4646 2.1
      vertex -74.6572 -9.32092 2.1
      vertex -75.6528 -7.57196 2.1
    endloop
  endfacet
  facet normal 0 0 1
    outer loop
      vertex -79.3591 -15.4646 2.1
      vertex -75.6528 -7.57196 2.1
      vertex -76.5137 -5.74251 2.1
    endloop
  endfacet
  facet normal 0 0 1
    outer loop
      vertex -70.9304 -14.0165 2.1
      vertex -76.9537 -18.3561 2.1
      vertex -75.6348 -19.6955 2.1
    endloop
  endfacet
  facet normal 0 0 1
    outer loop
      vertex -79.3591 -15.4646 2.1
      vertex -76.5137 -5.74251 2.1
      vertex -77.2331 -3.83905 2.1
    endloop
  endfacet
  facet normal 0 0 1
    outer loop
      vertex -79.3591 -15.4646 2.1
      vertex -77.2331 -3.83905 2.1
      vertex -77.8045 -1.86845 2.1
    endloop
  endfacet
  facet normal 0 0 1
    outer loop
      vertex -72.2893 -12.5499 2.1
      vertex -78.1963 -16.9446 2.1
      vertex -76.9537 -18.3561 2.1
    endloop
  endfacet
  facet normal 0 0 1
    outer loop
      vertex -79.3591 -15.4646 2.1
      vertex -77.8045 -1.86845 2.1
      vertex -78.221 0.162567 2.1
    endloop
  endfacet
  facet normal 0 0 1
    outer loop
      vertex -79.3591 -15.4646 2.1
      vertex -78.221 0.162567 2.1
      vertex -78.4758 2.24715 2.1
    endloop
  endfacet
  facet normal 0 0 1
    outer loop
      vertex -79.3591 -15.4646 2.1
      vertex -78.4758 2.24715 2.1
      vertex -78.5622 4.37857 2.1
    endloop
  endfacet
  facet normal 0 0 1
    outer loop
      vertex -73.5339 -10.9825 2.1
      vertex -79.3591 -15.4646 2.1
      vertex -78.1963 -16.9446 2.1
    endloop
  endfacet
  facet normal 0 0 1
    outer loop
      vertex -20.9524 73.3572 2.1
      vertex -32.5001 66.8072 2.1
      vertex -21.0294 66.6724 2.1
    endloop
  endfacet
  facet normal 0 0 1
    outer loop
      vertex -30.2804 59.1601 2.1
      vertex -41.1287 66.9099 2.1
      vertex -36.0799 51.2885 2.1
    endloop
  endfacet
  facet normal 0 0 1
    outer loop
      vertex -51.7204 73.7229 2.1
      vertex -32.5001 66.8072 2.1
      vertex -20.9524 73.3572 2.1
    endloop
  endfacet
  facet normal 0 0 1
    outer loop
      vertex -32.5001 66.8072 2.1
      vertex -51.7204 73.7229 2.1
      vertex -41.1287 66.9099 2.1
    endloop
  endfacet
  facet normal 0 0 1
    outer loop
      vertex -41.1287 66.9099 2.1
      vertex -51.7204 73.7229 2.1
      vertex -51.7974 67.0381 2.1
    endloop
  endfacet
  facet normal -0 0 1
    outer loop
      vertex -30.2804 59.1601 2.1
      vertex 23.3197 51.2885 2.1
      vertex 31.6212 59.1601 2.1
    endloop
  endfacet
  facet normal 0 0 1
    outer loop
      vertex -30.2804 59.1601 2.1
      vertex -36.0799 51.2885 2.1
      vertex 23.3197 51.2885 2.1
    endloop
  endfacet
  facet normal 0 0 1
    outer loop
      vertex -41.1287 66.9099 2.1
      vertex -30.2804 59.1601 2.1
      vertex -32.5001 66.8072 2.1
    endloop
  endfacet
  facet normal 0 0 1
    outer loop
      vertex -63.6069 10.5912 2.1
      vertex -70.9212 9.85335 2.1
      vertex -63.5974 10.516 2.1
    endloop
  endfacet
  facet normal -0.0580431 0.998314 0
    outer loop
      vertex 4.75517 -89.5123 2.1
      vertex 2.16492 -89.6629 2.5
      vertex 4.75517 -89.5123 2.5
    endloop
  endfacet
  facet normal -0.0580431 0.998314 0
    outer loop
      vertex 2.16492 -89.6629 2.5
      vertex 4.75517 -89.5123 2.1
      vertex 2.16492 -89.6629 2.1
    endloop
  endfacet
  facet normal -0.0967596 0.995308 0
    outer loop
      vertex 7.32574 -89.2624 2.1
      vertex 4.75517 -89.5123 2.5
      vertex 7.32574 -89.2624 2.5
    endloop
  endfacet
  facet normal -0.0967596 0.995308 0
    outer loop
      vertex 4.75517 -89.5123 2.5
      vertex 7.32574 -89.2624 2.1
      vertex 4.75517 -89.5123 2.1
    endloop
  endfacet
  facet normal -0.135358 0.990797 0
    outer loop
      vertex 9.8745 -88.9142 2.1
      vertex 7.32574 -89.2624 2.5
      vertex 9.8745 -88.9142 2.5
    endloop
  endfacet
  facet normal -0.135358 0.990797 0
    outer loop
      vertex 7.32574 -89.2624 2.5
      vertex 9.8745 -88.9142 2.1
      vertex 7.32574 -89.2624 2.1
    endloop
  endfacet
  facet normal -0.173816 0.984778 0
    outer loop
      vertex 12.3991 -88.4686 2.1
      vertex 9.8745 -88.9142 2.5
      vertex 12.3991 -88.4686 2.5
    endloop
  endfacet
  facet normal -0.173816 0.984778 0
    outer loop
      vertex 9.8745 -88.9142 2.5
      vertex 12.3991 -88.4686 2.1
      vertex 9.8745 -88.9142 2.1
    endloop
  endfacet
  facet normal -0.212024 0.977265 0
    outer loop
      vertex 14.8973 -87.9266 2.1
      vertex 12.3991 -88.4686 2.5
      vertex 14.8973 -87.9266 2.5
    endloop
  endfacet
  facet normal -0.212024 0.977265 0
    outer loop
      vertex 12.3991 -88.4686 2.5
      vertex 14.8973 -87.9266 2.1
      vertex 12.3991 -88.4686 2.1
    endloop
  endfacet
  facet normal -0.249946 0.96826 0
    outer loop
      vertex 17.3669 -87.2891 2.1
      vertex 14.8973 -87.9266 2.5
      vertex 17.3669 -87.2891 2.5
    endloop
  endfacet
  facet normal -0.249946 0.96826 0
    outer loop
      vertex 14.8973 -87.9266 2.5
      vertex 17.3669 -87.2891 2.1
      vertex 14.8973 -87.9266 2.1
    endloop
  endfacet
  facet normal -0.287571 0.957759 0
    outer loop
      vertex 19.8055 -86.5569 2.1
      vertex 17.3669 -87.2891 2.5
      vertex 19.8055 -86.5569 2.5
    endloop
  endfacet
  facet normal -0.287571 0.957759 0
    outer loop
      vertex 17.3669 -87.2891 2.5
      vertex 19.8055 -86.5569 2.1
      vertex 17.3669 -87.2891 2.1
    endloop
  endfacet
  facet normal -0.324649 0.945835 0
    outer loop
      vertex 22.2111 -85.7312 2.1
      vertex 19.8055 -86.5569 2.5
      vertex 22.2111 -85.7312 2.5
    endloop
  endfacet
  facet normal -0.324649 0.945835 0
    outer loop
      vertex 19.8055 -86.5569 2.5
      vertex 22.2111 -85.7312 2.1
      vertex 19.8055 -86.5569 2.1
    endloop
  endfacet
  facet normal -0.36133 0.932438 0
    outer loop
      vertex 24.5811 -84.8128 2.1
      vertex 22.2111 -85.7312 2.5
      vertex 24.5811 -84.8128 2.5
    endloop
  endfacet
  facet normal -0.36133 0.932438 0
    outer loop
      vertex 22.2111 -85.7312 2.5
      vertex 24.5811 -84.8128 2.1
      vertex 22.2111 -85.7312 2.1
    endloop
  endfacet
  facet normal -0.39744 0.917628 0
    outer loop
      vertex 26.9135 -83.8026 2.1
      vertex 24.5811 -84.8128 2.5
      vertex 26.9135 -83.8026 2.5
    endloop
  endfacet
  facet normal -0.39744 0.917628 0
    outer loop
      vertex 24.5811 -84.8128 2.5
      vertex 26.9135 -83.8026 2.1
      vertex 24.5811 -84.8128 2.1
    endloop
  endfacet
  facet normal -0.432923 0.901431 0
    outer loop
      vertex 29.206 -82.7016 2.1
      vertex 26.9135 -83.8026 2.5
      vertex 29.206 -82.7016 2.5
    endloop
  endfacet
  facet normal -0.432923 0.901431 0
    outer loop
      vertex 26.9135 -83.8026 2.5
      vertex 29.206 -82.7016 2.1
      vertex 26.9135 -83.8026 2.1
    endloop
  endfacet
  facet normal -0.467754 0.883859 0
    outer loop
      vertex 31.4563 -81.5107 2.1
      vertex 29.206 -82.7016 2.5
      vertex 31.4563 -81.5107 2.5
    endloop
  endfacet
  facet normal -0.467754 0.883859 0
    outer loop
      vertex 29.206 -82.7016 2.5
      vertex 31.4563 -81.5107 2.1
      vertex 29.206 -82.7016 2.1
    endloop
  endfacet
  facet normal -0.501829 0.864967 0
    outer loop
      vertex 33.6622 -80.2309 2.1
      vertex 31.4563 -81.5107 2.5
      vertex 33.6622 -80.2309 2.5
    endloop
  endfacet
  facet normal -0.501829 0.864967 0
    outer loop
      vertex 31.4563 -81.5107 2.5
      vertex 33.6622 -80.2309 2.1
      vertex 31.4563 -81.5107 2.1
    endloop
  endfacet
  facet normal -0.535155 0.844754 0
    outer loop
      vertex 35.8213 -78.8631 2.1
      vertex 33.6622 -80.2309 2.5
      vertex 35.8213 -78.8631 2.5
    endloop
  endfacet
  facet normal -0.535155 0.844754 0
    outer loop
      vertex 33.6622 -80.2309 2.5
      vertex 35.8213 -78.8631 2.1
      vertex 33.6622 -80.2309 2.1
    endloop
  endfacet
  facet normal -0.567624 0.823288 0
    outer loop
      vertex 37.9315 -77.4082 2.1
      vertex 35.8213 -78.8631 2.5
      vertex 37.9315 -77.4082 2.5
    endloop
  endfacet
  facet normal -0.567624 0.823288 0
    outer loop
      vertex 35.8213 -78.8631 2.5
      vertex 37.9315 -77.4082 2.1
      vertex 35.8213 -78.8631 2.1
    endloop
  endfacet
  facet normal -0.599191 0.800606 0
    outer loop
      vertex 39.9905 -75.8672 2.1
      vertex 37.9315 -77.4082 2.5
      vertex 39.9905 -75.8672 2.5
    endloop
  endfacet
  facet normal -0.599191 0.800606 0
    outer loop
      vertex 37.9315 -77.4082 2.5
      vertex 39.9905 -75.8672 2.1
      vertex 37.9315 -77.4082 2.1
    endloop
  endfacet
  facet normal -0.62983 0.776733 0
    outer loop
      vertex 41.996 -74.241 2.1
      vertex 39.9905 -75.8672 2.5
      vertex 41.996 -74.241 2.5
    endloop
  endfacet
  facet normal -0.62983 0.776733 0
    outer loop
      vertex 39.9905 -75.8672 2.5
      vertex 41.996 -74.241 2.1
      vertex 39.9905 -75.8672 2.1
    endloop
  endfacet
  facet normal -0.65947 0.751731 0
    outer loop
      vertex 43.9458 -72.5305 2.1
      vertex 41.996 -74.241 2.5
      vertex 43.9458 -72.5305 2.5
    endloop
  endfacet
  facet normal -0.65947 0.751731 0
    outer loop
      vertex 41.996 -74.241 2.5
      vertex 43.9458 -72.5305 2.1
      vertex 41.996 -74.241 2.1
    endloop
  endfacet
  facet normal -0.688062 0.725652 0
    outer loop
      vertex 45.8376 -70.7367 2.1
      vertex 43.9458 -72.5305 2.5
      vertex 45.8376 -70.7367 2.5
    endloop
  endfacet
  facet normal -0.688062 0.725652 0
    outer loop
      vertex 43.9458 -72.5305 2.5
      vertex 45.8376 -70.7367 2.1
      vertex 43.9458 -72.5305 2.1
    endloop
  endfacet
  facet normal -0.715327 0.69879 0
    outer loop
      vertex 45.8376 -70.7367 2.1
      vertex 47.5997 -68.9329 2.5
      vertex 47.5997 -68.9329 2.1
    endloop
  endfacet
  facet normal -0.715327 0.69879 0
    outer loop
      vertex 47.5997 -68.9329 2.5
      vertex 45.8376 -70.7367 2.1
      vertex 45.8376 -70.7367 2.5
    endloop
  endfacet
  facet normal -0.740967 0.671541 0
    outer loop
      vertex 47.5997 -68.9329 2.1
      vertex 49.2847 -67.0737 2.5
      vertex 49.2847 -67.0737 2.1
    endloop
  endfacet
  facet normal -0.740967 0.671541 0
    outer loop
      vertex 49.2847 -67.0737 2.5
      vertex 47.5997 -68.9329 2.1
      vertex 47.5997 -68.9329 2.5
    endloop
  endfacet
  facet normal -0.765643 0.643266 0
    outer loop
      vertex 49.2847 -67.0737 2.1
      vertex 50.8916 -65.1611 2.5
      vertex 50.8916 -65.1611 2.1
    endloop
  endfacet
  facet normal -0.765643 0.643266 0
    outer loop
      vertex 50.8916 -65.1611 2.5
      vertex 49.2847 -67.0737 2.1
      vertex 49.2847 -67.0737 2.5
    endloop
  endfacet
  facet normal -0.789246 0.614077 0
    outer loop
      vertex 50.8916 -65.1611 2.1
      vertex 52.4197 -63.1971 2.5
      vertex 52.4197 -63.1971 2.1
    endloop
  endfacet
  facet normal -0.789246 0.614077 0
    outer loop
      vertex 52.4197 -63.1971 2.5
      vertex 50.8916 -65.1611 2.1
      vertex 50.8916 -65.1611 2.5
    endloop
  endfacet
  facet normal -0.811784 0.583958 0
    outer loop
      vertex 52.4197 -63.1971 2.1
      vertex 53.8679 -61.1839 2.5
      vertex 53.8679 -61.1839 2.1
    endloop
  endfacet
  facet normal -0.811784 0.583958 0
    outer loop
      vertex 53.8679 -61.1839 2.5
      vertex 52.4197 -63.1971 2.1
      vertex 52.4197 -63.1971 2.5
    endloop
  endfacet
  facet normal -0.833199 0.552973 0
    outer loop
      vertex 53.8679 -61.1839 2.1
      vertex 55.2354 -59.1234 2.5
      vertex 55.2354 -59.1234 2.1
    endloop
  endfacet
  facet normal -0.833199 0.552973 0
    outer loop
      vertex 55.2354 -59.1234 2.5
      vertex 53.8679 -61.1839 2.1
      vertex 53.8679 -61.1839 2.5
    endloop
  endfacet
  facet normal -0.853418 0.521227 0
    outer loop
      vertex 55.2354 -59.1234 2.1
      vertex 56.5214 -57.0178 2.5
      vertex 56.5214 -57.0178 2.1
    endloop
  endfacet
  facet normal -0.853418 0.521227 0
    outer loop
      vertex 56.5214 -57.0178 2.5
      vertex 55.2354 -59.1234 2.1
      vertex 55.2354 -59.1234 2.5
    endloop
  endfacet
  facet normal -0.872469 0.48867 0
    outer loop
      vertex 56.5214 -57.0178 2.1
      vertex 57.725 -54.8689 2.5
      vertex 57.725 -54.8689 2.1
    endloop
  endfacet
  facet normal -0.872469 0.48867 0
    outer loop
      vertex 57.725 -54.8689 2.5
      vertex 56.5214 -57.0178 2.1
      vertex 56.5214 -57.0178 2.5
    endloop
  endfacet
  facet normal -0.890259 0.455455 0
    outer loop
      vertex 57.725 -54.8689 2.1
      vertex 58.8454 -52.6789 2.5
      vertex 58.8454 -52.6789 2.1
    endloop
  endfacet
  facet normal -0.890259 0.455455 0
    outer loop
      vertex 58.8454 -52.6789 2.5
      vertex 57.725 -54.8689 2.1
      vertex 57.725 -54.8689 2.5
    endloop
  endfacet
  facet normal -0.906829 0.4215 0
    outer loop
      vertex 58.8454 -52.6789 2.1
      vertex 59.8815 -50.4498 2.5
      vertex 59.8815 -50.4498 2.1
    endloop
  endfacet
  facet normal -0.906829 0.4215 0
    outer loop
      vertex 59.8815 -50.4498 2.5
      vertex 58.8454 -52.6789 2.1
      vertex 58.8454 -52.6789 2.5
    endloop
  endfacet
  facet normal -0.922064 0.387038 0
    outer loop
      vertex 59.8815 -50.4498 2.1
      vertex 60.8327 -48.1837 2.5
      vertex 60.8327 -48.1837 2.1
    endloop
  endfacet
  facet normal -0.922064 0.387038 0
    outer loop
      vertex 60.8327 -48.1837 2.5
      vertex 59.8815 -50.4498 2.1
      vertex 59.8815 -50.4498 2.5
    endloop
  endfacet
  facet normal -0.936023 0.351939 0
    outer loop
      vertex 60.8327 -48.1837 2.1
      vertex 61.6979 -45.8826 2.5
      vertex 61.6979 -45.8826 2.1
    endloop
  endfacet
  facet normal -0.936023 0.351939 0
    outer loop
      vertex 61.6979 -45.8826 2.5
      vertex 60.8327 -48.1837 2.1
      vertex 60.8327 -48.1837 2.5
    endloop
  endfacet
  facet normal -0.948626 0.316398 0
    outer loop
      vertex 61.6979 -45.8826 2.1
      vertex 62.4764 -43.5485 2.5
      vertex 62.4764 -43.5485 2.1
    endloop
  endfacet
  facet normal -0.948626 0.316398 0
    outer loop
      vertex 62.4764 -43.5485 2.5
      vertex 61.6979 -45.8826 2.1
      vertex 61.6979 -45.8826 2.5
    endloop
  endfacet
  facet normal -0.959879 0.280415 0
    outer loop
      vertex 62.4764 -43.5485 2.1
      vertex 63.1673 -41.1835 2.5
      vertex 63.1673 -41.1835 2.1
    endloop
  endfacet
  facet normal -0.959879 0.280415 0
    outer loop
      vertex 63.1673 -41.1835 2.5
      vertex 62.4764 -43.5485 2.1
      vertex 62.4764 -43.5485 2.5
    endloop
  endfacet
  facet normal -0.96977 0.244022 0
    outer loop
      vertex 63.1673 -41.1835 2.1
      vertex 63.7697 -38.7895 2.5
      vertex 63.7697 -38.7895 2.1
    endloop
  endfacet
  facet normal -0.96977 0.244022 0
    outer loop
      vertex 63.7697 -38.7895 2.5
      vertex 63.1673 -41.1835 2.1
      vertex 63.1673 -41.1835 2.5
    endloop
  endfacet
  facet normal -0.978274 0.207318 0
    outer loop
      vertex 63.7697 -38.7895 2.1
      vertex 64.2827 -36.3688 2.5
      vertex 64.2827 -36.3688 2.1
    endloop
  endfacet
  facet normal -0.978274 0.207318 0
    outer loop
      vertex 64.2827 -36.3688 2.5
      vertex 63.7697 -38.7895 2.1
      vertex 63.7697 -38.7895 2.5
    endloop
  endfacet
  facet normal -0.985383 0.170355 0
    outer loop
      vertex 64.2827 -36.3688 2.1
      vertex 64.7055 -33.9232 2.5
      vertex 64.7055 -33.9232 2.1
    endloop
  endfacet
  facet normal -0.985383 0.170355 0
    outer loop
      vertex 64.7055 -33.9232 2.5
      vertex 64.2827 -36.3688 2.1
      vertex 64.2827 -36.3688 2.5
    endloop
  endfacet
  facet normal -0.991096 0.133147 0
    outer loop
      vertex 64.7055 -33.9232 2.1
      vertex 65.0371 -31.4549 2.5
      vertex 65.0371 -31.4549 2.1
    endloop
  endfacet
  facet normal -0.991096 0.133147 0
    outer loop
      vertex 65.0371 -31.4549 2.5
      vertex 64.7055 -33.9232 2.1
      vertex 64.7055 -33.9232 2.5
    endloop
  endfacet
  facet normal -0.995395 0.0958564 0
    outer loop
      vertex 65.0371 -31.4549 2.1
      vertex 65.2768 -28.9658 2.5
      vertex 65.2768 -28.9658 2.1
    endloop
  endfacet
  facet normal -0.995395 0.0958564 0
    outer loop
      vertex 65.2768 -28.9658 2.5
      vertex 65.0371 -31.4549 2.1
      vertex 65.0371 -31.4549 2.5
    endloop
  endfacet
  facet normal -0.998291 0.0584397 0
    outer loop
      vertex 65.2768 -28.9658 2.1
      vertex 65.4236 -26.4581 2.5
      vertex 65.4236 -26.4581 2.1
    endloop
  endfacet
  facet normal -0.998291 0.0584397 0
    outer loop
      vertex 65.4236 -26.4581 2.5
      vertex 65.2768 -28.9658 2.1
      vertex 65.2768 -28.9658 2.5
    endloop
  endfacet
  facet normal -0.415013 0.909815 0
    outer loop
      vertex 67.2013 -25.6472 2.1
      vertex 65.4236 -26.4581 2.5
      vertex 67.2013 -25.6472 2.5
    endloop
  endfacet
  facet normal -0.415013 0.909815 0
    outer loop
      vertex 65.4236 -26.4581 2.5
      vertex 67.2013 -25.6472 2.1
      vertex 65.4236 -26.4581 2.1
    endloop
  endfacet
  facet normal -0.467446 0.884022 0
    outer loop
      vertex 68.9217 -24.7375 2.1
      vertex 67.2013 -25.6472 2.5
      vertex 68.9217 -24.7375 2.5
    endloop
  endfacet
  facet normal -0.467446 0.884022 0
    outer loop
      vertex 67.2013 -25.6472 2.5
      vertex 68.9217 -24.7375 2.1
      vertex 67.2013 -25.6472 2.1
    endloop
  endfacet
  facet normal -0.518047 0.855352 0
    outer loop
      vertex 70.5809 -23.7326 2.1
      vertex 68.9217 -24.7375 2.5
      vertex 70.5809 -23.7326 2.5
    endloop
  endfacet
  facet normal -0.518047 0.855352 0
    outer loop
      vertex 68.9217 -24.7375 2.5
      vertex 70.5809 -23.7326 2.1
      vertex 68.9217 -24.7375 2.1
    endloop
  endfacet
  facet normal -0.566628 0.823974 0
    outer loop
      vertex 72.1754 -22.6361 2.1
      vertex 70.5809 -23.7326 2.5
      vertex 72.1754 -22.6361 2.5
    endloop
  endfacet
  facet normal -0.566628 0.823974 0
    outer loop
      vertex 70.5809 -23.7326 2.5
      vertex 72.1754 -22.6361 2.1
      vertex 70.5809 -23.7326 2.1
    endloop
  endfacet
  facet normal -0.613055 0.79004 0
    outer loop
      vertex 73.7016 -21.4518 2.1
      vertex 72.1754 -22.6361 2.5
      vertex 73.7016 -21.4518 2.5
    endloop
  endfacet
  facet normal -0.613055 0.79004 0
    outer loop
      vertex 72.1754 -22.6361 2.5
      vertex 73.7016 -21.4518 2.1
      vertex 72.1754 -22.6361 2.1
    endloop
  endfacet
  facet normal -0.657462 0.753488 0
    outer loop
      vertex 75.1556 -20.1831 2.1
      vertex 73.7016 -21.4518 2.5
      vertex 75.1556 -20.1831 2.5
    endloop
  endfacet
  facet normal -0.657462 0.753488 0
    outer loop
      vertex 73.7016 -21.4518 2.5
      vertex 75.1556 -20.1831 2.1
      vertex 73.7016 -21.4518 2.1
    endloop
  endfacet
  facet normal -0.699471 0.714661 0
    outer loop
      vertex 76.5341 -18.8339 2.1
      vertex 75.1556 -20.1831 2.5
      vertex 76.5341 -18.8339 2.5
    endloop
  endfacet
  facet normal -0.699471 0.714661 0
    outer loop
      vertex 75.1556 -20.1831 2.5
      vertex 76.5341 -18.8339 2.1
      vertex 75.1556 -20.1831 2.1
    endloop
  endfacet
  facet normal -0.739304 0.673372 0
    outer loop
      vertex 76.5341 -18.8339 2.1
      vertex 77.8332 -17.4076 2.5
      vertex 77.8332 -17.4076 2.1
    endloop
  endfacet
  facet normal -0.739304 0.673372 0
    outer loop
      vertex 77.8332 -17.4076 2.5
      vertex 76.5341 -18.8339 2.1
      vertex 76.5341 -18.8339 2.5
    endloop
  endfacet
  facet normal -0.776703 0.629867 0
    outer loop
      vertex 77.8332 -17.4076 2.1
      vertex 79.0493 -15.908 2.5
      vertex 79.0493 -15.908 2.1
    endloop
  endfacet
  facet normal -0.776703 0.629867 0
    outer loop
      vertex 79.0493 -15.908 2.5
      vertex 77.8332 -17.4076 2.1
      vertex 77.8332 -17.4076 2.5
    endloop
  endfacet
  facet normal -0.811631 0.58417 0
    outer loop
      vertex 79.0493 -15.908 2.1
      vertex 80.1788 -14.3387 2.5
      vertex 80.1788 -14.3387 2.1
    endloop
  endfacet
  facet normal -0.811631 0.58417 0
    outer loop
      vertex 80.1788 -14.3387 2.5
      vertex 79.0493 -15.908 2.1
      vertex 79.0493 -15.908 2.5
    endloop
  endfacet
  facet normal -0.843991 0.536358 0
    outer loop
      vertex 80.1788 -14.3387 2.1
      vertex 81.2181 -12.7033 2.5
      vertex 81.2181 -12.7033 2.1
    endloop
  endfacet
  facet normal -0.843991 0.536358 0
    outer loop
      vertex 81.2181 -12.7033 2.5
      vertex 80.1788 -14.3387 2.1
      vertex 80.1788 -14.3387 2.5
    endloop
  endfacet
  facet normal -0.873681 0.486499 0
    outer loop
      vertex 81.2181 -12.7033 2.1
      vertex 82.1635 -11.0055 2.5
      vertex 82.1635 -11.0055 2.1
    endloop
  endfacet
  facet normal -0.873681 0.486499 0
    outer loop
      vertex 82.1635 -11.0055 2.5
      vertex 81.2181 -12.7033 2.1
      vertex 81.2181 -12.7033 2.5
    endloop
  endfacet
  facet normal -0.900615 0.434619 0
    outer loop
      vertex 82.1635 -11.0055 2.1
      vertex 83.0112 -9.2489 2.5
      vertex 83.0112 -9.2489 2.1
    endloop
  endfacet
  facet normal -0.900615 0.434619 0
    outer loop
      vertex 83.0112 -9.2489 2.5
      vertex 82.1635 -11.0055 2.1
      vertex 82.1635 -11.0055 2.5
    endloop
  endfacet
  facet normal -0.924549 0.381063 0
    outer loop
      vertex 83.0112 -9.2489 2.1
      vertex 83.7579 -7.43723 2.5
      vertex 83.7579 -7.43723 2.1
    endloop
  endfacet
  facet normal -0.924549 0.381063 0
    outer loop
      vertex 83.7579 -7.43723 2.5
      vertex 83.0112 -9.2489 2.1
      vertex 83.0112 -9.2489 2.5
    endloop
  endfacet
  facet normal -0.94549 0.325651 0
    outer loop
      vertex 83.7579 -7.43723 2.1
      vertex 84.3996 -5.57413 2.5
      vertex 84.3996 -5.57413 2.1
    endloop
  endfacet
  facet normal -0.94549 0.325651 0
    outer loop
      vertex 84.3996 -5.57413 2.5
      vertex 83.7579 -7.43723 2.1
      vertex 83.7579 -7.43723 2.5
    endloop
  endfacet
  facet normal -0.963213 0.268739 0
    outer loop
      vertex 84.3996 -5.57413 2.1
      vertex 84.9328 -3.66304 2.5
      vertex 84.9328 -3.66304 2.1
    endloop
  endfacet
  facet normal -0.963213 0.268739 0
    outer loop
      vertex 84.9328 -3.66304 2.5
      vertex 84.3996 -5.57413 2.1
      vertex 84.3996 -5.57413 2.5
    endloop
  endfacet
  facet normal -0.977585 0.21054 0
    outer loop
      vertex 84.9328 -3.66304 2.1
      vertex 85.3539 -1.70778 2.5
      vertex 85.3539 -1.70778 2.1
    endloop
  endfacet
  facet normal -0.977585 0.21054 0
    outer loop
      vertex 85.3539 -1.70778 2.5
      vertex 84.9328 -3.66304 2.1
      vertex 84.9328 -3.66304 2.5
    endloop
  endfacet
  facet normal -0.988501 0.151214 0
    outer loop
      vertex 85.3539 -1.70778 2.1
      vertex 85.6592 0.287994 2.5
      vertex 85.6592 0.287994 2.1
    endloop
  endfacet
  facet normal -0.988501 0.151214 0
    outer loop
      vertex 85.6592 0.287994 2.5
      vertex 85.3539 -1.70778 2.1
      vertex 85.3539 -1.70778 2.5
    endloop
  endfacet
  facet normal -0.995849 0.0910227 0
    outer loop
      vertex 85.6592 0.287994 2.1
      vertex 85.845 2.32077 2.5
      vertex 85.845 2.32077 2.1
    endloop
  endfacet
  facet normal -0.995849 0.0910227 0
    outer loop
      vertex 85.845 2.32077 2.5
      vertex 85.6592 0.287994 2.1
      vertex 85.6592 0.287994 2.5
    endloop
  endfacet
  facet normal -0.99954 0.0303339 0
    outer loop
      vertex 85.845 2.32077 2.1
      vertex 85.9077 4.38681 2.5
      vertex 85.9077 4.38681 2.1
    endloop
  endfacet
  facet normal -0.99954 0.0303339 0
    outer loop
      vertex 85.9077 4.38681 2.5
      vertex 85.845 2.32077 2.1
      vertex 85.845 2.32077 2.5
    endloop
  endfacet
  facet normal -0.874157 -0.485643 0
    outer loop
      vertex 85.9077 4.38681 2.1
      vertex 85.9013 4.39833 2.5
      vertex 85.9013 4.39833 2.1
    endloop
  endfacet
  facet normal -0.874157 -0.485643 0
    outer loop
      vertex 85.9013 4.39833 2.5
      vertex 85.9077 4.38681 2.1
      vertex 85.9077 4.38681 2.5
    endloop
  endfacet
  facet normal -0.999184 -0.040386 0
    outer loop
      vertex 85.9013 4.39833 2.1
      vertex 85.7904 7.14209 2.5
      vertex 85.7904 7.14209 2.1
    endloop
  endfacet
  facet normal -0.999184 -0.040386 0
    outer loop
      vertex 85.7904 7.14209 2.5
      vertex 85.9013 4.39833 2.1
      vertex 85.9013 4.39833 2.5
    endloop
  endfacet
  facet normal -0.992653 -0.120996 0
    outer loop
      vertex 85.7904 7.14209 2.1
      vertex 85.4634 9.82481 2.5
      vertex 85.4634 9.82481 2.1
    endloop
  endfacet
  facet normal -0.992653 -0.120996 0
    outer loop
      vertex 85.4634 9.82481 2.5
      vertex 85.7904 7.14209 2.1
      vertex 85.7904 7.14209 2.5
    endloop
  endfacet
  facet normal -0.979715 -0.200398 0
    outer loop
      vertex 85.4634 9.82481 2.1
      vertex 84.9289 12.4379 2.5
      vertex 84.9289 12.4379 2.1
    endloop
  endfacet
  facet normal -0.979715 -0.200398 0
    outer loop
      vertex 84.9289 12.4379 2.5
      vertex 85.4634 9.82481 2.1
      vertex 85.4634 9.82481 2.5
    endloop
  endfacet
  facet normal -0.960608 -0.277908 0
    outer loop
      vertex 84.9289 12.4379 2.1
      vertex 84.1956 14.9726 2.5
      vertex 84.1956 14.9726 2.1
    endloop
  endfacet
  facet normal -0.960608 -0.277908 0
    outer loop
      vertex 84.1956 14.9726 2.5
      vertex 84.9289 12.4379 2.1
      vertex 84.9289 12.4379 2.5
    endloop
  endfacet
  facet normal -0.935619 -0.353012 0
    outer loop
      vertex 84.1956 14.9726 2.1
      vertex 83.272 17.4205 2.5
      vertex 83.272 17.4205 2.1
    endloop
  endfacet
  facet normal -0.935619 -0.353012 0
    outer loop
      vertex 83.272 17.4205 2.5
      vertex 84.1956 14.9726 2.1
      vertex 84.1956 14.9726 2.5
    endloop
  endfacet
  facet normal -0.905087 -0.425226 0
    outer loop
      vertex 83.272 17.4205 2.1
      vertex 82.1668 19.7729 2.5
      vertex 82.1668 19.7729 2.1
    endloop
  endfacet
  facet normal -0.905087 -0.425226 0
    outer loop
      vertex 82.1668 19.7729 2.5
      vertex 83.272 17.4205 2.1
      vertex 83.272 17.4205 2.5
    endloop
  endfacet
  facet normal -0.869321 -0.494247 0
    outer loop
      vertex 82.1668 19.7729 2.1
      vertex 80.8886 22.0211 2.5
      vertex 80.8886 22.0211 2.1
    endloop
  endfacet
  facet normal -0.869321 -0.494247 0
    outer loop
      vertex 80.8886 22.0211 2.5
      vertex 82.1668 19.7729 2.1
      vertex 82.1668 19.7729 2.5
    endloop
  endfacet
  facet normal -0.828644 -0.559776 0
    outer loop
      vertex 80.8886 22.0211 2.1
      vertex 79.446 24.1566 2.5
      vertex 79.446 24.1566 2.1
    endloop
  endfacet
  facet normal -0.828644 -0.559776 0
    outer loop
      vertex 79.446 24.1566 2.5
      vertex 80.8886 22.0211 2.1
      vertex 80.8886 22.0211 2.5
    endloop
  endfacet
  facet normal -0.783287 -0.62166 0
    outer loop
      vertex 79.446 24.1566 2.1
      vertex 77.8475 26.1707 2.5
      vertex 77.8475 26.1707 2.1
    endloop
  endfacet
  facet normal -0.783287 -0.62166 0
    outer loop
      vertex 77.8475 26.1707 2.5
      vertex 79.446 24.1566 2.1
      vertex 79.446 24.1566 2.5
    endloop
  endfacet
  facet normal -0.733572 -0.679611 0
    outer loop
      vertex 77.8475 26.1707 2.1
      vertex 76.1019 28.0549 2.5
      vertex 76.1019 28.0549 2.1
    endloop
  endfacet
  facet normal -0.733572 -0.679611 0
    outer loop
      vertex 76.1019 28.0549 2.5
      vertex 77.8475 26.1707 2.1
      vertex 77.8475 26.1707 2.5
    endloop
  endfacet
  facet normal -0.679632 -0.733553 0
    outer loop
      vertex 74.2177 29.8006 2.1
      vertex 76.1019 28.0549 2.5
      vertex 74.2177 29.8006 2.5
    endloop
  endfacet
  facet normal -0.679632 -0.733553 -0
    outer loop
      vertex 76.1019 28.0549 2.5
      vertex 74.2177 29.8006 2.1
      vertex 76.1019 28.0549 2.1
    endloop
  endfacet
  facet normal -0.621617 -0.783321 0
    outer loop
      vertex 72.2035 31.399 2.1
      vertex 74.2177 29.8006 2.5
      vertex 72.2035 31.399 2.5
    endloop
  endfacet
  facet normal -0.621617 -0.783321 -0
    outer loop
      vertex 74.2177 29.8006 2.5
      vertex 72.2035 31.399 2.1
      vertex 74.2177 29.8006 2.1
    endloop
  endfacet
  facet normal -0.559794 -0.828632 0
    outer loop
      vertex 70.0681 32.8416 2.1
      vertex 72.2035 31.399 2.5
      vertex 70.0681 32.8416 2.5
    endloop
  endfacet
  facet normal -0.559794 -0.828632 -0
    outer loop
      vertex 72.2035 31.399 2.5
      vertex 70.0681 32.8416 2.1
      vertex 72.2035 31.399 2.1
    endloop
  endfacet
  facet normal -0.49426 -0.869314 0
    outer loop
      vertex 67.8198 34.1199 2.1
      vertex 70.0681 32.8416 2.5
      vertex 67.8198 34.1199 2.5
    endloop
  endfacet
  facet normal -0.49426 -0.869314 -0
    outer loop
      vertex 70.0681 32.8416 2.5
      vertex 67.8198 34.1199 2.1
      vertex 70.0681 32.8416 2.1
    endloop
  endfacet
  facet normal -0.425241 -0.90508 0
    outer loop
      vertex 65.4675 35.2251 2.1
      vertex 67.8198 34.1199 2.5
      vertex 65.4675 35.2251 2.5
    endloop
  endfacet
  facet normal -0.425241 -0.90508 -0
    outer loop
      vertex 67.8198 34.1199 2.5
      vertex 65.4675 35.2251 2.1
      vertex 67.8198 34.1199 2.1
    endloop
  endfacet
  facet normal -0.353012 -0.935619 0
    outer loop
      vertex 63.0196 36.1487 2.1
      vertex 65.4675 35.2251 2.5
      vertex 63.0196 36.1487 2.5
    endloop
  endfacet
  facet normal -0.353012 -0.935619 -0
    outer loop
      vertex 65.4675 35.2251 2.5
      vertex 63.0196 36.1487 2.1
      vertex 65.4675 35.2251 2.1
    endloop
  endfacet
  facet normal -0.277863 -0.960621 0
    outer loop
      vertex 60.4848 36.8819 2.1
      vertex 63.0196 36.1487 2.5
      vertex 60.4848 36.8819 2.5
    endloop
  endfacet
  facet normal -0.277863 -0.960621 -0
    outer loop
      vertex 63.0196 36.1487 2.5
      vertex 60.4848 36.8819 2.1
      vertex 63.0196 36.1487 2.1
    endloop
  endfacet
  facet normal -0.200404 -0.979713 0
    outer loop
      vertex 57.8718 37.4164 2.1
      vertex 60.4848 36.8819 2.5
      vertex 57.8718 37.4164 2.5
    endloop
  endfacet
  facet normal -0.200404 -0.979713 -0
    outer loop
      vertex 60.4848 36.8819 2.5
      vertex 57.8718 37.4164 2.1
      vertex 60.4848 36.8819 2.1
    endloop
  endfacet
  facet normal -0.120997 -0.992653 0
    outer loop
      vertex 55.1891 37.7434 2.1
      vertex 57.8718 37.4164 2.5
      vertex 55.1891 37.7434 2.5
    endloop
  endfacet
  facet normal -0.120997 -0.992653 -0
    outer loop
      vertex 57.8718 37.4164 2.5
      vertex 55.1891 37.7434 2.1
      vertex 57.8718 37.4164 2.1
    endloop
  endfacet
  facet normal -0.0404218 -0.999183 0
    outer loop
      vertex 52.4453 37.8544 2.1
      vertex 55.1891 37.7434 2.5
      vertex 52.4453 37.8544 2.5
    endloop
  endfacet
  facet normal -0.0404218 -0.999183 -0
    outer loop
      vertex 55.1891 37.7434 2.5
      vertex 52.4453 37.8544 2.1
      vertex 55.1891 37.7434 2.1
    endloop
  endfacet
  facet normal 0.00531312 -0.999986 0
    outer loop
      vertex 52.0877 37.8525 2.1
      vertex 52.4453 37.8544 2.5
      vertex 52.0877 37.8525 2.5
    endloop
  endfacet
  facet normal 0.00531312 -0.999986 0
    outer loop
      vertex 52.4453 37.8544 2.5
      vertex 52.0877 37.8525 2.1
      vertex 52.4453 37.8544 2.1
    endloop
  endfacet
  facet normal 0.0159778 -0.999872 0
    outer loop
      vertex 51.731 37.8468 2.1
      vertex 52.0877 37.8525 2.5
      vertex 51.731 37.8468 2.5
    endloop
  endfacet
  facet normal 0.0159778 -0.999872 0
    outer loop
      vertex 52.0877 37.8525 2.5
      vertex 51.731 37.8468 2.1
      vertex 52.0877 37.8525 2.1
    endloop
  endfacet
  facet normal 0.0261147 -0.999659 0
    outer loop
      vertex 51.375 37.8375 2.1
      vertex 51.731 37.8468 2.5
      vertex 51.375 37.8375 2.5
    endloop
  endfacet
  facet normal 0.0261147 -0.999659 0
    outer loop
      vertex 51.731 37.8468 2.5
      vertex 51.375 37.8375 2.1
      vertex 51.731 37.8468 2.1
    endloop
  endfacet
  facet normal 0.0365849 -0.999331 0
    outer loop
      vertex 51.0199 37.8245 2.1
      vertex 51.375 37.8375 2.5
      vertex 51.0199 37.8245 2.5
    endloop
  endfacet
  facet normal 0.0365849 -0.999331 0
    outer loop
      vertex 51.375 37.8375 2.5
      vertex 51.0199 37.8245 2.1
      vertex 51.375 37.8375 2.1
    endloop
  endfacet
  facet normal 0.0470962 -0.99889 0
    outer loop
      vertex 50.6657 37.8078 2.1
      vertex 51.0199 37.8245 2.5
      vertex 50.6657 37.8078 2.5
    endloop
  endfacet
  facet normal 0.0470962 -0.99889 0
    outer loop
      vertex 51.0199 37.8245 2.5
      vertex 50.6657 37.8078 2.1
      vertex 51.0199 37.8245 2.1
    endloop
  endfacet
  facet normal 0.0579106 -0.998322 0
    outer loop
      vertex 50.3123 37.7873 2.1
      vertex 50.6657 37.8078 2.5
      vertex 50.3123 37.7873 2.5
    endloop
  endfacet
  facet normal 0.0579106 -0.998322 0
    outer loop
      vertex 50.6657 37.8078 2.5
      vertex 50.3123 37.7873 2.1
      vertex 50.6657 37.8078 2.1
    endloop
  endfacet
  facet normal 0.0682481 -0.997668 0
    outer loop
      vertex 49.96 37.7632 2.1
      vertex 50.3123 37.7873 2.5
      vertex 49.96 37.7632 2.5
    endloop
  endfacet
  facet normal 0.0682481 -0.997668 0
    outer loop
      vertex 50.3123 37.7873 2.5
      vertex 49.96 37.7632 2.1
      vertex 50.3123 37.7873 2.1
    endloop
  endfacet
  facet normal 0.0785838 -0.996908 0
    outer loop
      vertex 49.6086 37.7355 2.1
      vertex 49.96 37.7632 2.5
      vertex 49.6086 37.7355 2.5
    endloop
  endfacet
  facet normal 0.0785838 -0.996908 0
    outer loop
      vertex 49.96 37.7632 2.5
      vertex 49.6086 37.7355 2.1
      vertex 49.96 37.7632 2.1
    endloop
  endfacet
  facet normal 0.0892542 -0.996009 0
    outer loop
      vertex 49.2582 37.7041 2.1
      vertex 49.6086 37.7355 2.5
      vertex 49.2582 37.7041 2.5
    endloop
  endfacet
  facet normal 0.0892542 -0.996009 0
    outer loop
      vertex 49.6086 37.7355 2.5
      vertex 49.2582 37.7041 2.1
      vertex 49.6086 37.7355 2.1
    endloop
  endfacet
  facet normal 0.0996729 -0.99502 0
    outer loop
      vertex 48.9088 37.6691 2.1
      vertex 49.2582 37.7041 2.5
      vertex 48.9088 37.6691 2.5
    endloop
  endfacet
  facet normal 0.0996729 -0.99502 0
    outer loop
      vertex 49.2582 37.7041 2.5
      vertex 48.9088 37.6691 2.1
      vertex 49.2582 37.7041 2.1
    endloop
  endfacet
  facet normal 0.110463 -0.99388 0
    outer loop
      vertex 48.5606 37.6304 2.1
      vertex 48.9088 37.6691 2.5
      vertex 48.5606 37.6304 2.5
    endloop
  endfacet
  facet normal 0.110463 -0.99388 0
    outer loop
      vertex 48.9088 37.6691 2.5
      vertex 48.5606 37.6304 2.1
      vertex 48.9088 37.6691 2.1
    endloop
  endfacet
  facet normal 0.12034 -0.992733 0
    outer loop
      vertex 48.2133 37.5883 2.1
      vertex 48.5606 37.6304 2.5
      vertex 48.2133 37.5883 2.5
    endloop
  endfacet
  facet normal 0.12034 -0.992733 0
    outer loop
      vertex 48.5606 37.6304 2.5
      vertex 48.2133 37.5883 2.1
      vertex 48.5606 37.6304 2.1
    endloop
  endfacet
  facet normal 0.131225 -0.991353 0
    outer loop
      vertex 47.8673 37.5425 2.1
      vertex 48.2133 37.5883 2.5
      vertex 47.8673 37.5425 2.5
    endloop
  endfacet
  facet normal 0.131225 -0.991353 0
    outer loop
      vertex 48.2133 37.5883 2.5
      vertex 47.8673 37.5425 2.1
      vertex 48.2133 37.5883 2.1
    endloop
  endfacet
  facet normal 0.141743 -0.989904 0
    outer loop
      vertex 47.5223 37.4931 2.1
      vertex 47.8673 37.5425 2.5
      vertex 47.5223 37.4931 2.5
    endloop
  endfacet
  facet normal 0.141743 -0.989904 0
    outer loop
      vertex 47.8673 37.5425 2.5
      vertex 47.5223 37.4931 2.1
      vertex 47.8673 37.5425 2.1
    endloop
  endfacet
  facet normal 0.152122 -0.988362 0
    outer loop
      vertex 47.1786 37.4402 2.1
      vertex 47.5223 37.4931 2.5
      vertex 47.1786 37.4402 2.5
    endloop
  endfacet
  facet normal 0.152122 -0.988362 0
    outer loop
      vertex 47.5223 37.4931 2.5
      vertex 47.1786 37.4402 2.1
      vertex 47.5223 37.4931 2.1
    endloop
  endfacet
  facet normal 0.162391 -0.986726 0
    outer loop
      vertex 46.8359 37.3838 2.1
      vertex 47.1786 37.4402 2.5
      vertex 46.8359 37.3838 2.5
    endloop
  endfacet
  facet normal 0.162391 -0.986726 0
    outer loop
      vertex 47.1786 37.4402 2.5
      vertex 46.8359 37.3838 2.1
      vertex 47.1786 37.4402 2.1
    endloop
  endfacet
  facet normal 0.173143 -0.984897 0
    outer loop
      vertex 46.4946 37.3238 2.1
      vertex 46.8359 37.3838 2.5
      vertex 46.4946 37.3238 2.5
    endloop
  endfacet
  facet normal 0.173143 -0.984897 0
    outer loop
      vertex 46.8359 37.3838 2.5
      vertex 46.4946 37.3238 2.1
      vertex 46.8359 37.3838 2.1
    endloop
  endfacet
  facet normal 0.183311 -0.983055 0
    outer loop
      vertex 46.1546 37.2604 2.1
      vertex 46.4946 37.3238 2.5
      vertex 46.1546 37.2604 2.5
    endloop
  endfacet
  facet normal 0.183311 -0.983055 0
    outer loop
      vertex 46.4946 37.3238 2.5
      vertex 46.1546 37.2604 2.1
      vertex 46.4946 37.3238 2.1
    endloop
  endfacet
  facet normal 0.193945 -0.981012 0
    outer loop
      vertex 45.8157 37.1934 2.1
      vertex 46.1546 37.2604 2.5
      vertex 45.8157 37.1934 2.5
    endloop
  endfacet
  facet normal 0.193945 -0.981012 0
    outer loop
      vertex 46.1546 37.2604 2.5
      vertex 45.8157 37.1934 2.1
      vertex 46.1546 37.2604 2.1
    endloop
  endfacet
  facet normal 0.204255 -0.978918 0
    outer loop
      vertex 45.4783 37.123 2.1
      vertex 45.8157 37.1934 2.5
      vertex 45.4783 37.123 2.5
    endloop
  endfacet
  facet normal 0.204255 -0.978918 0
    outer loop
      vertex 45.8157 37.1934 2.5
      vertex 45.4783 37.123 2.1
      vertex 45.8157 37.1934 2.1
    endloop
  endfacet
  facet normal -0.950662 -0.310228 0
    outer loop
      vertex 45.4783 37.123 2.1
      vertex 34.322 71.3103 2.5
      vertex 34.322 71.3103 2.1
    endloop
  endfacet
  facet normal -0.950662 -0.310228 0
    outer loop
      vertex 34.322 71.3103 2.5
      vertex 45.4783 37.123 2.1
      vertex 45.4783 37.123 2.5
    endloop
  endfacet
  facet normal 0.00294398 0.999996 -0
    outer loop
      vertex 38.5 71.298 2.1
      vertex 34.322 71.3103 2.5
      vertex 38.5 71.298 2.5
    endloop
  endfacet
  facet normal 0.00294398 0.999996 0
    outer loop
      vertex 34.322 71.3103 2.5
      vertex 38.5 71.298 2.1
      vertex 34.322 71.3103 2.1
    endloop
  endfacet
  facet normal 0 1 -0
    outer loop
      vertex 38.569 71.298 2.1
      vertex 38.5 71.298 2.5
      vertex 38.569 71.298 2.5
    endloop
  endfacet
  facet normal 0 1 0
    outer loop
      vertex 38.5 71.298 2.5
      vertex 38.569 71.298 2.1
      vertex 38.5 71.298 2.1
    endloop
  endfacet
  facet normal 0.00500257 0.999987 -0
    outer loop
      vertex 39.3286 71.2942 2.1
      vertex 38.569 71.298 2.5
      vertex 39.3286 71.2942 2.5
    endloop
  endfacet
  facet normal 0.00500257 0.999987 0
    outer loop
      vertex 38.569 71.298 2.5
      vertex 39.3286 71.2942 2.1
      vertex 38.569 71.298 2.1
    endloop
  endfacet
  facet normal 0.0157092 0.999877 -0
    outer loop
      vertex 40.0542 71.2828 2.1
      vertex 39.3286 71.2942 2.5
      vertex 40.0542 71.2828 2.5
    endloop
  endfacet
  facet normal 0.0157092 0.999877 0
    outer loop
      vertex 39.3286 71.2942 2.5
      vertex 40.0542 71.2828 2.1
      vertex 39.3286 71.2942 2.1
    endloop
  endfacet
  facet normal 0.0276186 0.999619 -0
    outer loop
      vertex 40.7455 71.2637 2.1
      vertex 40.0542 71.2828 2.5
      vertex 40.7455 71.2637 2.5
    endloop
  endfacet
  facet normal 0.0276186 0.999619 0
    outer loop
      vertex 40.0542 71.2828 2.5
      vertex 40.7455 71.2637 2.1
      vertex 40.0542 71.2828 2.1
    endloop
  endfacet
  facet normal 0.0410737 0.999156 -0
    outer loop
      vertex 41.4023 71.2367 2.1
      vertex 40.7455 71.2637 2.5
      vertex 41.4023 71.2367 2.5
    endloop
  endfacet
  facet normal 0.0410737 0.999156 0
    outer loop
      vertex 40.7455 71.2637 2.5
      vertex 41.4023 71.2367 2.1
      vertex 40.7455 71.2637 2.1
    endloop
  endfacet
  facet normal 0.0560302 0.998429 -0
    outer loop
      vertex 42.0242 71.2018 2.1
      vertex 41.4023 71.2367 2.5
      vertex 42.0242 71.2018 2.5
    endloop
  endfacet
  facet normal 0.0560302 0.998429 0
    outer loop
      vertex 41.4023 71.2367 2.5
      vertex 42.0242 71.2018 2.1
      vertex 41.4023 71.2367 2.1
    endloop
  endfacet
  facet normal 0.0729014 0.997339 -0
    outer loop
      vertex 42.6111 71.1589 2.1
      vertex 42.0242 71.2018 2.5
      vertex 42.6111 71.1589 2.5
    endloop
  endfacet
  facet normal 0.0729014 0.997339 0
    outer loop
      vertex 42.0242 71.2018 2.5
      vertex 42.6111 71.1589 2.1
      vertex 42.0242 71.2018 2.1
    endloop
  endfacet
  facet normal 0.0922612 0.995735 -0
    outer loop
      vertex 43.1626 71.1078 2.1
      vertex 42.6111 71.1589 2.5
      vertex 43.1626 71.1078 2.5
    endloop
  endfacet
  facet normal 0.0922612 0.995735 0
    outer loop
      vertex 42.6111 71.1589 2.5
      vertex 43.1626 71.1078 2.1
      vertex 42.6111 71.1589 2.1
    endloop
  endfacet
  facet normal 0.114573 0.993415 -0
    outer loop
      vertex 43.6785 71.0483 2.1
      vertex 43.1626 71.1078 2.5
      vertex 43.6785 71.0483 2.5
    endloop
  endfacet
  facet normal 0.114573 0.993415 0
    outer loop
      vertex 43.1626 71.1078 2.5
      vertex 43.6785 71.0483 2.1
      vertex 43.1626 71.1078 2.1
    endloop
  endfacet
  facet normal 0.139833 0.990175 -0
    outer loop
      vertex 44.1586 70.9805 2.1
      vertex 43.6785 71.0483 2.5
      vertex 44.1586 70.9805 2.5
    endloop
  endfacet
  facet normal 0.139833 0.990175 0
    outer loop
      vertex 43.6785 71.0483 2.5
      vertex 44.1586 70.9805 2.1
      vertex 43.6785 71.0483 2.1
    endloop
  endfacet
  facet normal 0.169364 0.985554 -0
    outer loop
      vertex 44.6026 70.9042 2.1
      vertex 44.1586 70.9805 2.5
      vertex 44.6026 70.9042 2.5
    endloop
  endfacet
  facet normal 0.169364 0.985554 0
    outer loop
      vertex 44.1586 70.9805 2.5
      vertex 44.6026 70.9042 2.1
      vertex 44.1586 70.9805 2.1
    endloop
  endfacet
  facet normal 0.203964 0.978978 -0
    outer loop
      vertex 45.0101 70.8193 2.1
      vertex 44.6026 70.9042 2.5
      vertex 45.0101 70.8193 2.5
    endloop
  endfacet
  facet normal 0.203964 0.978978 0
    outer loop
      vertex 44.6026 70.9042 2.5
      vertex 45.0101 70.8193 2.1
      vertex 44.6026 70.9042 2.1
    endloop
  endfacet
  facet normal 0.244626 0.969618 -0
    outer loop
      vertex 45.3811 70.7257 2.1
      vertex 45.0101 70.8193 2.5
      vertex 45.3811 70.7257 2.5
    endloop
  endfacet
  facet normal 0.244626 0.969618 0
    outer loop
      vertex 45.0101 70.8193 2.5
      vertex 45.3811 70.7257 2.1
      vertex 45.0101 70.8193 2.1
    endloop
  endfacet
  facet normal 0.293302 0.95602 -0
    outer loop
      vertex 45.7152 70.6232 2.1
      vertex 45.3811 70.7257 2.5
      vertex 45.7152 70.6232 2.5
    endloop
  endfacet
  facet normal 0.293302 0.95602 0
    outer loop
      vertex 45.3811 70.7257 2.5
      vertex 45.7152 70.6232 2.1
      vertex 45.3811 70.7257 2.1
    endloop
  endfacet
  facet normal 0.351296 0.936264 -0
    outer loop
      vertex 46.0121 70.5118 2.1
      vertex 45.7152 70.6232 2.5
      vertex 46.0121 70.5118 2.5
    endloop
  endfacet
  facet normal 0.351296 0.936264 0
    outer loop
      vertex 45.7152 70.6232 2.5
      vertex 46.0121 70.5118 2.1
      vertex 45.7152 70.6232 2.1
    endloop
  endfacet
  facet normal 0.421163 0.906985 -0
    outer loop
      vertex 46.2716 70.3913 2.1
      vertex 46.0121 70.5118 2.5
      vertex 46.2716 70.3913 2.5
    endloop
  endfacet
  facet normal 0.421163 0.906985 0
    outer loop
      vertex 46.0121 70.5118 2.5
      vertex 46.2716 70.3913 2.1
      vertex 46.0121 70.5118 2.1
    endloop
  endfacet
  facet normal 0.5045 0.863412 -0
    outer loop
      vertex 46.4934 70.2617 2.1
      vertex 46.2716 70.3913 2.5
      vertex 46.4934 70.2617 2.5
    endloop
  endfacet
  facet normal 0.5045 0.863412 0
    outer loop
      vertex 46.2716 70.3913 2.5
      vertex 46.4934 70.2617 2.1
      vertex 46.2716 70.3913 2.1
    endloop
  endfacet
  facet normal 0.603189 0.797598 -0
    outer loop
      vertex 46.6772 70.1227 2.1
      vertex 46.4934 70.2617 2.5
      vertex 46.6772 70.1227 2.5
    endloop
  endfacet
  facet normal 0.603189 0.797598 0
    outer loop
      vertex 46.4934 70.2617 2.5
      vertex 46.6772 70.1227 2.1
      vertex 46.4934 70.2617 2.1
    endloop
  endfacet
  facet normal 0.713092 0.701071 0
    outer loop
      vertex 46.823 69.9744 2.5
      vertex 46.6772 70.1227 2.1
      vertex 46.6772 70.1227 2.5
    endloop
  endfacet
  facet normal 0.713092 0.701071 0
    outer loop
      vertex 46.6772 70.1227 2.1
      vertex 46.823 69.9744 2.5
      vertex 46.823 69.9744 2.1
    endloop
  endfacet
  facet normal 0.827014 0.562181 0
    outer loop
      vertex 46.9302 69.8167 2.5
      vertex 46.823 69.9744 2.1
      vertex 46.823 69.9744 2.5
    endloop
  endfacet
  facet normal 0.827014 0.562181 0
    outer loop
      vertex 46.823 69.9744 2.1
      vertex 46.9302 69.8167 2.5
      vertex 46.9302 69.8167 2.1
    endloop
  endfacet
  facet normal 0.925591 0.378525 0
    outer loop
      vertex 46.9987 69.6492 2.5
      vertex 46.9302 69.8167 2.1
      vertex 46.9302 69.8167 2.5
    endloop
  endfacet
  facet normal 0.925591 0.378525 0
    outer loop
      vertex 46.9302 69.8167 2.1
      vertex 46.9987 69.6492 2.5
      vertex 46.9987 69.6492 2.1
    endloop
  endfacet
  facet normal 0.97301 0.230762 0
    outer loop
      vertex 47.0435 69.4603 2.5
      vertex 46.9987 69.6492 2.1
      vertex 46.9987 69.6492 2.5
    endloop
  endfacet
  facet normal 0.97301 0.230762 0
    outer loop
      vertex 46.9987 69.6492 2.1
      vertex 47.0435 69.4603 2.5
      vertex 47.0435 69.4603 2.1
    endloop
  endfacet
  facet normal 0.988181 0.153293 0
    outer loop
      vertex 47.0724 69.274 2.5
      vertex 47.0435 69.4603 2.1
      vertex 47.0435 69.4603 2.5
    endloop
  endfacet
  facet normal 0.988181 0.153293 0
    outer loop
      vertex 47.0435 69.4603 2.1
      vertex 47.0724 69.274 2.5
      vertex 47.0724 69.274 2.1
    endloop
  endfacet
  facet normal 0.997486 0.0708626 0
    outer loop
      vertex 47.0855 69.0896 2.5
      vertex 47.0724 69.274 2.1
      vertex 47.0724 69.274 2.5
    endloop
  endfacet
  facet normal 0.997486 0.0708626 0
    outer loop
      vertex 47.0724 69.274 2.1
      vertex 47.0855 69.0896 2.5
      vertex 47.0855 69.0896 2.1
    endloop
  endfacet
  facet normal 0.999935 -0.0114434 0
    outer loop
      vertex 47.0834 68.9061 2.5
      vertex 47.0855 69.0896 2.1
      vertex 47.0855 69.0896 2.5
    endloop
  endfacet
  facet normal 0.999935 -0.0114434 0
    outer loop
      vertex 47.0855 69.0896 2.1
      vertex 47.0834 68.9061 2.5
      vertex 47.0834 68.9061 2.1
    endloop
  endfacet
  facet normal 0.99579 -0.0916604 0
    outer loop
      vertex 47.0665 68.7225 2.5
      vertex 47.0834 68.9061 2.1
      vertex 47.0834 68.9061 2.5
    endloop
  endfacet
  facet normal 0.99579 -0.0916604 0
    outer loop
      vertex 47.0834 68.9061 2.1
      vertex 47.0665 68.7225 2.5
      vertex 47.0665 68.7225 2.1
    endloop
  endfacet
  facet normal 0.985736 -0.168296 0
    outer loop
      vertex 47.035 68.538 2.5
      vertex 47.0665 68.7225 2.1
      vertex 47.0665 68.7225 2.5
    endloop
  endfacet
  facet normal 0.985736 -0.168296 0
    outer loop
      vertex 47.0665 68.7225 2.1
      vertex 47.035 68.538 2.5
      vertex 47.035 68.538 2.1
    endloop
  endfacet
  facet normal 0.971177 -0.238361 0
    outer loop
      vertex 46.9893 68.3518 2.5
      vertex 47.035 68.538 2.1
      vertex 47.035 68.538 2.5
    endloop
  endfacet
  facet normal 0.971177 -0.238361 0
    outer loop
      vertex 47.035 68.538 2.1
      vertex 46.9893 68.3518 2.5
      vertex 46.9893 68.3518 2.1
    endloop
  endfacet
  facet normal 0.953948 -0.299971 0
    outer loop
      vertex 46.9299 68.1629 2.5
      vertex 46.9893 68.3518 2.1
      vertex 46.9893 68.3518 2.5
    endloop
  endfacet
  facet normal 0.953948 -0.299971 0
    outer loop
      vertex 46.9893 68.3518 2.1
      vertex 46.9299 68.1629 2.5
      vertex 46.9299 68.1629 2.1
    endloop
  endfacet
  facet normal 0.934964 -0.354742 0
    outer loop
      vertex 46.8569 67.9705 2.5
      vertex 46.9299 68.1629 2.1
      vertex 46.9299 68.1629 2.5
    endloop
  endfacet
  facet normal 0.934964 -0.354742 0
    outer loop
      vertex 46.9299 68.1629 2.1
      vertex 46.8569 67.9705 2.5
      vertex 46.8569 67.9705 2.1
    endloop
  endfacet
  facet normal 0.916477 -0.400087 0
    outer loop
      vertex 46.7709 67.7735 2.5
      vertex 46.8569 67.9705 2.1
      vertex 46.8569 67.9705 2.5
    endloop
  endfacet
  facet normal 0.916477 -0.400087 0
    outer loop
      vertex 46.8569 67.9705 2.1
      vertex 46.7709 67.7735 2.5
      vertex 46.7709 67.7735 2.1
    endloop
  endfacet
  facet normal 0.898914 -0.438126 0
    outer loop
      vertex 46.6723 67.5712 2.5
      vertex 46.7709 67.7735 2.1
      vertex 46.7709 67.7735 2.5
    endloop
  endfacet
  facet normal 0.898914 -0.438126 0
    outer loop
      vertex 46.7709 67.7735 2.1
      vertex 46.6723 67.5712 2.5
      vertex 46.6723 67.5712 2.1
    endloop
  endfacet
  facet normal 0.882611 -0.470105 0
    outer loop
      vertex 46.5613 67.3628 2.5
      vertex 46.6723 67.5712 2.1
      vertex 46.6723 67.5712 2.5
    endloop
  endfacet
  facet normal 0.882611 -0.470105 0
    outer loop
      vertex 46.6723 67.5712 2.1
      vertex 46.5613 67.3628 2.5
      vertex 46.5613 67.3628 2.1
    endloop
  endfacet
  facet normal 0.86859 -0.495531 0
    outer loop
      vertex 46.4383 67.1472 2.5
      vertex 46.5613 67.3628 2.1
      vertex 46.5613 67.3628 2.5
    endloop
  endfacet
  facet normal 0.86859 -0.495531 0
    outer loop
      vertex 46.5613 67.3628 2.1
      vertex 46.4383 67.1472 2.5
      vertex 46.4383 67.1472 2.1
    endloop
  endfacet
  facet normal 0.856748 -0.515735 0
    outer loop
      vertex 46.3037 66.9236 2.5
      vertex 46.4383 67.1472 2.1
      vertex 46.4383 67.1472 2.5
    endloop
  endfacet
  facet normal 0.856748 -0.515735 0
    outer loop
      vertex 46.4383 67.1472 2.1
      vertex 46.3037 66.9236 2.5
      vertex 46.3037 66.9236 2.1
    endloop
  endfacet
  facet normal 0.847302 -0.531112 0
    outer loop
      vertex 46.1579 66.691 2.5
      vertex 46.3037 66.9236 2.1
      vertex 46.3037 66.9236 2.5
    endloop
  endfacet
  facet normal 0.847302 -0.531112 0
    outer loop
      vertex 46.3037 66.9236 2.1
      vertex 46.1579 66.691 2.5
      vertex 46.1579 66.691 2.1
    endloop
  endfacet
  facet normal 0.8397 -0.54305 0
    outer loop
      vertex 46.0012 66.4487 2.5
      vertex 46.1579 66.691 2.1
      vertex 46.1579 66.691 2.5
    endloop
  endfacet
  facet normal 0.8397 -0.54305 0
    outer loop
      vertex 46.1579 66.691 2.1
      vertex 46.0012 66.4487 2.5
      vertex 46.0012 66.4487 2.1
    endloop
  endfacet
  facet normal 0.834276 -0.551347 0
    outer loop
      vertex 45.834 66.1957 2.5
      vertex 46.0012 66.4487 2.1
      vertex 46.0012 66.4487 2.5
    endloop
  endfacet
  facet normal 0.834276 -0.551347 0
    outer loop
      vertex 46.0012 66.4487 2.1
      vertex 45.834 66.1957 2.5
      vertex 45.834 66.1957 2.1
    endloop
  endfacet
  facet normal 0.830647 -0.5568 0
    outer loop
      vertex 45.6567 65.9312 2.5
      vertex 45.834 66.1957 2.1
      vertex 45.834 66.1957 2.5
    endloop
  endfacet
  facet normal 0.830647 -0.5568 0
    outer loop
      vertex 45.834 66.1957 2.1
      vertex 45.6567 65.9312 2.5
      vertex 45.6567 65.9312 2.1
    endloop
  endfacet
  facet normal 0.82863 -0.559796 0
    outer loop
      vertex 45.4695 65.6541 2.5
      vertex 45.6567 65.9312 2.1
      vertex 45.6567 65.9312 2.5
    endloop
  endfacet
  facet normal 0.82863 -0.559796 0
    outer loop
      vertex 45.6567 65.9312 2.1
      vertex 45.4695 65.6541 2.5
      vertex 45.4695 65.6541 2.1
    endloop
  endfacet
  facet normal 0.828124 -0.560545 0
    outer loop
      vertex 45.273 65.3638 2.5
      vertex 45.4695 65.6541 2.1
      vertex 45.4695 65.6541 2.5
    endloop
  endfacet
  facet normal 0.828124 -0.560545 0
    outer loop
      vertex 45.4695 65.6541 2.1
      vertex 45.273 65.3638 2.5
      vertex 45.273 65.3638 2.1
    endloop
  endfacet
  facet normal 0.573778 0.819011 -0
    outer loop
      vertex 49.7509 62.2267 2.1
      vertex 45.273 65.3638 2.5
      vertex 49.7509 62.2267 2.5
    endloop
  endfacet
  facet normal 0.573778 0.819011 0
    outer loop
      vertex 45.273 65.3638 2.5
      vertex 49.7509 62.2267 2.1
      vertex 45.273 65.3638 2.1
    endloop
  endfacet
  facet normal -0.825482 0.564428 0
    outer loop
      vertex 49.7509 62.2267 2.1
      vertex 50.3044 63.0362 2.5
      vertex 50.3044 63.0362 2.1
    endloop
  endfacet
  facet normal -0.825482 0.564428 0
    outer loop
      vertex 50.3044 63.0362 2.5
      vertex 49.7509 62.2267 2.1
      vertex 49.7509 62.2267 2.5
    endloop
  endfacet
  facet normal -0.839603 0.543201 0
    outer loop
      vertex 50.3044 63.0362 2.1
      vertex 50.7983 63.7996 2.5
      vertex 50.7983 63.7996 2.1
    endloop
  endfacet
  facet normal -0.839603 0.543201 0
    outer loop
      vertex 50.7983 63.7996 2.5
      vertex 50.3044 63.0362 2.1
      vertex 50.3044 63.0362 2.5
    endloop
  endfacet
  facet normal -0.854799 0.51896 0
    outer loop
      vertex 50.7983 63.7996 2.1
      vertex 51.2353 64.5194 2.5
      vertex 51.2353 64.5194 2.1
    endloop
  endfacet
  facet normal -0.854799 0.51896 0
    outer loop
      vertex 51.2353 64.5194 2.5
      vertex 50.7983 63.7996 2.1
      vertex 50.7983 63.7996 2.5
    endloop
  endfacet
  facet normal -0.87126 0.490822 0
    outer loop
      vertex 51.2353 64.5194 2.1
      vertex 51.6177 65.1982 2.5
      vertex 51.6177 65.1982 2.1
    endloop
  endfacet
  facet normal -0.87126 0.490822 0
    outer loop
      vertex 51.6177 65.1982 2.5
      vertex 51.2353 64.5194 2.1
      vertex 51.2353 64.5194 2.5
    endloop
  endfacet
  facet normal -0.888692 0.458505 0
    outer loop
      vertex 51.6177 65.1982 2.1
      vertex 51.948 65.8384 2.5
      vertex 51.948 65.8384 2.1
    endloop
  endfacet
  facet normal -0.888692 0.458505 0
    outer loop
      vertex 51.948 65.8384 2.5
      vertex 51.6177 65.1982 2.1
      vertex 51.6177 65.1982 2.5
    endloop
  endfacet
  facet normal -0.906792 0.421579 0
    outer loop
      vertex 51.948 65.8384 2.1
      vertex 52.2289 66.4426 2.5
      vertex 52.2289 66.4426 2.1
    endloop
  endfacet
  facet normal -0.906792 0.421579 0
    outer loop
      vertex 52.2289 66.4426 2.5
      vertex 51.948 65.8384 2.1
      vertex 51.948 65.8384 2.5
    endloop
  endfacet
  facet normal -0.925325 0.379176 0
    outer loop
      vertex 52.2289 66.4426 2.1
      vertex 52.4628 67.0134 2.5
      vertex 52.4628 67.0134 2.1
    endloop
  endfacet
  facet normal -0.925325 0.379176 0
    outer loop
      vertex 52.4628 67.0134 2.5
      vertex 52.2289 66.4426 2.1
      vertex 52.2289 66.4426 2.5
    endloop
  endfacet
  facet normal -0.943493 0.331393 0
    outer loop
      vertex 52.4628 67.0134 2.1
      vertex 52.6524 67.5532 2.5
      vertex 52.6524 67.5532 2.1
    endloop
  endfacet
  facet normal -0.943493 0.331393 0
    outer loop
      vertex 52.6524 67.5532 2.5
      vertex 52.4628 67.0134 2.1
      vertex 52.4628 67.0134 2.5
    endloop
  endfacet
  facet normal -0.960819 0.277177 0
    outer loop
      vertex 52.6524 67.5532 2.1
      vertex 52.7999 68.0645 2.5
      vertex 52.7999 68.0645 2.1
    endloop
  endfacet
  facet normal -0.960819 0.277177 0
    outer loop
      vertex 52.7999 68.0645 2.5
      vertex 52.6524 67.5532 2.1
      vertex 52.6524 67.5532 2.5
    endloop
  endfacet
  facet normal -0.976078 0.21742 0
    outer loop
      vertex 52.7999 68.0645 2.1
      vertex 52.908 68.5498 2.5
      vertex 52.908 68.5498 2.1
    endloop
  endfacet
  facet normal -0.976078 0.21742 0
    outer loop
      vertex 52.908 68.5498 2.5
      vertex 52.7999 68.0645 2.1
      vertex 52.7999 68.0645 2.5
    endloop
  endfacet
  facet normal -0.988295 0.152556 0
    outer loop
      vertex 52.908 68.5498 2.1
      vertex 52.9793 69.0117 2.5
      vertex 52.9793 69.0117 2.1
    endloop
  endfacet
  facet normal -0.988295 0.152556 0
    outer loop
      vertex 52.9793 69.0117 2.5
      vertex 52.908 68.5498 2.1
      vertex 52.908 68.5498 2.5
    endloop
  endfacet
  facet normal -0.996536 0.0831577 0
    outer loop
      vertex 52.9793 69.0117 2.1
      vertex 53.0161 69.4527 2.5
      vertex 53.0161 69.4527 2.1
    endloop
  endfacet
  facet normal -0.996536 0.0831577 0
    outer loop
      vertex 53.0161 69.4527 2.5
      vertex 52.9793 69.0117 2.1
      vertex 52.9793 69.0117 2.5
    endloop
  endfacet
  facet normal -0.999933 0.0115941 0
    outer loop
      vertex 53.0161 69.4527 2.1
      vertex 53.021 69.8753 2.5
      vertex 53.021 69.8753 2.1
    endloop
  endfacet
  facet normal -0.999933 0.0115941 0
    outer loop
      vertex 53.021 69.8753 2.5
      vertex 53.0161 69.4527 2.1
      vertex 53.0161 69.4527 2.5
    endloop
  endfacet
  facet normal -0.99822 -0.0596428 0
    outer loop
      vertex 53.021 69.8753 2.1
      vertex 52.9967 70.282 2.5
      vertex 52.9967 70.282 2.1
    endloop
  endfacet
  facet normal -0.99822 -0.0596428 0
    outer loop
      vertex 52.9967 70.282 2.5
      vertex 53.021 69.8753 2.1
      vertex 53.021 69.8753 2.5
    endloop
  endfacet
  facet normal -0.991605 -0.129307 0
    outer loop
      vertex 52.9967 70.282 2.1
      vertex 52.9454 70.6754 2.5
      vertex 52.9454 70.6754 2.1
    endloop
  endfacet
  facet normal -0.991605 -0.129307 0
    outer loop
      vertex 52.9454 70.6754 2.5
      vertex 52.9967 70.282 2.1
      vertex 52.9967 70.282 2.5
    endloop
  endfacet
  facet normal -0.981071 -0.193649 0
    outer loop
      vertex 52.9454 70.6754 2.1
      vertex 52.8699 71.0579 2.5
      vertex 52.8699 71.0579 2.1
    endloop
  endfacet
  facet normal -0.981071 -0.193649 0
    outer loop
      vertex 52.8699 71.0579 2.5
      vertex 52.9454 70.6754 2.1
      vertex 52.9454 70.6754 2.5
    endloop
  endfacet
  facet normal -0.967738 -0.251959 0
    outer loop
      vertex 52.8699 71.0579 2.1
      vertex 52.7725 71.432 2.5
      vertex 52.7725 71.432 2.1
    endloop
  endfacet
  facet normal -0.967738 -0.251959 0
    outer loop
      vertex 52.7725 71.432 2.5
      vertex 52.8699 71.0579 2.1
      vertex 52.8699 71.0579 2.5
    endloop
  endfacet
  facet normal -0.953387 -0.301751 0
    outer loop
      vertex 52.7725 71.432 2.1
      vertex 52.6559 71.8004 2.5
      vertex 52.6559 71.8004 2.1
    endloop
  endfacet
  facet normal -0.953387 -0.301751 0
    outer loop
      vertex 52.6559 71.8004 2.5
      vertex 52.7725 71.432 2.1
      vertex 52.7725 71.432 2.5
    endloop
  endfacet
  facet normal -0.939153 -0.343499 0
    outer loop
      vertex 52.6559 71.8004 2.1
      vertex 52.5224 72.1654 2.5
      vertex 52.5224 72.1654 2.1
    endloop
  endfacet
  facet normal -0.939153 -0.343499 0
    outer loop
      vertex 52.5224 72.1654 2.5
      vertex 52.6559 71.8004 2.1
      vertex 52.6559 71.8004 2.5
    endloop
  endfacet
  facet normal -0.92673 -0.375729 0
    outer loop
      vertex 52.5224 72.1654 2.1
      vertex 52.3747 72.5297 2.5
      vertex 52.3747 72.5297 2.1
    endloop
  endfacet
  facet normal -0.92673 -0.375729 0
    outer loop
      vertex 52.3747 72.5297 2.5
      vertex 52.5224 72.1654 2.1
      vertex 52.5224 72.1654 2.5
    endloop
  endfacet
  facet normal -0.901397 -0.432993 0
    outer loop
      vertex 52.3747 72.5297 2.1
      vertex 52.1326 73.0337 2.5
      vertex 52.1326 73.0337 2.1
    endloop
  endfacet
  facet normal -0.901397 -0.432993 0
    outer loop
      vertex 52.1326 73.0337 2.5
      vertex 52.3747 72.5297 2.1
      vertex 52.3747 72.5297 2.5
    endloop
  endfacet
  facet normal -0.854309 -0.519766 0
    outer loop
      vertex 52.1326 73.0337 2.1
      vertex 51.8416 73.512 2.5
      vertex 51.8416 73.512 2.1
    endloop
  endfacet
  facet normal -0.854309 -0.519766 0
    outer loop
      vertex 51.8416 73.512 2.5
      vertex 52.1326 73.0337 2.1
      vertex 52.1326 73.0337 2.5
    endloop
  endfacet
  facet normal -0.799852 -0.600198 0
    outer loop
      vertex 51.8416 73.512 2.1
      vertex 51.5019 73.9647 2.5
      vertex 51.5019 73.9647 2.1
    endloop
  endfacet
  facet normal -0.799852 -0.600198 0
    outer loop
      vertex 51.5019 73.9647 2.5
      vertex 51.8416 73.512 2.1
      vertex 51.8416 73.512 2.5
    endloop
  endfacet
  facet normal -0.740183 -0.672405 0
    outer loop
      vertex 51.5019 73.9647 2.1
      vertex 51.114 74.3917 2.5
      vertex 51.114 74.3917 2.1
    endloop
  endfacet
  facet normal -0.740183 -0.672405 0
    outer loop
      vertex 51.114 74.3917 2.5
      vertex 51.5019 73.9647 2.1
      vertex 51.5019 73.9647 2.5
    endloop
  endfacet
  facet normal -0.677557 -0.73547 0
    outer loop
      vertex 50.6784 74.793 2.1
      vertex 51.114 74.3917 2.5
      vertex 50.6784 74.793 2.5
    endloop
  endfacet
  facet normal -0.677557 -0.73547 -0
    outer loop
      vertex 51.114 74.3917 2.5
      vertex 50.6784 74.793 2.1
      vertex 51.114 74.3917 2.1
    endloop
  endfacet
  facet normal -0.613794 -0.789467 0
    outer loop
      vertex 50.1953 75.1686 2.1
      vertex 50.6784 74.793 2.5
      vertex 50.1953 75.1686 2.5
    endloop
  endfacet
  facet normal -0.613794 -0.789467 -0
    outer loop
      vertex 50.6784 74.793 2.5
      vertex 50.1953 75.1686 2.1
      vertex 50.6784 74.793 2.1
    endloop
  endfacet
  facet normal -0.550879 -0.834585 0
    outer loop
      vertex 49.6652 75.5185 2.1
      vertex 50.1953 75.1686 2.5
      vertex 49.6652 75.5185 2.5
    endloop
  endfacet
  facet normal -0.550879 -0.834585 -0
    outer loop
      vertex 50.1953 75.1686 2.5
      vertex 49.6652 75.5185 2.1
      vertex 50.1953 75.1686 2.1
    endloop
  endfacet
  facet normal -0.489859 -0.871801 0
    outer loop
      vertex 49.0884 75.8426 2.1
      vertex 49.6652 75.5185 2.5
      vertex 49.0884 75.8426 2.5
    endloop
  endfacet
  facet normal -0.489859 -0.871801 -0
    outer loop
      vertex 49.6652 75.5185 2.5
      vertex 49.0884 75.8426 2.1
      vertex 49.6652 75.5185 2.1
    endloop
  endfacet
  facet normal -0.431917 -0.901914 0
    outer loop
      vertex 48.4655 76.1409 2.1
      vertex 49.0884 75.8426 2.5
      vertex 48.4655 76.1409 2.5
    endloop
  endfacet
  facet normal -0.431917 -0.901914 -0
    outer loop
      vertex 49.0884 75.8426 2.5
      vertex 48.4655 76.1409 2.1
      vertex 49.0884 75.8426 2.1
    endloop
  endfacet
  facet normal -0.377279 -0.9261 0
    outer loop
      vertex 47.7966 76.4134 2.1
      vertex 48.4655 76.1409 2.5
      vertex 47.7966 76.4134 2.5
    endloop
  endfacet
  facet normal -0.377279 -0.9261 -0
    outer loop
      vertex 48.4655 76.1409 2.5
      vertex 47.7966 76.4134 2.1
      vertex 48.4655 76.1409 2.1
    endloop
  endfacet
  facet normal -0.326451 -0.945214 0
    outer loop
      vertex 47.0823 76.6601 2.1
      vertex 47.7966 76.4134 2.5
      vertex 47.0823 76.6601 2.5
    endloop
  endfacet
  facet normal -0.326451 -0.945214 -0
    outer loop
      vertex 47.7966 76.4134 2.5
      vertex 47.0823 76.6601 2.1
      vertex 47.7966 76.4134 2.1
    endloop
  endfacet
  facet normal -0.279194 -0.960235 0
    outer loop
      vertex 46.3229 76.8809 2.1
      vertex 47.0823 76.6601 2.5
      vertex 46.3229 76.8809 2.5
    endloop
  endfacet
  facet normal -0.279194 -0.960235 -0
    outer loop
      vertex 47.0823 76.6601 2.5
      vertex 46.3229 76.8809 2.1
      vertex 47.0823 76.6601 2.1
    endloop
  endfacet
  facet normal -0.235562 -0.971859 0
    outer loop
      vertex 45.5188 77.0758 2.1
      vertex 46.3229 76.8809 2.5
      vertex 45.5188 77.0758 2.5
    endloop
  endfacet
  facet normal -0.235562 -0.971859 -0
    outer loop
      vertex 46.3229 76.8809 2.5
      vertex 45.5188 77.0758 2.1
      vertex 46.3229 76.8809 2.1
    endloop
  endfacet
  facet normal -0.19536 -0.980732 0
    outer loop
      vertex 44.6704 77.2448 2.1
      vertex 45.5188 77.0758 2.5
      vertex 44.6704 77.2448 2.5
    endloop
  endfacet
  facet normal -0.19536 -0.980732 -0
    outer loop
      vertex 45.5188 77.0758 2.5
      vertex 44.6704 77.2448 2.1
      vertex 45.5188 77.0758 2.1
    endloop
  endfacet
  facet normal -0.158241 -0.987401 0
    outer loop
      vertex 43.7781 77.3878 2.1
      vertex 44.6704 77.2448 2.5
      vertex 43.7781 77.3878 2.5
    endloop
  endfacet
  facet normal -0.158241 -0.987401 -0
    outer loop
      vertex 44.6704 77.2448 2.5
      vertex 43.7781 77.3878 2.1
      vertex 44.6704 77.2448 2.1
    endloop
  endfacet
  facet normal -0.124165 -0.992262 0
    outer loop
      vertex 42.8423 77.5049 2.1
      vertex 43.7781 77.3878 2.5
      vertex 42.8423 77.5049 2.5
    endloop
  endfacet
  facet normal -0.124165 -0.992262 -0
    outer loop
      vertex 43.7781 77.3878 2.5
      vertex 42.8423 77.5049 2.1
      vertex 43.7781 77.3878 2.1
    endloop
  endfacet
  facet normal -0.0926539 -0.995698 0
    outer loop
      vertex 41.8633 77.596 2.1
      vertex 42.8423 77.5049 2.5
      vertex 41.8633 77.596 2.5
    endloop
  endfacet
  facet normal -0.0926539 -0.995698 -0
    outer loop
      vertex 42.8423 77.5049 2.5
      vertex 41.8633 77.596 2.1
      vertex 42.8423 77.5049 2.1
    endloop
  endfacet
  facet normal -0.0636919 -0.99797 0
    outer loop
      vertex 40.8417 77.6612 2.1
      vertex 41.8633 77.596 2.5
      vertex 40.8417 77.6612 2.5
    endloop
  endfacet
  facet normal -0.0636919 -0.99797 -0
    outer loop
      vertex 41.8633 77.596 2.5
      vertex 40.8417 77.6612 2.1
      vertex 41.8633 77.596 2.1
    endloop
  endfacet
  facet normal -0.0367199 -0.999326 0
    outer loop
      vertex 39.7776 77.7003 2.1
      vertex 40.8417 77.6612 2.5
      vertex 39.7776 77.7003 2.5
    endloop
  endfacet
  facet normal -0.0367199 -0.999326 -0
    outer loop
      vertex 40.8417 77.6612 2.5
      vertex 39.7776 77.7003 2.1
      vertex 40.8417 77.6612 2.1
    endloop
  endfacet
  facet normal -0.0117533 -0.999931 0
    outer loop
      vertex 38.6716 77.7133 2.1
      vertex 39.7776 77.7003 2.5
      vertex 38.6716 77.7133 2.5
    endloop
  endfacet
  facet normal -0.0117533 -0.999931 -0
    outer loop
      vertex 39.7776 77.7003 2.5
      vertex 38.6716 77.7133 2.1
      vertex 39.7776 77.7003 2.1
    endloop
  endfacet
  facet normal 0.00251817 -0.999997 0
    outer loop
      vertex 25.9243 77.6812 2.1
      vertex 38.6716 77.7133 2.5
      vertex 25.9243 77.6812 2.5
    endloop
  endfacet
  facet normal 0.00251817 -0.999997 0
    outer loop
      vertex 38.6716 77.7133 2.5
      vertex 25.9243 77.6812 2.1
      vertex 38.6716 77.7133 2.1
    endloop
  endfacet
  facet normal 0.96431 0.264775 0
    outer loop
      vertex 26.131 76.9284 2.5
      vertex 25.9243 77.6812 2.1
      vertex 25.9243 77.6812 2.5
    endloop
  endfacet
  facet normal 0.96431 0.264775 0
    outer loop
      vertex 25.9243 77.6812 2.1
      vertex 26.131 76.9284 2.5
      vertex 26.131 76.9284 2.1
    endloop
  endfacet
  facet normal 0.964026 0.265806 0
    outer loop
      vertex 26.3392 76.1733 2.5
      vertex 26.131 76.9284 2.1
      vertex 26.131 76.9284 2.5
    endloop
  endfacet
  facet normal 0.964026 0.265806 0
    outer loop
      vertex 26.131 76.9284 2.1
      vertex 26.3392 76.1733 2.5
      vertex 26.3392 76.1733 2.1
    endloop
  endfacet
  facet normal 0.963786 0.266675 0
    outer loop
      vertex 26.4159 75.8961 2.5
      vertex 26.3392 76.1733 2.1
      vertex 26.3392 76.1733 2.5
    endloop
  endfacet
  facet normal 0.963786 0.266675 0
    outer loop
      vertex 26.3392 76.1733 2.1
      vertex 26.4159 75.8961 2.5
      vertex 26.4159 75.8961 2.1
    endloop
  endfacet
  facet normal 0.96355 0.26753 0
    outer loop
      vertex 26.5728 75.331 2.5
      vertex 26.4159 75.8961 2.1
      vertex 26.4159 75.8961 2.5
    endloop
  endfacet
  facet normal 0.96355 0.26753 0
    outer loop
      vertex 26.4159 75.8961 2.1
      vertex 26.5728 75.331 2.5
      vertex 26.5728 75.331 2.1
    endloop
  endfacet
  facet normal 0.963084 0.2692 0
    outer loop
      vertex 26.7262 74.7822 2.5
      vertex 26.5728 75.331 2.1
      vertex 26.5728 75.331 2.5
    endloop
  endfacet
  facet normal 0.963084 0.2692 0
    outer loop
      vertex 26.5728 75.331 2.1
      vertex 26.7262 74.7822 2.5
      vertex 26.7262 74.7822 2.1
    endloop
  endfacet
  facet normal 0.962578 0.271006 0
    outer loop
      vertex 26.7985 74.5254 2.5
      vertex 26.7262 74.7822 2.1
      vertex 26.7262 74.7822 2.5
    endloop
  endfacet
  facet normal 0.962578 0.271006 0
    outer loop
      vertex 26.7262 74.7822 2.1
      vertex 26.7985 74.5254 2.5
      vertex 26.7985 74.5254 2.1
    endloop
  endfacet
  facet normal 0.962084 0.272752 0
    outer loop
      vertex 26.8662 74.2866 2.5
      vertex 26.7985 74.5254 2.1
      vertex 26.7985 74.5254 2.5
    endloop
  endfacet
  facet normal 0.962084 0.272752 0
    outer loop
      vertex 26.7985 74.5254 2.1
      vertex 26.8662 74.2866 2.5
      vertex 26.8662 74.2866 2.1
    endloop
  endfacet
  facet normal 0.961624 0.274369 0
    outer loop
      vertex 26.928 74.07 2.5
      vertex 26.8662 74.2866 2.1
      vertex 26.8662 74.2866 2.5
    endloop
  endfacet
  facet normal 0.961624 0.274369 0
    outer loop
      vertex 26.8662 74.2866 2.1
      vertex 26.928 74.07 2.5
      vertex 26.928 74.07 2.1
    endloop
  endfacet
  facet normal 0.960639 0.2778 0
    outer loop
      vertex 26.9828 73.8805 2.5
      vertex 26.928 74.07 2.1
      vertex 26.928 74.07 2.5
    endloop
  endfacet
  facet normal 0.960639 0.2778 0
    outer loop
      vertex 26.928 74.07 2.1
      vertex 26.9828 73.8805 2.5
      vertex 26.9828 73.8805 2.1
    endloop
  endfacet
  facet normal 0.95922 0.28266 0
    outer loop
      vertex 27.0293 73.7227 2.5
      vertex 26.9828 73.8805 2.1
      vertex 26.9828 73.8805 2.5
    endloop
  endfacet
  facet normal 0.95922 0.28266 0
    outer loop
      vertex 26.9828 73.8805 2.1
      vertex 27.0293 73.7227 2.5
      vertex 27.0293 73.7227 2.1
    endloop
  endfacet
  facet normal 0.956693 0.291099 0
    outer loop
      vertex 27.0663 73.6011 2.5
      vertex 27.0293 73.7227 2.1
      vertex 27.0293 73.7227 2.5
    endloop
  endfacet
  facet normal 0.956693 0.291099 0
    outer loop
      vertex 27.0293 73.7227 2.1
      vertex 27.0663 73.6011 2.5
      vertex 27.0663 73.6011 2.1
    endloop
  endfacet
  facet normal 0.953685 0.300806 0
    outer loop
      vertex 31.6212 59.1601 2.5
      vertex 27.0663 73.6011 2.1
      vertex 27.0663 73.6011 2.5
    endloop
  endfacet
  facet normal 0.953685 0.300806 0
    outer loop
      vertex 27.0663 73.6011 2.1
      vertex 31.6212 59.1601 2.5
      vertex 31.6212 59.1601 2.1
    endloop
  endfacet
  facet normal 0 -1 0
    outer loop
      vertex -30.2804 59.1601 2.1
      vertex 31.6212 59.1601 2.5
      vertex -30.2804 59.1601 2.5
    endloop
  endfacet
  facet normal 0 -1 -0
    outer loop
      vertex 31.6212 59.1601 2.5
      vertex -30.2804 59.1601 2.1
      vertex 31.6212 59.1601 2.1
    endloop
  endfacet
  facet normal -0.960361 -0.278761 0
    outer loop
      vertex -30.2804 59.1601 2.1
      vertex -32.5001 66.8072 2.5
      vertex -32.5001 66.8072 2.1
    endloop
  endfacet
  facet normal -0.960361 -0.278761 0
    outer loop
      vertex -32.5001 66.8072 2.5
      vertex -30.2804 59.1601 2.1
      vertex -30.2804 59.1601 2.5
    endloop
  endfacet
  facet normal 0.0117509 0.999931 -0
    outer loop
      vertex -21.0294 66.6724 2.1
      vertex -32.5001 66.8072 2.5
      vertex -21.0294 66.6724 2.5
    endloop
  endfacet
  facet normal 0.0117509 0.999931 0
    outer loop
      vertex -32.5001 66.8072 2.5
      vertex -21.0294 66.6724 2.1
      vertex -32.5001 66.8072 2.1
    endloop
  endfacet
  facet normal -0.999934 0.0115179 0
    outer loop
      vertex -21.0294 66.6724 2.1
      vertex -20.9524 73.3572 2.5
      vertex -20.9524 73.3572 2.1
    endloop
  endfacet
  facet normal -0.999934 0.0115179 0
    outer loop
      vertex -20.9524 73.3572 2.5
      vertex -21.0294 66.6724 2.1
      vertex -21.0294 66.6724 2.5
    endloop
  endfacet
  facet normal -0.0118849 -0.999929 0
    outer loop
      vertex -51.7204 73.7229 2.1
      vertex -20.9524 73.3572 2.5
      vertex -51.7204 73.7229 2.5
    endloop
  endfacet
  facet normal -0.0118849 -0.999929 -0
    outer loop
      vertex -20.9524 73.3572 2.5
      vertex -51.7204 73.7229 2.1
      vertex -20.9524 73.3572 2.1
    endloop
  endfacet
  facet normal 0.999934 -0.0115179 0
    outer loop
      vertex -51.7974 67.0381 2.5
      vertex -51.7204 73.7229 2.1
      vertex -51.7204 73.7229 2.5
    endloop
  endfacet
  facet normal 0.999934 -0.0115179 0
    outer loop
      vertex -51.7204 73.7229 2.1
      vertex -51.7974 67.0381 2.5
      vertex -51.7974 67.0381 2.1
    endloop
  endfacet
  facet normal 0.0120156 0.999928 -0
    outer loop
      vertex -41.1287 66.9099 2.1
      vertex -51.7974 67.0381 2.5
      vertex -41.1287 66.9099 2.5
    endloop
  endfacet
  facet normal 0.0120156 0.999928 0
    outer loop
      vertex -51.7974 67.0381 2.5
      vertex -41.1287 66.9099 2.1
      vertex -51.7974 67.0381 2.1
    endloop
  endfacet
  facet normal 0.951537 0.307535 0
    outer loop
      vertex -36.0799 51.2885 2.5
      vertex -41.1287 66.9099 2.1
      vertex -41.1287 66.9099 2.5
    endloop
  endfacet
  facet normal 0.951537 0.307535 0
    outer loop
      vertex -41.1287 66.9099 2.1
      vertex -36.0799 51.2885 2.5
      vertex -36.0799 51.2885 2.1
    endloop
  endfacet
  facet normal 0 1 -0
    outer loop
      vertex 23.3197 51.2885 2.1
      vertex -36.0799 51.2885 2.5
      vertex 23.3197 51.2885 2.5
    endloop
  endfacet
  facet normal 0 1 0
    outer loop
      vertex -36.0799 51.2885 2.5
      vertex 23.3197 51.2885 2.1
      vertex -36.0799 51.2885 2.1
    endloop
  endfacet
  facet normal 0.775693 -0.63111 0
    outer loop
      vertex -13.5043 6.02835 2.5
      vertex 23.3197 51.2885 2.1
      vertex 23.3197 51.2885 2.5
    endloop
  endfacet
  facet normal 0.775693 -0.63111 0
    outer loop
      vertex 23.3197 51.2885 2.1
      vertex -13.5043 6.02835 2.5
      vertex -13.5043 6.02835 2.1
    endloop
  endfacet
  facet normal 0.741718 0.670712 0
    outer loop
      vertex -9.01993 1.06924 2.5
      vertex -13.5043 6.02835 2.1
      vertex -13.5043 6.02835 2.5
    endloop
  endfacet
  facet normal 0.741718 0.670712 0
    outer loop
      vertex -13.5043 6.02835 2.1
      vertex -9.01993 1.06924 2.5
      vertex -9.01993 1.06924 2.1
    endloop
  endfacet
  facet normal -0.76472 0.644363 0
    outer loop
      vertex -9.01993 1.06924 2.1
      vertex 33.2955 51.2885 2.5
      vertex 33.2955 51.2885 2.1
    endloop
  endfacet
  facet normal -0.76472 0.644363 0
    outer loop
      vertex 33.2955 51.2885 2.5
      vertex -9.01993 1.06924 2.1
      vertex -9.01993 1.06924 2.5
    endloop
  endfacet
  facet normal 0 1 -0
    outer loop
      vertex 33.7318 51.2885 2.1
      vertex 33.2955 51.2885 2.5
      vertex 33.7318 51.2885 2.5
    endloop
  endfacet
  facet normal 0 1 0
    outer loop
      vertex 33.2955 51.2885 2.5
      vertex 33.7318 51.2885 2.1
      vertex 33.2955 51.2885 2.1
    endloop
  endfacet
  facet normal 0.950188 0.311678 0
    outer loop
      vertex 35.1817 46.8683 2.5
      vertex 33.7318 51.2885 2.1
      vertex 33.7318 51.2885 2.5
    endloop
  endfacet
  facet normal 0.950188 0.311678 0
    outer loop
      vertex 33.7318 51.2885 2.1
      vertex 35.1817 46.8683 2.5
      vertex 35.1817 46.8683 2.1
    endloop
  endfacet
  facet normal 0.950121 0.311883 0
    outer loop
      vertex 39.0565 35.0641 2.5
      vertex 35.1817 46.8683 2.1
      vertex 35.1817 46.8683 2.5
    endloop
  endfacet
  facet normal 0.950121 0.311883 0
    outer loop
      vertex 35.1817 46.8683 2.1
      vertex 39.0565 35.0641 2.5
      vertex 39.0565 35.0641 2.1
    endloop
  endfacet
  facet normal 0.427007 -0.904248 0
    outer loop
      vertex 37.3122 34.2404 2.1
      vertex 39.0565 35.0641 2.5
      vertex 37.3122 34.2404 2.5
    endloop
  endfacet
  facet normal 0.427007 -0.904248 0
    outer loop
      vertex 39.0565 35.0641 2.5
      vertex 37.3122 34.2404 2.1
      vertex 39.0565 35.0641 2.1
    endloop
  endfacet
  facet normal 0.478447 -0.878116 0
    outer loop
      vertex 35.6246 33.3209 2.1
      vertex 37.3122 34.2404 2.5
      vertex 35.6246 33.3209 2.5
    endloop
  endfacet
  facet normal 0.478447 -0.878116 0
    outer loop
      vertex 37.3122 34.2404 2.5
      vertex 35.6246 33.3209 2.1
      vertex 37.3122 34.2404 2.1
    endloop
  endfacet
  facet normal 0.528069 -0.849201 0
    outer loop
      vertex 33.9975 32.3091 2.1
      vertex 35.6246 33.3209 2.5
      vertex 33.9975 32.3091 2.5
    endloop
  endfacet
  facet normal 0.528069 -0.849201 0
    outer loop
      vertex 35.6246 33.3209 2.5
      vertex 33.9975 32.3091 2.1
      vertex 35.6246 33.3209 2.1
    endloop
  endfacet
  facet normal 0.575633 -0.817708 0
    outer loop
      vertex 32.4342 31.2086 2.1
      vertex 33.9975 32.3091 2.5
      vertex 32.4342 31.2086 2.5
    endloop
  endfacet
  facet normal 0.575633 -0.817708 0
    outer loop
      vertex 33.9975 32.3091 2.5
      vertex 32.4342 31.2086 2.1
      vertex 33.9975 32.3091 2.1
    endloop
  endfacet
  facet normal 0.621226 -0.783631 0
    outer loop
      vertex 30.9384 30.0228 2.1
      vertex 32.4342 31.2086 2.5
      vertex 30.9384 30.0228 2.5
    endloop
  endfacet
  facet normal 0.621226 -0.783631 0
    outer loop
      vertex 32.4342 31.2086 2.5
      vertex 30.9384 30.0228 2.1
      vertex 32.4342 31.2086 2.1
    endloop
  endfacet
  facet normal 0.664663 -0.747143 0
    outer loop
      vertex 29.5135 28.7552 2.1
      vertex 30.9384 30.0228 2.5
      vertex 29.5135 28.7552 2.5
    endloop
  endfacet
  facet normal 0.664663 -0.747143 0
    outer loop
      vertex 30.9384 30.0228 2.5
      vertex 29.5135 28.7552 2.1
      vertex 30.9384 30.0228 2.1
    endloop
  endfacet
  facet normal 0.705847 -0.708365 0
    outer loop
      vertex 28.1631 27.4096 2.1
      vertex 29.5135 28.7552 2.5
      vertex 28.1631 27.4096 2.5
    endloop
  endfacet
  facet normal 0.705847 -0.708365 0
    outer loop
      vertex 29.5135 28.7552 2.5
      vertex 28.1631 27.4096 2.1
      vertex 29.5135 28.7552 2.1
    endloop
  endfacet
  facet normal 0.744843 -0.667239 0
    outer loop
      vertex 26.8906 25.9891 2.5
      vertex 28.1631 27.4096 2.1
      vertex 28.1631 27.4096 2.5
    endloop
  endfacet
  facet normal 0.744843 -0.667239 0
    outer loop
      vertex 28.1631 27.4096 2.1
      vertex 26.8906 25.9891 2.5
      vertex 26.8906 25.9891 2.1
    endloop
  endfacet
  facet normal 0.781482 -0.623928 0
    outer loop
      vertex 25.6998 24.4976 2.5
      vertex 26.8906 25.9891 2.1
      vertex 26.8906 25.9891 2.5
    endloop
  endfacet
  facet normal 0.781482 -0.623928 0
    outer loop
      vertex 26.8906 25.9891 2.1
      vertex 25.6998 24.4976 2.5
      vertex 25.6998 24.4976 2.1
    endloop
  endfacet
  facet normal 0.815687 -0.578493 0
    outer loop
      vertex 24.594 22.9384 2.5
      vertex 25.6998 24.4976 2.1
      vertex 25.6998 24.4976 2.5
    endloop
  endfacet
  facet normal 0.815687 -0.578493 0
    outer loop
      vertex 25.6998 24.4976 2.1
      vertex 24.594 22.9384 2.5
      vertex 24.594 22.9384 2.1
    endloop
  endfacet
  facet normal 0.84737 -0.531003 0
    outer loop
      vertex 23.5767 21.315 2.5
      vertex 24.594 22.9384 2.1
      vertex 24.594 22.9384 2.5
    endloop
  endfacet
  facet normal 0.84737 -0.531003 0
    outer loop
      vertex 24.594 22.9384 2.1
      vertex 23.5767 21.315 2.5
      vertex 23.5767 21.315 2.1
    endloop
  endfacet
  facet normal 0.876436 -0.481519 0
    outer loop
      vertex 22.6515 19.631 2.5
      vertex 23.5767 21.315 2.1
      vertex 23.5767 21.315 2.5
    endloop
  endfacet
  facet normal 0.876436 -0.481519 0
    outer loop
      vertex 23.5767 21.315 2.1
      vertex 22.6515 19.631 2.5
      vertex 22.6515 19.631 2.1
    endloop
  endfacet
  facet normal 0.902779 -0.430105 0
    outer loop
      vertex 21.822 17.8899 2.5
      vertex 22.6515 19.631 2.1
      vertex 22.6515 19.631 2.5
    endloop
  endfacet
  facet normal 0.902779 -0.430105 0
    outer loop
      vertex 22.6515 19.631 2.1
      vertex 21.822 17.8899 2.5
      vertex 21.822 17.8899 2.1
    endloop
  endfacet
  facet normal 0.926225 -0.376972 0
    outer loop
      vertex 21.0916 16.0953 2.5
      vertex 21.822 17.8899 2.1
      vertex 21.822 17.8899 2.5
    endloop
  endfacet
  facet normal 0.926225 -0.376972 0
    outer loop
      vertex 21.822 17.8899 2.1
      vertex 21.0916 16.0953 2.5
      vertex 21.0916 16.0953 2.1
    endloop
  endfacet
  facet normal 0.9467 -0.322118 0
    outer loop
      vertex 20.4639 14.2505 2.5
      vertex 21.0916 16.0953 2.1
      vertex 21.0916 16.0953 2.5
    endloop
  endfacet
  facet normal 0.9467 -0.322118 0
    outer loop
      vertex 21.0916 16.0953 2.1
      vertex 20.4639 14.2505 2.5
      vertex 20.4639 14.2505 2.1
    endloop
  endfacet
  facet normal 0.964037 -0.265769 0
    outer loop
      vertex 19.9425 12.3592 2.5
      vertex 20.4639 14.2505 2.1
      vertex 20.4639 14.2505 2.5
    endloop
  endfacet
  facet normal 0.964037 -0.265769 0
    outer loop
      vertex 20.4639 14.2505 2.1
      vertex 19.9425 12.3592 2.5
      vertex 19.9425 12.3592 2.1
    endloop
  endfacet
  facet normal 0.978091 -0.208179 0
    outer loop
      vertex 19.5308 10.4249 2.5
      vertex 19.9425 12.3592 2.1
      vertex 19.9425 12.3592 2.5
    endloop
  endfacet
  facet normal 0.978091 -0.208179 0
    outer loop
      vertex 19.9425 12.3592 2.1
      vertex 19.5308 10.4249 2.5
      vertex 19.5308 10.4249 2.1
    endloop
  endfacet
  facet normal 0.988758 -0.149523 0
    outer loop
      vertex 19.2323 8.45099 2.5
      vertex 19.5308 10.4249 2.1
      vertex 19.5308 10.4249 2.5
    endloop
  endfacet
  facet normal 0.988758 -0.149523 0
    outer loop
      vertex 19.5308 10.4249 2.1
      vertex 19.2323 8.45099 2.5
      vertex 19.2323 8.45099 2.1
    endloop
  endfacet
  facet normal 0.995943 -0.0899902 0
    outer loop
      vertex 19.0507 6.44118 2.5
      vertex 19.2323 8.45099 2.1
      vertex 19.2323 8.45099 2.5
    endloop
  endfacet
  facet normal 0.995943 -0.0899902 0
    outer loop
      vertex 19.2323 8.45099 2.1
      vertex 19.0507 6.44118 2.5
      vertex 19.0507 6.44118 2.1
    endloop
  endfacet
  facet normal 0.999548 -0.0300503 0
    outer loop
      vertex 18.9893 4.39886 2.5
      vertex 19.0507 6.44118 2.1
      vertex 19.0507 6.44118 2.5
    endloop
  endfacet
  facet normal 0.999548 -0.0300503 0
    outer loop
      vertex 19.0507 6.44118 2.1
      vertex 18.9893 4.39886 2.5
      vertex 18.9893 4.39886 2.1
    endloop
  endfacet
  facet normal 0.999481 0.0321985 0
    outer loop
      vertex 19.0553 2.35014 2.5
      vertex 18.9893 4.39886 2.1
      vertex 18.9893 4.39886 2.5
    endloop
  endfacet
  facet normal 0.999481 0.0321985 0
    outer loop
      vertex 18.9893 4.39886 2.1
      vertex 19.0553 2.35014 2.5
      vertex 19.0553 2.35014 2.1
    endloop
  endfacet
  facet normal 0.995394 0.0958706 0
    outer loop
      vertex 19.2506 0.322403 2.5
      vertex 19.0553 2.35014 2.1
      vertex 19.0553 2.35014 2.5
    endloop
  endfacet
  facet normal 0.995394 0.0958706 0
    outer loop
      vertex 19.0553 2.35014 2.1
      vertex 19.2506 0.322403 2.5
      vertex 19.2506 0.322403 2.1
    endloop
  endfacet
  facet normal 0.987402 0.158231 0
    outer loop
      vertex 19.5714 -1.67947 2.5
      vertex 19.2506 0.322403 2.1
      vertex 19.2506 0.322403 2.5
    endloop
  endfacet
  facet normal 0.987402 0.158231 0
    outer loop
      vertex 19.2506 0.322403 2.1
      vertex 19.5714 -1.67947 2.5
      vertex 19.5714 -1.67947 2.1
    endloop
  endfacet
  facet normal 0.975741 0.218929 0
    outer loop
      vertex 20.0136 -3.6503 2.5
      vertex 19.5714 -1.67947 2.1
      vertex 19.5714 -1.67947 2.5
    endloop
  endfacet
  facet normal 0.975741 0.218929 0
    outer loop
      vertex 19.5714 -1.67947 2.1
      vertex 20.0136 -3.6503 2.5
      vertex 20.0136 -3.6503 2.1
    endloop
  endfacet
  facet normal 0.960612 0.277895 0
    outer loop
      vertex 20.5733 -5.58504 2.5
      vertex 20.0136 -3.6503 2.1
      vertex 20.0136 -3.6503 2.5
    endloop
  endfacet
  facet normal 0.960612 0.277895 0
    outer loop
      vertex 20.0136 -3.6503 2.1
      vertex 20.5733 -5.58504 2.5
      vertex 20.5733 -5.58504 2.1
    endloop
  endfacet
  facet normal 0.942204 0.33504 0
    outer loop
      vertex 21.2466 -7.4785 2.5
      vertex 20.5733 -5.58504 2.1
      vertex 20.5733 -5.58504 2.5
    endloop
  endfacet
  facet normal 0.942204 0.33504 0
    outer loop
      vertex 20.5733 -5.58504 2.1
      vertex 21.2466 -7.4785 2.5
      vertex 21.2466 -7.4785 2.1
    endloop
  endfacet
  facet normal 0.920702 0.390265 0
    outer loop
      vertex 22.0296 -9.32573 2.5
      vertex 21.2466 -7.4785 2.1
      vertex 21.2466 -7.4785 2.5
    endloop
  endfacet
  facet normal 0.920702 0.390265 0
    outer loop
      vertex 21.2466 -7.4785 2.1
      vertex 22.0296 -9.32573 2.5
      vertex 22.0296 -9.32573 2.1
    endloop
  endfacet
  facet normal 0.896253 0.443543 0
    outer loop
      vertex 22.9184 -11.1217 2.5
      vertex 22.0296 -9.32573 2.1
      vertex 22.0296 -9.32573 2.5
    endloop
  endfacet
  facet normal 0.896253 0.443543 0
    outer loop
      vertex 22.0296 -9.32573 2.1
      vertex 22.9184 -11.1217 2.5
      vertex 22.9184 -11.1217 2.1
    endloop
  endfacet
  facet normal 0.868995 0.49482 0
    outer loop
      vertex 23.9089 -12.8612 2.5
      vertex 22.9184 -11.1217 2.1
      vertex 22.9184 -11.1217 2.5
    endloop
  endfacet
  facet normal 0.868995 0.49482 0
    outer loop
      vertex 22.9184 -11.1217 2.1
      vertex 23.9089 -12.8612 2.5
      vertex 23.9089 -12.8612 2.1
    endloop
  endfacet
  facet normal 0.838969 0.54418 0
    outer loop
      vertex 24.9973 -14.5392 2.5
      vertex 23.9089 -12.8612 2.1
      vertex 23.9089 -12.8612 2.5
    endloop
  endfacet
  facet normal 0.838969 0.54418 0
    outer loop
      vertex 23.9089 -12.8612 2.1
      vertex 24.9973 -14.5392 2.5
      vertex 24.9973 -14.5392 2.1
    endloop
  endfacet
  facet normal 0.806243 0.591585 0
    outer loop
      vertex 26.1796 -16.1505 2.5
      vertex 24.9973 -14.5392 2.1
      vertex 24.9973 -14.5392 2.5
    endloop
  endfacet
  facet normal 0.806243 0.591585 0
    outer loop
      vertex 24.9973 -14.5392 2.1
      vertex 26.1796 -16.1505 2.5
      vertex 26.1796 -16.1505 2.1
    endloop
  endfacet
  facet normal 0.77089 0.636968 0
    outer loop
      vertex 27.4519 -17.6903 2.5
      vertex 26.1796 -16.1505 2.1
      vertex 26.1796 -16.1505 2.5
    endloop
  endfacet
  facet normal 0.77089 0.636968 0
    outer loop
      vertex 26.1796 -16.1505 2.1
      vertex 27.4519 -17.6903 2.5
      vertex 27.4519 -17.6903 2.1
    endloop
  endfacet
  facet normal 0.73282 0.680422 0
    outer loop
      vertex 28.8102 -19.1532 2.5
      vertex 27.4519 -17.6903 2.1
      vertex 27.4519 -17.6903 2.5
    endloop
  endfacet
  facet normal 0.73282 0.680422 0
    outer loop
      vertex 27.4519 -17.6903 2.1
      vertex 28.8102 -19.1532 2.5
      vertex 28.8102 -19.1532 2.1
    endloop
  endfacet
  facet normal 0.692119 0.721784 -0
    outer loop
      vertex 30.2506 -20.5344 2.1
      vertex 28.8102 -19.1532 2.5
      vertex 30.2506 -20.5344 2.5
    endloop
  endfacet
  facet normal 0.692119 0.721784 0
    outer loop
      vertex 28.8102 -19.1532 2.5
      vertex 30.2506 -20.5344 2.1
      vertex 28.8102 -19.1532 2.1
    endloop
  endfacet
  facet normal 0.64861 0.761121 -0
    outer loop
      vertex 31.7693 -21.8286 2.1
      vertex 30.2506 -20.5344 2.5
      vertex 31.7693 -21.8286 2.5
    endloop
  endfacet
  facet normal 0.64861 0.761121 0
    outer loop
      vertex 30.2506 -20.5344 2.5
      vertex 31.7693 -21.8286 2.1
      vertex 30.2506 -20.5344 2.1
    endloop
  endfacet
  facet normal 0.602435 0.798168 -0
    outer loop
      vertex 33.3621 -23.0308 2.1
      vertex 31.7693 -21.8286 2.5
      vertex 33.3621 -23.0308 2.5
    endloop
  endfacet
  facet normal 0.602435 0.798168 0
    outer loop
      vertex 31.7693 -21.8286 2.5
      vertex 33.3621 -23.0308 2.1
      vertex 31.7693 -21.8286 2.1
    endloop
  endfacet
  facet normal 0.553451 0.832881 -0
    outer loop
      vertex 35.0253 -24.136 2.1
      vertex 33.3621 -23.0308 2.5
      vertex 35.0253 -24.136 2.5
    endloop
  endfacet
  facet normal 0.553451 0.832881 0
    outer loop
      vertex 33.3621 -23.0308 2.5
      vertex 35.0253 -24.136 2.1
      vertex 33.3621 -23.0308 2.1
    endloop
  endfacet
  facet normal 0.501639 0.865077 -0
    outer loop
      vertex 36.7548 -25.1389 2.1
      vertex 35.0253 -24.136 2.5
      vertex 36.7548 -25.1389 2.5
    endloop
  endfacet
  facet normal 0.501639 0.865077 0
    outer loop
      vertex 35.0253 -24.136 2.5
      vertex 36.7548 -25.1389 2.1
      vertex 35.0253 -24.136 2.1
    endloop
  endfacet
  facet normal 0.447134 0.894467 -0
    outer loop
      vertex 38.5468 -26.0347 2.1
      vertex 36.7548 -25.1389 2.5
      vertex 38.5468 -26.0347 2.5
    endloop
  endfacet
  facet normal 0.447134 0.894467 0
    outer loop
      vertex 36.7548 -25.1389 2.5
      vertex 38.5468 -26.0347 2.1
      vertex 36.7548 -25.1389 2.1
    endloop
  endfacet
  facet normal 0.389849 0.920879 -0
    outer loop
      vertex 40.3973 -26.8181 2.1
      vertex 38.5468 -26.0347 2.5
      vertex 40.3973 -26.8181 2.5
    endloop
  endfacet
  facet normal 0.389849 0.920879 0
    outer loop
      vertex 38.5468 -26.0347 2.5
      vertex 40.3973 -26.8181 2.1
      vertex 38.5468 -26.0347 2.1
    endloop
  endfacet
  facet normal 0.996058 -0.0887028 0
    outer loop
      vertex 40.2629 -28.3273 2.5
      vertex 40.3973 -26.8181 2.1
      vertex 40.3973 -26.8181 2.5
    endloop
  endfacet
  facet normal 0.996058 -0.0887028 0
    outer loop
      vertex 40.3973 -26.8181 2.1
      vertex 40.2629 -28.3273 2.5
      vertex 40.2629 -28.3273 2.1
    endloop
  endfacet
  facet normal 0.992266 -0.124133 0
    outer loop
      vertex 40.0756 -29.8245 2.5
      vertex 40.2629 -28.3273 2.1
      vertex 40.2629 -28.3273 2.5
    endloop
  endfacet
  facet normal 0.992266 -0.124133 0
    outer loop
      vertex 40.2629 -28.3273 2.1
      vertex 40.0756 -29.8245 2.5
      vertex 40.0756 -29.8245 2.1
    endloop
  endfacet
  facet normal 0.9872 -0.15949 0
    outer loop
      vertex 39.8358 -31.3088 2.5
      vertex 40.0756 -29.8245 2.1
      vertex 40.0756 -29.8245 2.5
    endloop
  endfacet
  facet normal 0.9872 -0.15949 0
    outer loop
      vertex 40.0756 -29.8245 2.1
      vertex 39.8358 -31.3088 2.5
      vertex 39.8358 -31.3088 2.1
    endloop
  endfacet
  facet normal 0.98088 -0.194615 0
    outer loop
      vertex 39.5441 -32.779 2.5
      vertex 39.8358 -31.3088 2.1
      vertex 39.8358 -31.3088 2.5
    endloop
  endfacet
  facet normal 0.98088 -0.194615 0
    outer loop
      vertex 39.8358 -31.3088 2.1
      vertex 39.5441 -32.779 2.5
      vertex 39.5441 -32.779 2.1
    endloop
  endfacet
  facet normal 0.973302 -0.229528 0
    outer loop
      vertex 39.201 -34.2339 2.5
      vertex 39.5441 -32.779 2.1
      vertex 39.5441 -32.779 2.5
    endloop
  endfacet
  facet normal 0.973302 -0.229528 0
    outer loop
      vertex 39.5441 -32.779 2.1
      vertex 39.201 -34.2339 2.5
      vertex 39.201 -34.2339 2.1
    endloop
  endfacet
  facet normal 0.964443 -0.264292 0
    outer loop
      vertex 38.8068 -35.6724 2.5
      vertex 39.201 -34.2339 2.1
      vertex 39.201 -34.2339 2.5
    endloop
  endfacet
  facet normal 0.964443 -0.264292 0
    outer loop
      vertex 39.201 -34.2339 2.1
      vertex 38.8068 -35.6724 2.5
      vertex 38.8068 -35.6724 2.1
    endloop
  endfacet
  facet normal 0.954371 -0.298623 0
    outer loop
      vertex 38.3622 -37.0933 2.5
      vertex 38.8068 -35.6724 2.1
      vertex 38.8068 -35.6724 2.5
    endloop
  endfacet
  facet normal 0.954371 -0.298623 0
    outer loop
      vertex 38.8068 -35.6724 2.1
      vertex 38.3622 -37.0933 2.5
      vertex 38.3622 -37.0933 2.1
    endloop
  endfacet
  facet normal 0.943031 -0.332704 0
    outer loop
      vertex 37.8675 -38.4955 2.5
      vertex 38.3622 -37.0933 2.1
      vertex 38.3622 -37.0933 2.5
    endloop
  endfacet
  facet normal 0.943031 -0.332704 0
    outer loop
      vertex 38.3622 -37.0933 2.1
      vertex 37.8675 -38.4955 2.5
      vertex 37.8675 -38.4955 2.1
    endloop
  endfacet
  facet normal 0.930501 -0.36629 0
    outer loop
      vertex 37.3234 -39.8777 2.5
      vertex 37.8675 -38.4955 2.1
      vertex 37.8675 -38.4955 2.5
    endloop
  endfacet
  facet normal 0.930501 -0.36629 0
    outer loop
      vertex 37.8675 -38.4955 2.1
      vertex 37.3234 -39.8777 2.5
      vertex 37.3234 -39.8777 2.1
    endloop
  endfacet
  facet normal 0.916717 -0.399536 0
    outer loop
      vertex 36.7301 -41.239 2.5
      vertex 37.3234 -39.8777 2.1
      vertex 37.3234 -39.8777 2.5
    endloop
  endfacet
  facet normal 0.916717 -0.399536 0
    outer loop
      vertex 37.3234 -39.8777 2.1
      vertex 36.7301 -41.239 2.5
      vertex 36.7301 -41.239 2.1
    endloop
  endfacet
  facet normal 0.901803 -0.432146 0
    outer loop
      vertex 36.0884 -42.5781 2.5
      vertex 36.7301 -41.239 2.1
      vertex 36.7301 -41.239 2.5
    endloop
  endfacet
  facet normal 0.901803 -0.432146 0
    outer loop
      vertex 36.7301 -41.239 2.1
      vertex 36.0884 -42.5781 2.5
      vertex 36.0884 -42.5781 2.1
    endloop
  endfacet
  facet normal 0.885659 -0.464336 0
    outer loop
      vertex 35.3986 -43.8938 2.5
      vertex 36.0884 -42.5781 2.1
      vertex 36.0884 -42.5781 2.5
    endloop
  endfacet
  facet normal 0.885659 -0.464336 0
    outer loop
      vertex 36.0884 -42.5781 2.1
      vertex 35.3986 -43.8938 2.5
      vertex 35.3986 -43.8938 2.1
    endloop
  endfacet
  facet normal 0.868367 -0.495922 0
    outer loop
      vertex 34.6612 -45.185 2.5
      vertex 35.3986 -43.8938 2.1
      vertex 35.3986 -43.8938 2.5
    endloop
  endfacet
  facet normal 0.868367 -0.495922 0
    outer loop
      vertex 35.3986 -43.8938 2.1
      vertex 34.6612 -45.185 2.5
      vertex 34.6612 -45.185 2.1
    endloop
  endfacet
  facet normal 0.849973 -0.526826 0
    outer loop
      vertex 33.8767 -46.4507 2.5
      vertex 34.6612 -45.185 2.1
      vertex 34.6612 -45.185 2.5
    endloop
  endfacet
  facet normal 0.849973 -0.526826 0
    outer loop
      vertex 34.6612 -45.185 2.1
      vertex 33.8767 -46.4507 2.5
      vertex 33.8767 -46.4507 2.1
    endloop
  endfacet
  facet normal 0.830459 -0.55708 0
    outer loop
      vertex 33.0457 -47.6895 2.5
      vertex 33.8767 -46.4507 2.1
      vertex 33.8767 -46.4507 2.5
    endloop
  endfacet
  facet normal 0.830459 -0.55708 0
    outer loop
      vertex 33.8767 -46.4507 2.1
      vertex 33.0457 -47.6895 2.5
      vertex 33.0457 -47.6895 2.1
    endloop
  endfacet
  facet normal 0.809825 -0.586672 0
    outer loop
      vertex 32.1684 -48.9005 2.5
      vertex 33.0457 -47.6895 2.1
      vertex 33.0457 -47.6895 2.5
    endloop
  endfacet
  facet normal 0.809825 -0.586672 0
    outer loop
      vertex 33.0457 -47.6895 2.1
      vertex 32.1684 -48.9005 2.5
      vertex 32.1684 -48.9005 2.1
    endloop
  endfacet
  facet normal 0.78818 -0.615445 0
    outer loop
      vertex 31.2456 -50.0823 2.5
      vertex 32.1684 -48.9005 2.1
      vertex 32.1684 -48.9005 2.5
    endloop
  endfacet
  facet normal 0.78818 -0.615445 0
    outer loop
      vertex 32.1684 -48.9005 2.1
      vertex 31.2456 -50.0823 2.5
      vertex 31.2456 -50.0823 2.1
    endloop
  endfacet
  facet normal 0.765463 -0.64348 0
    outer loop
      vertex 30.2776 -51.2338 2.5
      vertex 31.2456 -50.0823 2.1
      vertex 31.2456 -50.0823 2.5
    endloop
  endfacet
  facet normal 0.765463 -0.64348 0
    outer loop
      vertex 31.2456 -50.0823 2.1
      vertex 30.2776 -51.2338 2.5
      vertex 30.2776 -51.2338 2.1
    endloop
  endfacet
  facet normal 0.741867 -0.670547 0
    outer loop
      vertex 29.265 -52.3541 2.5
      vertex 30.2776 -51.2338 2.1
      vertex 30.2776 -51.2338 2.5
    endloop
  endfacet
  facet normal 0.741867 -0.670547 0
    outer loop
      vertex 30.2776 -51.2338 2.1
      vertex 29.265 -52.3541 2.5
      vertex 29.265 -52.3541 2.1
    endloop
  endfacet
  facet normal 0.717221 -0.696846 0
    outer loop
      vertex 28.2082 -53.4418 2.5
      vertex 29.265 -52.3541 2.1
      vertex 29.265 -52.3541 2.5
    endloop
  endfacet
  facet normal 0.717221 -0.696846 0
    outer loop
      vertex 29.265 -52.3541 2.1
      vertex 28.2082 -53.4418 2.5
      vertex 28.2082 -53.4418 2.1
    endloop
  endfacet
  facet normal 0.690904 -0.722947 0
    outer loop
      vertex 27.035 -54.563 2.1
      vertex 28.2082 -53.4418 2.5
      vertex 27.035 -54.563 2.5
    endloop
  endfacet
  facet normal 0.690904 -0.722947 0
    outer loop
      vertex 28.2082 -53.4418 2.5
      vertex 27.035 -54.563 2.1
      vertex 28.2082 -53.4418 2.1
    endloop
  endfacet
  facet normal 0.662435 -0.74912 0
    outer loop
      vertex 25.826 -55.6321 2.1
      vertex 27.035 -54.563 2.5
      vertex 25.826 -55.6321 2.5
    endloop
  endfacet
  facet normal 0.662435 -0.74912 0
    outer loop
      vertex 27.035 -54.563 2.5
      vertex 25.826 -55.6321 2.1
      vertex 27.035 -54.563 2.1
    endloop
  endfacet
  facet normal 0.632997 -0.774154 0
    outer loop
      vertex 24.5827 -56.6487 2.1
      vertex 25.826 -55.6321 2.5
      vertex 24.5827 -56.6487 2.5
    endloop
  endfacet
  facet normal 0.632997 -0.774154 0
    outer loop
      vertex 25.826 -55.6321 2.5
      vertex 24.5827 -56.6487 2.1
      vertex 25.826 -55.6321 2.1
    endloop
  endfacet
  facet normal 0.602359 -0.798225 0
    outer loop
      vertex 23.3063 -57.6119 2.1
      vertex 24.5827 -56.6487 2.5
      vertex 23.3063 -57.6119 2.5
    endloop
  endfacet
  facet normal 0.602359 -0.798225 0
    outer loop
      vertex 24.5827 -56.6487 2.5
      vertex 23.3063 -57.6119 2.1
      vertex 24.5827 -56.6487 2.1
    endloop
  endfacet
  facet normal 0.570847 -0.821056 0
    outer loop
      vertex 21.9983 -58.5213 2.1
      vertex 23.3063 -57.6119 2.5
      vertex 21.9983 -58.5213 2.5
    endloop
  endfacet
  facet normal 0.570847 -0.821056 0
    outer loop
      vertex 23.3063 -57.6119 2.5
      vertex 21.9983 -58.5213 2.1
      vertex 23.3063 -57.6119 2.1
    endloop
  endfacet
  facet normal 0.538435 -0.842667 0
    outer loop
      vertex 20.6602 -59.3763 2.1
      vertex 21.9983 -58.5213 2.5
      vertex 20.6602 -59.3763 2.5
    endloop
  endfacet
  facet normal 0.538435 -0.842667 0
    outer loop
      vertex 21.9983 -58.5213 2.5
      vertex 20.6602 -59.3763 2.1
      vertex 21.9983 -58.5213 2.1
    endloop
  endfacet
  facet normal 0.505115 -0.863052 0
    outer loop
      vertex 19.2933 -60.1763 2.1
      vertex 20.6602 -59.3763 2.5
      vertex 19.2933 -60.1763 2.5
    endloop
  endfacet
  facet normal 0.505115 -0.863052 0
    outer loop
      vertex 20.6602 -59.3763 2.5
      vertex 19.2933 -60.1763 2.1
      vertex 20.6602 -59.3763 2.1
    endloop
  endfacet
  facet normal 0.470995 -0.882136 0
    outer loop
      vertex 17.8991 -60.9207 2.1
      vertex 19.2933 -60.1763 2.5
      vertex 17.8991 -60.9207 2.5
    endloop
  endfacet
  facet normal 0.470995 -0.882136 0
    outer loop
      vertex 19.2933 -60.1763 2.5
      vertex 17.8991 -60.9207 2.1
      vertex 19.2933 -60.1763 2.1
    endloop
  endfacet
  facet normal 0.436154 -0.899872 0
    outer loop
      vertex 16.479 -61.609 2.1
      vertex 17.8991 -60.9207 2.5
      vertex 16.479 -61.609 2.5
    endloop
  endfacet
  facet normal 0.436154 -0.899872 0
    outer loop
      vertex 17.8991 -60.9207 2.5
      vertex 16.479 -61.609 2.1
      vertex 17.8991 -60.9207 2.1
    endloop
  endfacet
  facet normal 0.400469 -0.91631 0
    outer loop
      vertex 15.0343 -62.2404 2.1
      vertex 16.479 -61.609 2.5
      vertex 15.0343 -62.2404 2.5
    endloop
  endfacet
  facet normal 0.400469 -0.91631 0
    outer loop
      vertex 16.479 -61.609 2.5
      vertex 15.0343 -62.2404 2.1
      vertex 16.479 -61.609 2.1
    endloop
  endfacet
  facet normal 0.364258 -0.931298 0
    outer loop
      vertex 13.5665 -62.8145 2.1
      vertex 15.0343 -62.2404 2.5
      vertex 13.5665 -62.8145 2.5
    endloop
  endfacet
  facet normal 0.364258 -0.931298 0
    outer loop
      vertex 15.0343 -62.2404 2.5
      vertex 13.5665 -62.8145 2.1
      vertex 15.0343 -62.2404 2.1
    endloop
  endfacet
  facet normal 0.327472 -0.944861 0
    outer loop
      vertex 12.0771 -63.3307 2.1
      vertex 13.5665 -62.8145 2.5
      vertex 12.0771 -63.3307 2.5
    endloop
  endfacet
  facet normal 0.327472 -0.944861 0
    outer loop
      vertex 13.5665 -62.8145 2.5
      vertex 12.0771 -63.3307 2.1
      vertex 13.5665 -62.8145 2.1
    endloop
  endfacet
  facet normal 0.290074 -0.957004 0
    outer loop
      vertex 10.5674 -63.7883 2.1
      vertex 12.0771 -63.3307 2.5
      vertex 10.5674 -63.7883 2.5
    endloop
  endfacet
  facet normal 0.290074 -0.957004 0
    outer loop
      vertex 12.0771 -63.3307 2.5
      vertex 10.5674 -63.7883 2.1
      vertex 12.0771 -63.3307 2.1
    endloop
  endfacet
  facet normal 0.252332 -0.967641 0
    outer loop
      vertex 9.03885 -64.1869 2.1
      vertex 10.5674 -63.7883 2.5
      vertex 9.03885 -64.1869 2.5
    endloop
  endfacet
  facet normal 0.252332 -0.967641 0
    outer loop
      vertex 10.5674 -63.7883 2.5
      vertex 9.03885 -64.1869 2.1
      vertex 10.5674 -63.7883 2.1
    endloop
  endfacet
  facet normal 0.214064 -0.97682 0
    outer loop
      vertex 7.49283 -64.5257 2.1
      vertex 9.03885 -64.1869 2.5
      vertex 7.49283 -64.5257 2.5
    endloop
  endfacet
  facet normal 0.214064 -0.97682 0
    outer loop
      vertex 9.03885 -64.1869 2.5
      vertex 7.49283 -64.5257 2.1
      vertex 9.03885 -64.1869 2.1
    endloop
  endfacet
  facet normal 0.175532 -0.984474 0
    outer loop
      vertex 5.93086 -64.8042 2.1
      vertex 7.49283 -64.5257 2.5
      vertex 5.93086 -64.8042 2.5
    endloop
  endfacet
  facet normal 0.175532 -0.984474 0
    outer loop
      vertex 7.49283 -64.5257 2.5
      vertex 5.93086 -64.8042 2.1
      vertex 7.49283 -64.5257 2.1
    endloop
  endfacet
  facet normal 0.136783 -0.990601 0
    outer loop
      vertex 4.35425 -65.0219 2.1
      vertex 5.93086 -64.8042 2.5
      vertex 4.35425 -65.0219 2.5
    endloop
  endfacet
  facet normal 0.136783 -0.990601 0
    outer loop
      vertex 5.93086 -64.8042 2.5
      vertex 4.35425 -65.0219 2.1
      vertex 5.93086 -64.8042 2.1
    endloop
  endfacet
  facet normal 0.0977793 -0.995208 0
    outer loop
      vertex 2.76443 -65.1781 2.1
      vertex 4.35425 -65.0219 2.5
      vertex 2.76443 -65.1781 2.5
    endloop
  endfacet
  facet normal 0.0977793 -0.995208 0
    outer loop
      vertex 4.35425 -65.0219 2.5
      vertex 2.76443 -65.1781 2.1
      vertex 4.35425 -65.0219 2.1
    endloop
  endfacet
  facet normal 0.0586515 -0.998279 0
    outer loop
      vertex 1.1628 -65.2722 2.1
      vertex 2.76443 -65.1781 2.5
      vertex 1.1628 -65.2722 2.5
    endloop
  endfacet
  facet normal 0.0586515 -0.998279 0
    outer loop
      vertex 2.76443 -65.1781 2.5
      vertex 1.1628 -65.2722 2.1
      vertex 2.76443 -65.1781 2.1
    endloop
  endfacet
  facet normal 0.0195388 -0.999809 0
    outer loop
      vertex -0.449066 -65.3037 2.1
      vertex 1.1628 -65.2722 2.5
      vertex -0.449066 -65.3037 2.5
    endloop
  endfacet
  facet normal 0.0195388 -0.999809 0
    outer loop
      vertex 1.1628 -65.2722 2.5
      vertex -0.449066 -65.3037 2.1
      vertex 1.1628 -65.2722 2.1
    endloop
  endfacet
  facet normal -0.019476 -0.99981 0
    outer loop
      vertex -2.061 -65.2723 2.1
      vertex -0.449066 -65.3037 2.5
      vertex -2.061 -65.2723 2.5
    endloop
  endfacet
  facet normal -0.019476 -0.99981 -0
    outer loop
      vertex -0.449066 -65.3037 2.5
      vertex -2.061 -65.2723 2.1
      vertex -0.449066 -65.3037 2.1
    endloop
  endfacet
  facet normal -0.0586511 -0.998279 0
    outer loop
      vertex -3.66264 -65.1782 2.1
      vertex -2.061 -65.2723 2.5
      vertex -3.66264 -65.1782 2.5
    endloop
  endfacet
  facet normal -0.0586511 -0.998279 -0
    outer loop
      vertex -2.061 -65.2723 2.5
      vertex -3.66264 -65.1782 2.1
      vertex -2.061 -65.2723 2.1
    endloop
  endfacet
  facet normal -0.0976553 -0.99522 0
    outer loop
      vertex -5.25246 -65.0222 2.1
      vertex -3.66264 -65.1782 2.5
      vertex -5.25246 -65.0222 2.5
    endloop
  endfacet
  facet normal -0.0976553 -0.99522 -0
    outer loop
      vertex -3.66264 -65.1782 2.5
      vertex -5.25246 -65.0222 2.1
      vertex -3.66264 -65.1782 2.1
    endloop
  endfacet
  facet normal -0.136537 -0.990635 0
    outer loop
      vertex -6.82907 -64.8049 2.1
      vertex -5.25246 -65.0222 2.5
      vertex -6.82907 -64.8049 2.5
    endloop
  endfacet
  facet normal -0.136537 -0.990635 -0
    outer loop
      vertex -5.25246 -65.0222 2.5
      vertex -6.82907 -64.8049 2.1
      vertex -5.25246 -65.0222 2.1
    endloop
  endfacet
  facet normal -0.17541 -0.984495 0
    outer loop
      vertex -8.39104 -64.5266 2.1
      vertex -6.82907 -64.8049 2.5
      vertex -8.39104 -64.5266 2.5
    endloop
  endfacet
  facet normal -0.17541 -0.984495 -0
    outer loop
      vertex -6.82907 -64.8049 2.5
      vertex -8.39104 -64.5266 2.1
      vertex -6.82907 -64.8049 2.1
    endloop
  endfacet
  facet normal -0.213883 -0.976859 0
    outer loop
      vertex -9.93706 -64.1881 2.1
      vertex -8.39104 -64.5266 2.5
      vertex -9.93706 -64.1881 2.5
    endloop
  endfacet
  facet normal -0.213883 -0.976859 -0
    outer loop
      vertex -8.39104 -64.5266 2.5
      vertex -9.93706 -64.1881 2.1
      vertex -8.39104 -64.5266 2.1
    endloop
  endfacet
  facet normal -0.252155 -0.967687 0
    outer loop
      vertex -11.4656 -63.7898 2.1
      vertex -9.93706 -64.1881 2.5
      vertex -11.4656 -63.7898 2.5
    endloop
  endfacet
  facet normal -0.252155 -0.967687 -0
    outer loop
      vertex -9.93706 -64.1881 2.5
      vertex -11.4656 -63.7898 2.1
      vertex -9.93706 -64.1881 2.1
    endloop
  endfacet
  facet normal -0.2899 -0.957057 0
    outer loop
      vertex -12.9753 -63.3325 2.1
      vertex -11.4656 -63.7898 2.5
      vertex -12.9753 -63.3325 2.5
    endloop
  endfacet
  facet normal -0.2899 -0.957057 -0
    outer loop
      vertex -11.4656 -63.7898 2.5
      vertex -12.9753 -63.3325 2.1
      vertex -11.4656 -63.7898 2.1
    endloop
  endfacet
  facet normal -0.327302 -0.94492 0
    outer loop
      vertex -14.4647 -62.8166 2.1
      vertex -12.9753 -63.3325 2.5
      vertex -14.4647 -62.8166 2.5
    endloop
  endfacet
  facet normal -0.327302 -0.94492 -0
    outer loop
      vertex -12.9753 -63.3325 2.5
      vertex -14.4647 -62.8166 2.1
      vertex -12.9753 -63.3325 2.1
    endloop
  endfacet
  facet normal -0.364093 -0.931363 0
    outer loop
      vertex -15.9325 -62.2428 2.1
      vertex -14.4647 -62.8166 2.5
      vertex -15.9325 -62.2428 2.5
    endloop
  endfacet
  facet normal -0.364093 -0.931363 -0
    outer loop
      vertex -14.4647 -62.8166 2.5
      vertex -15.9325 -62.2428 2.1
      vertex -14.4647 -62.8166 2.1
    endloop
  endfacet
  facet normal -0.400363 -0.916357 0
    outer loop
      vertex -17.3772 -61.6116 2.1
      vertex -15.9325 -62.2428 2.5
      vertex -17.3772 -61.6116 2.5
    endloop
  endfacet
  facet normal -0.400363 -0.916357 -0
    outer loop
      vertex -15.9325 -62.2428 2.5
      vertex -17.3772 -61.6116 2.1
      vertex -15.9325 -62.2428 2.1
    endloop
  endfacet
  facet normal -0.436051 -0.899922 0
    outer loop
      vertex -18.7973 -60.9235 2.1
      vertex -17.3772 -61.6116 2.5
      vertex -18.7973 -60.9235 2.5
    endloop
  endfacet
  facet normal -0.436051 -0.899922 -0
    outer loop
      vertex -17.3772 -61.6116 2.5
      vertex -18.7973 -60.9235 2.1
      vertex -17.3772 -61.6116 2.1
    endloop
  endfacet
  facet normal -0.470946 -0.882162 0
    outer loop
      vertex -20.1915 -60.1792 2.1
      vertex -18.7973 -60.9235 2.5
      vertex -20.1915 -60.1792 2.5
    endloop
  endfacet
  facet normal -0.470946 -0.882162 -0
    outer loop
      vertex -18.7973 -60.9235 2.5
      vertex -20.1915 -60.1792 2.1
      vertex -18.7973 -60.9235 2.1
    endloop
  endfacet
  facet normal -0.505162 -0.863025 0
    outer loop
      vertex -21.5584 -59.3791 2.1
      vertex -20.1915 -60.1792 2.5
      vertex -21.5584 -59.3791 2.5
    endloop
  endfacet
  facet normal -0.505162 -0.863025 -0
    outer loop
      vertex -20.1915 -60.1792 2.5
      vertex -21.5584 -59.3791 2.1
      vertex -20.1915 -60.1792 2.1
    endloop
  endfacet
  facet normal -0.53848 -0.842638 0
    outer loop
      vertex -22.8965 -58.524 2.1
      vertex -21.5584 -59.3791 2.5
      vertex -22.8965 -58.524 2.5
    endloop
  endfacet
  facet normal -0.53848 -0.842638 -0
    outer loop
      vertex -21.5584 -59.3791 2.5
      vertex -22.8965 -58.524 2.1
      vertex -21.5584 -59.3791 2.1
    endloop
  endfacet
  facet normal -0.570932 -0.820997 0
    outer loop
      vertex -24.2045 -57.6144 2.1
      vertex -22.8965 -58.524 2.5
      vertex -24.2045 -57.6144 2.5
    endloop
  endfacet
  facet normal -0.570932 -0.820997 -0
    outer loop
      vertex -22.8965 -58.524 2.5
      vertex -24.2045 -57.6144 2.1
      vertex -22.8965 -58.524 2.1
    endloop
  endfacet
  facet normal -0.602558 -0.798075 0
    outer loop
      vertex -25.4809 -56.6507 2.1
      vertex -24.2045 -57.6144 2.5
      vertex -25.4809 -56.6507 2.5
    endloop
  endfacet
  facet normal -0.602558 -0.798075 -0
    outer loop
      vertex -24.2045 -57.6144 2.5
      vertex -25.4809 -56.6507 2.1
      vertex -24.2045 -57.6144 2.1
    endloop
  endfacet
  facet normal -0.633146 -0.774032 0
    outer loop
      vertex -26.7242 -55.6337 2.1
      vertex -25.4809 -56.6507 2.5
      vertex -26.7242 -55.6337 2.5
    endloop
  endfacet
  facet normal -0.633146 -0.774032 -0
    outer loop
      vertex -25.4809 -56.6507 2.5
      vertex -26.7242 -55.6337 2.1
      vertex -25.4809 -56.6507 2.1
    endloop
  endfacet
  facet normal -0.662713 -0.748874 0
    outer loop
      vertex -27.9332 -54.5638 2.1
      vertex -26.7242 -55.6337 2.5
      vertex -27.9332 -54.5638 2.5
    endloop
  endfacet
  facet normal -0.662713 -0.748874 -0
    outer loop
      vertex -26.7242 -55.6337 2.5
      vertex -27.9332 -54.5638 2.1
      vertex -26.7242 -55.6337 2.1
    endloop
  endfacet
  facet normal -0.691161 -0.722701 0
    outer loop
      vertex -29.1064 -53.4418 2.1
      vertex -27.9332 -54.5638 2.5
      vertex -29.1064 -53.4418 2.5
    endloop
  endfacet
  facet normal -0.691161 -0.722701 -0
    outer loop
      vertex -27.9332 -54.5638 2.5
      vertex -29.1064 -53.4418 2.1
      vertex -27.9332 -54.5638 2.1
    endloop
  endfacet
  facet normal -0.717658 -0.696396 0
    outer loop
      vertex -29.1064 -53.4418 2.1
      vertex -30.1447 -52.3718 2.5
      vertex -30.1447 -52.3718 2.1
    endloop
  endfacet
  facet normal -0.717658 -0.696396 0
    outer loop
      vertex -30.1447 -52.3718 2.5
      vertex -29.1064 -53.4418 2.1
      vertex -29.1064 -53.4418 2.5
    endloop
  endfacet
  facet normal -0.742987 -0.669306 0
    outer loop
      vertex -30.1447 -52.3718 2.1
      vertex -31.1403 -51.2666 2.5
      vertex -31.1403 -51.2666 2.1
    endloop
  endfacet
  facet normal -0.742987 -0.669306 0
    outer loop
      vertex -31.1403 -51.2666 2.5
      vertex -30.1447 -52.3718 2.1
      vertex -30.1447 -52.3718 2.5
    endloop
  endfacet
  facet normal -0.767121 -0.641502 0
    outer loop
      vertex -31.1403 -51.2666 2.1
      vertex -32.0927 -50.1277 2.5
      vertex -32.0927 -50.1277 2.1
    endloop
  endfacet
  facet normal -0.767121 -0.641502 0
    outer loop
      vertex -32.0927 -50.1277 2.5
      vertex -31.1403 -51.2666 2.1
      vertex -31.1403 -51.2666 2.5
    endloop
  endfacet
  facet normal -0.790067 -0.61302 0
    outer loop
      vertex -32.0927 -50.1277 2.1
      vertex -33.0016 -48.9563 2.5
      vertex -33.0016 -48.9563 2.1
    endloop
  endfacet
  facet normal -0.790067 -0.61302 0
    outer loop
      vertex -33.0016 -48.9563 2.5
      vertex -32.0927 -50.1277 2.1
      vertex -32.0927 -50.1277 2.5
    endloop
  endfacet
  facet normal -0.811762 -0.583988 0
    outer loop
      vertex -33.0016 -48.9563 2.1
      vertex -33.8664 -47.7542 2.5
      vertex -33.8664 -47.7542 2.1
    endloop
  endfacet
  facet normal -0.811762 -0.583988 0
    outer loop
      vertex -33.8664 -47.7542 2.5
      vertex -33.0016 -48.9563 2.1
      vertex -33.0016 -48.9563 2.5
    endloop
  endfacet
  facet normal -0.832237 -0.554419 0
    outer loop
      vertex -33.8664 -47.7542 2.1
      vertex -34.6868 -46.5227 2.5
      vertex -34.6868 -46.5227 2.1
    endloop
  endfacet
  facet normal -0.832237 -0.554419 0
    outer loop
      vertex -34.6868 -46.5227 2.5
      vertex -33.8664 -47.7542 2.1
      vertex -33.8664 -47.7542 2.5
    endloop
  endfacet
  facet normal -0.851512 -0.524335 0
    outer loop
      vertex -34.6868 -46.5227 2.1
      vertex -35.4623 -45.2633 2.5
      vertex -35.4623 -45.2633 2.1
    endloop
  endfacet
  facet normal -0.851512 -0.524335 0
    outer loop
      vertex -35.4623 -45.2633 2.5
      vertex -34.6868 -46.5227 2.1
      vertex -34.6868 -46.5227 2.5
    endloop
  endfacet
  facet normal -0.869622 -0.493719 0
    outer loop
      vertex -35.4623 -45.2633 2.1
      vertex -36.1923 -43.9775 2.5
      vertex -36.1923 -43.9775 2.1
    endloop
  endfacet
  facet normal -0.869622 -0.493719 0
    outer loop
      vertex -36.1923 -43.9775 2.5
      vertex -35.4623 -45.2633 2.1
      vertex -35.4623 -45.2633 2.5
    endloop
  endfacet
  facet normal -0.886471 -0.462783 0
    outer loop
      vertex -36.1923 -43.9775 2.1
      vertex -36.8765 -42.6669 2.5
      vertex -36.8765 -42.6669 2.1
    endloop
  endfacet
  facet normal -0.886471 -0.462783 0
    outer loop
      vertex -36.8765 -42.6669 2.5
      vertex -36.1923 -43.9775 2.1
      vertex -36.1923 -43.9775 2.5
    endloop
  endfacet
  facet normal -0.902147 -0.431429 0
    outer loop
      vertex -36.8765 -42.6669 2.1
      vertex -37.5145 -41.3328 2.5
      vertex -37.5145 -41.3328 2.1
    endloop
  endfacet
  facet normal -0.902147 -0.431429 0
    outer loop
      vertex -37.5145 -41.3328 2.5
      vertex -36.8765 -42.6669 2.1
      vertex -36.8765 -42.6669 2.5
    endloop
  endfacet
  facet normal -0.916665 -0.399655 0
    outer loop
      vertex -37.5145 -41.3328 2.1
      vertex -38.1057 -39.9768 2.5
      vertex -38.1057 -39.9768 2.1
    endloop
  endfacet
  facet normal -0.916665 -0.399655 0
    outer loop
      vertex -38.1057 -39.9768 2.5
      vertex -37.5145 -41.3328 2.1
      vertex -37.5145 -41.3328 2.5
    endloop
  endfacet
  facet normal -0.929983 -0.367602 0
    outer loop
      vertex -38.1057 -39.9768 2.1
      vertex -38.6498 -38.6003 2.5
      vertex -38.6498 -38.6003 2.1
    endloop
  endfacet
  facet normal -0.929983 -0.367602 0
    outer loop
      vertex -38.6498 -38.6003 2.5
      vertex -38.1057 -39.9768 2.1
      vertex -38.1057 -39.9768 2.5
    endloop
  endfacet
  facet normal -0.942146 -0.335203 0
    outer loop
      vertex -38.6498 -38.6003 2.1
      vertex -39.1463 -37.2048 2.5
      vertex -39.1463 -37.2048 2.1
    endloop
  endfacet
  facet normal -0.942146 -0.335203 0
    outer loop
      vertex -39.1463 -37.2048 2.5
      vertex -38.6498 -38.6003 2.1
      vertex -38.6498 -38.6003 2.5
    endloop
  endfacet
  facet normal -0.953151 -0.302494 0
    outer loop
      vertex -39.1463 -37.2048 2.1
      vertex -39.5947 -35.7919 2.5
      vertex -39.5947 -35.7919 2.1
    endloop
  endfacet
  facet normal -0.953151 -0.302494 0
    outer loop
      vertex -39.5947 -35.7919 2.5
      vertex -39.1463 -37.2048 2.1
      vertex -39.1463 -37.2048 2.5
    endloop
  endfacet
  facet normal -0.963015 -0.269447 0
    outer loop
      vertex -39.5947 -35.7919 2.1
      vertex -39.9945 -34.363 2.5
      vertex -39.9945 -34.363 2.1
    endloop
  endfacet
  facet normal -0.963015 -0.269447 0
    outer loop
      vertex -39.9945 -34.363 2.5
      vertex -39.5947 -35.7919 2.1
      vertex -39.5947 -35.7919 2.5
    endloop
  endfacet
  facet normal -0.971686 -0.236274 0
    outer loop
      vertex -39.9945 -34.363 2.1
      vertex -40.3455 -32.9195 2.5
      vertex -40.3455 -32.9195 2.1
    endloop
  endfacet
  facet normal -0.971686 -0.236274 0
    outer loop
      vertex -40.3455 -32.9195 2.5
      vertex -39.9945 -34.363 2.1
      vertex -39.9945 -34.363 2.5
    endloop
  endfacet
  facet normal -0.97924 -0.202706 0
    outer loop
      vertex -40.3455 -32.9195 2.1
      vertex -40.647 -31.463 2.5
      vertex -40.647 -31.463 2.1
    endloop
  endfacet
  facet normal -0.97924 -0.202706 0
    outer loop
      vertex -40.647 -31.463 2.5
      vertex -40.3455 -32.9195 2.1
      vertex -40.3455 -32.9195 2.5
    endloop
  endfacet
  facet normal -0.985632 -0.168904 0
    outer loop
      vertex -40.647 -31.463 2.1
      vertex -40.8986 -29.9948 2.5
      vertex -40.8986 -29.9948 2.1
    endloop
  endfacet
  facet normal -0.985632 -0.168904 0
    outer loop
      vertex -40.8986 -29.9948 2.5
      vertex -40.647 -31.463 2.1
      vertex -40.647 -31.463 2.5
    endloop
  endfacet
  facet normal -0.990846 -0.135 0
    outer loop
      vertex -40.8986 -29.9948 2.1
      vertex -41.1 -28.5166 2.5
      vertex -41.1 -28.5166 2.1
    endloop
  endfacet
  facet normal -0.990846 -0.135 0
    outer loop
      vertex -41.1 -28.5166 2.5
      vertex -40.8986 -29.9948 2.1
      vertex -40.8986 -29.9948 2.5
    endloop
  endfacet
  facet normal -0.994909 -0.100776 0
    outer loop
      vertex -41.1 -28.5166 2.1
      vertex -41.2506 -27.0298 2.5
      vertex -41.2506 -27.0298 2.1
    endloop
  endfacet
  facet normal -0.994909 -0.100776 0
    outer loop
      vertex -41.2506 -27.0298 2.5
      vertex -41.1 -28.5166 2.1
      vertex -41.1 -28.5166 2.5
    endloop
  endfacet
  facet normal -0.367924 0.929856 0
    outer loop
      vertex -39.3483 -26.2771 2.1
      vertex -41.2506 -27.0298 2.5
      vertex -39.3483 -26.2771 2.5
    endloop
  endfacet
  facet normal -0.367924 0.929856 0
    outer loop
      vertex -41.2506 -27.0298 2.5
      vertex -39.3483 -26.2771 2.1
      vertex -41.2506 -27.0298 2.1
    endloop
  endfacet
  facet normal -0.424358 0.905494 0
    outer loop
      vertex -37.5047 -25.4131 2.1
      vertex -39.3483 -26.2771 2.5
      vertex -37.5047 -25.4131 2.5
    endloop
  endfacet
  facet normal -0.424358 0.905494 0
    outer loop
      vertex -39.3483 -26.2771 2.5
      vertex -37.5047 -25.4131 2.1
      vertex -39.3483 -26.2771 2.1
    endloop
  endfacet
  facet normal -0.478766 0.877943 0
    outer loop
      vertex -35.7243 -24.4422 2.1
      vertex -37.5047 -25.4131 2.5
      vertex -35.7243 -24.4422 2.5
    endloop
  endfacet
  facet normal -0.478766 0.877943 0
    outer loop
      vertex -37.5047 -25.4131 2.5
      vertex -35.7243 -24.4422 2.1
      vertex -37.5047 -25.4131 2.1
    endloop
  endfacet
  facet normal -0.531025 0.847356 0
    outer loop
      vertex -34.011 -23.3685 2.1
      vertex -35.7243 -24.4422 2.5
      vertex -34.011 -23.3685 2.5
    endloop
  endfacet
  facet normal -0.531025 0.847356 0
    outer loop
      vertex -35.7243 -24.4422 2.5
      vertex -34.011 -23.3685 2.1
      vertex -35.7243 -24.4422 2.1
    endloop
  endfacet
  facet normal -0.581135 0.813807 0
    outer loop
      vertex -32.3692 -22.1961 2.1
      vertex -34.011 -23.3685 2.5
      vertex -32.3692 -22.1961 2.5
    endloop
  endfacet
  facet normal -0.581135 0.813807 0
    outer loop
      vertex -34.011 -23.3685 2.5
      vertex -32.3692 -22.1961 2.1
      vertex -34.011 -23.3685 2.1
    endloop
  endfacet
  facet normal -0.628881 0.777501 0
    outer loop
      vertex -30.8029 -20.9292 2.1
      vertex -32.3692 -22.1961 2.5
      vertex -30.8029 -20.9292 2.5
    endloop
  endfacet
  facet normal -0.628881 0.777501 0
    outer loop
      vertex -32.3692 -22.1961 2.5
      vertex -30.8029 -20.9292 2.1
      vertex -32.3692 -22.1961 2.1
    endloop
  endfacet
  facet normal -0.674232 0.73852 0
    outer loop
      vertex -29.3164 -19.5721 2.1
      vertex -30.8029 -20.9292 2.5
      vertex -29.3164 -19.5721 2.5
    endloop
  endfacet
  facet normal -0.674232 0.73852 0
    outer loop
      vertex -30.8029 -20.9292 2.5
      vertex -29.3164 -19.5721 2.1
      vertex -30.8029 -20.9292 2.1
    endloop
  endfacet
  facet normal -0.717147 0.696922 0
    outer loop
      vertex -29.3164 -19.5721 2.1
      vertex -27.9139 -18.1289 2.5
      vertex -27.9139 -18.1289 2.1
    endloop
  endfacet
  facet normal -0.717147 0.696922 0
    outer loop
      vertex -27.9139 -18.1289 2.5
      vertex -29.3164 -19.5721 2.1
      vertex -29.3164 -19.5721 2.5
    endloop
  endfacet
  facet normal -0.757473 0.652867 0
    outer loop
      vertex -27.9139 -18.1289 2.1
      vertex -26.5995 -16.6039 2.5
      vertex -26.5995 -16.6039 2.1
    endloop
  endfacet
  facet normal -0.757473 0.652867 0
    outer loop
      vertex -26.5995 -16.6039 2.5
      vertex -27.9139 -18.1289 2.1
      vertex -27.9139 -18.1289 2.5
    endloop
  endfacet
  facet normal -0.795212 0.606332 0
    outer loop
      vertex -26.5995 -16.6039 2.1
      vertex -25.3774 -15.0011 2.5
      vertex -25.3774 -15.0011 2.1
    endloop
  endfacet
  facet normal -0.795212 0.606332 0
    outer loop
      vertex -25.3774 -15.0011 2.5
      vertex -26.5995 -16.6039 2.1
      vertex -26.5995 -16.6039 2.5
    endloop
  endfacet
  facet normal -0.830225 0.557429 0
    outer loop
      vertex -25.3774 -15.0011 2.1
      vertex -24.2519 -13.3248 2.5
      vertex -24.2519 -13.3248 2.1
    endloop
  endfacet
  facet normal -0.830225 0.557429 0
    outer loop
      vertex -24.2519 -13.3248 2.5
      vertex -25.3774 -15.0011 2.1
      vertex -25.3774 -15.0011 2.5
    endloop
  endfacet
  facet normal -0.862383 0.506256 0
    outer loop
      vertex -24.2519 -13.3248 2.1
      vertex -23.2271 -11.5791 2.5
      vertex -23.2271 -11.5791 2.1
    endloop
  endfacet
  facet normal -0.862383 0.506256 0
    outer loop
      vertex -23.2271 -11.5791 2.5
      vertex -24.2519 -13.3248 2.1
      vertex -24.2519 -13.3248 2.5
    endloop
  endfacet
  facet normal -0.891552 0.452918 0
    outer loop
      vertex -23.2271 -11.5791 2.1
      vertex -22.3072 -9.76831 2.5
      vertex -22.3072 -9.76831 2.1
    endloop
  endfacet
  facet normal -0.891552 0.452918 0
    outer loop
      vertex -22.3072 -9.76831 2.5
      vertex -23.2271 -11.5791 2.1
      vertex -23.2271 -11.5791 2.5
    endloop
  endfacet
  facet normal -0.917588 0.397534 0
    outer loop
      vertex -22.3072 -9.76831 2.1
      vertex -21.4963 -7.89659 2.5
      vertex -21.4963 -7.89659 2.1
    endloop
  endfacet
  facet normal -0.917588 0.397534 0
    outer loop
      vertex -21.4963 -7.89659 2.5
      vertex -22.3072 -9.76831 2.1
      vertex -22.3072 -9.76831 2.5
    endloop
  endfacet
  facet normal -0.940362 0.340176 0
    outer loop
      vertex -21.4963 -7.89659 2.1
      vertex -20.7987 -5.96819 2.5
      vertex -20.7987 -5.96819 2.1
    endloop
  endfacet
  facet normal -0.940362 0.340176 0
    outer loop
      vertex -20.7987 -5.96819 2.5
      vertex -21.4963 -7.89659 2.1
      vertex -21.4963 -7.89659 2.5
    endloop
  endfacet
  facet normal -0.959704 0.281013 0
    outer loop
      vertex -20.7987 -5.96819 2.1
      vertex -20.2186 -3.98706 2.5
      vertex -20.2186 -3.98706 2.1
    endloop
  endfacet
  facet normal -0.959704 0.281013 0
    outer loop
      vertex -20.2186 -3.98706 2.5
      vertex -20.7987 -5.96819 2.1
      vertex -20.7987 -5.96819 2.5
    endloop
  endfacet
  facet normal -0.975419 0.220357 0
    outer loop
      vertex -20.2186 -3.98706 2.1
      vertex -19.7601 -1.95749 2.5
      vertex -19.7601 -1.95749 2.1
    endloop
  endfacet
  facet normal -0.975419 0.220357 0
    outer loop
      vertex -19.7601 -1.95749 2.5
      vertex -20.2186 -3.98706 2.1
      vertex -20.2186 -3.98706 2.5
    endloop
  endfacet
  facet normal -0.987365 0.158461 0
    outer loop
      vertex -19.7601 -1.95749 2.1
      vertex -19.4273 0.11618 2.5
      vertex -19.4273 0.11618 2.1
    endloop
  endfacet
  facet normal -0.987365 0.158461 0
    outer loop
      vertex -19.4273 0.11618 2.5
      vertex -19.7601 -1.95749 2.1
      vertex -19.7601 -1.95749 2.5
    endloop
  endfacet
  facet normal -0.995438 0.0954091 0
    outer loop
      vertex -19.4273 0.11618 2.1
      vertex -19.2247 2.22998 2.5
      vertex -19.2247 2.22998 2.1
    endloop
  endfacet
  facet normal -0.995438 0.0954091 0
    outer loop
      vertex -19.2247 2.22998 2.5
      vertex -19.4273 0.11618 2.1
      vertex -19.4273 0.11618 2.5
    endloop
  endfacet
  facet normal -0.999493 0.0318505 0
    outer loop
      vertex -19.2247 2.22998 2.1
      vertex -19.1562 4.37956 2.5
      vertex -19.1562 4.37956 2.1
    endloop
  endfacet
  facet normal -0.999493 0.0318505 0
    outer loop
      vertex -19.1562 4.37956 2.5
      vertex -19.2247 2.22998 2.1
      vertex -19.2247 2.22998 2.5
    endloop
  endfacet
  facet normal -0.999639 -0.0268667 0
    outer loop
      vertex -19.1562 4.37956 2.1
      vertex -19.2041 6.16179 2.5
      vertex -19.2041 6.16179 2.1
    endloop
  endfacet
  facet normal -0.999639 -0.0268667 0
    outer loop
      vertex -19.2041 6.16179 2.5
      vertex -19.1562 4.37956 2.1
      vertex -19.1562 4.37956 2.5
    endloop
  endfacet
  facet normal -0.996758 -0.0804624 0
    outer loop
      vertex -19.2041 6.16179 2.1
      vertex -19.3467 7.9283 2.5
      vertex -19.3467 7.9283 2.1
    endloop
  endfacet
  facet normal -0.996758 -0.0804624 0
    outer loop
      vertex -19.3467 7.9283 2.5
      vertex -19.2041 6.16179 2.1
      vertex -19.2041 6.16179 2.5
    endloop
  endfacet
  facet normal -0.99105 -0.133494 0
    outer loop
      vertex -19.3467 7.9283 2.1
      vertex -19.5821 9.67589 2.5
      vertex -19.5821 9.67589 2.1
    endloop
  endfacet
  facet normal -0.99105 -0.133494 0
    outer loop
      vertex -19.5821 9.67589 2.5
      vertex -19.3467 7.9283 2.1
      vertex -19.3467 7.9283 2.5
    endloop
  endfacet
  facet normal -0.982604 -0.185711 0
    outer loop
      vertex -19.5821 9.67589 2.1
      vertex -19.9082 11.4013 2.5
      vertex -19.9082 11.4013 2.1
    endloop
  endfacet
  facet normal -0.982604 -0.185711 0
    outer loop
      vertex -19.9082 11.4013 2.5
      vertex -19.5821 9.67589 2.1
      vertex -19.5821 9.67589 2.5
    endloop
  endfacet
  facet normal -0.971446 -0.237261 0
    outer loop
      vertex -19.9082 11.4013 2.1
      vertex -20.3234 13.1013 2.5
      vertex -20.3234 13.1013 2.1
    endloop
  endfacet
  facet normal -0.971446 -0.237261 0
    outer loop
      vertex -20.3234 13.1013 2.5
      vertex -19.9082 11.4013 2.1
      vertex -19.9082 11.4013 2.5
    endloop
  endfacet
  facet normal -0.957687 -0.28781 0
    outer loop
      vertex -20.3234 13.1013 2.1
      vertex -20.8257 14.7727 2.5
      vertex -20.8257 14.7727 2.1
    endloop
  endfacet
  facet normal -0.957687 -0.28781 0
    outer loop
      vertex -20.8257 14.7727 2.5
      vertex -20.3234 13.1013 2.1
      vertex -20.3234 13.1013 2.5
    endloop
  endfacet
  facet normal -0.941402 -0.337286 0
    outer loop
      vertex -20.8257 14.7727 2.1
      vertex -21.4131 16.4122 2.5
      vertex -21.4131 16.4122 2.1
    endloop
  endfacet
  facet normal -0.941402 -0.337286 0
    outer loop
      vertex -21.4131 16.4122 2.5
      vertex -20.8257 14.7727 2.1
      vertex -20.8257 14.7727 2.5
    endloop
  endfacet
  facet normal -0.922627 -0.385693 0
    outer loop
      vertex -21.4131 16.4122 2.1
      vertex -22.0838 18.0166 2.5
      vertex -22.0838 18.0166 2.1
    endloop
  endfacet
  facet normal -0.922627 -0.385693 0
    outer loop
      vertex -22.0838 18.0166 2.5
      vertex -21.4131 16.4122 2.1
      vertex -21.4131 16.4122 2.5
    endloop
  endfacet
  facet normal -0.901373 -0.433044 0
    outer loop
      vertex -22.0838 18.0166 2.1
      vertex -22.8361 19.5825 2.5
      vertex -22.8361 19.5825 2.1
    endloop
  endfacet
  facet normal -0.901373 -0.433044 0
    outer loop
      vertex -22.8361 19.5825 2.5
      vertex -22.0838 18.0166 2.1
      vertex -22.0838 18.0166 2.5
    endloop
  endfacet
  facet normal -0.877832 -0.478969 0
    outer loop
      vertex -22.8361 19.5825 2.1
      vertex -23.6678 21.1068 2.5
      vertex -23.6678 21.1068 2.1
    endloop
  endfacet
  facet normal -0.877832 -0.478969 0
    outer loop
      vertex -23.6678 21.1068 2.5
      vertex -22.8361 19.5825 2.1
      vertex -22.8361 19.5825 2.5
    endloop
  endfacet
  facet normal -0.851915 -0.52368 0
    outer loop
      vertex -23.6678 21.1068 2.1
      vertex -24.5772 22.5862 2.5
      vertex -24.5772 22.5862 2.1
    endloop
  endfacet
  facet normal -0.851915 -0.52368 0
    outer loop
      vertex -24.5772 22.5862 2.5
      vertex -23.6678 21.1068 2.1
      vertex -23.6678 21.1068 2.5
    endloop
  endfacet
  facet normal -0.823724 -0.56699 0
    outer loop
      vertex -24.5772 22.5862 2.1
      vertex -25.5624 24.0175 2.5
      vertex -25.5624 24.0175 2.1
    endloop
  endfacet
  facet normal -0.823724 -0.56699 0
    outer loop
      vertex -25.5624 24.0175 2.5
      vertex -24.5772 22.5862 2.1
      vertex -24.5772 22.5862 2.5
    endloop
  endfacet
  facet normal -0.793286 -0.608849 0
    outer loop
      vertex -25.5624 24.0175 2.1
      vertex -26.6214 25.3973 2.5
      vertex -26.6214 25.3973 2.1
    endloop
  endfacet
  facet normal -0.793286 -0.608849 0
    outer loop
      vertex -26.6214 25.3973 2.5
      vertex -25.5624 24.0175 2.1
      vertex -25.5624 24.0175 2.5
    endloop
  endfacet
  facet normal -0.760612 -0.649207 0
    outer loop
      vertex -26.6214 25.3973 2.1
      vertex -27.7525 26.7225 2.5
      vertex -27.7525 26.7225 2.1
    endloop
  endfacet
  facet normal -0.760612 -0.649207 0
    outer loop
      vertex -27.7525 26.7225 2.5
      vertex -26.6214 25.3973 2.1
      vertex -26.6214 25.3973 2.5
    endloop
  endfacet
  facet normal -0.725837 -0.687867 0
    outer loop
      vertex -27.7525 26.7225 2.1
      vertex -28.9536 27.9899 2.5
      vertex -28.9536 27.9899 2.1
    endloop
  endfacet
  facet normal -0.725837 -0.687867 0
    outer loop
      vertex -28.9536 27.9899 2.5
      vertex -27.7525 26.7225 2.1
      vertex -27.7525 26.7225 2.5
    endloop
  endfacet
  facet normal -0.688861 -0.724894 0
    outer loop
      vertex -30.223 29.1962 2.1
      vertex -28.9536 27.9899 2.5
      vertex -30.223 29.1962 2.5
    endloop
  endfacet
  facet normal -0.688861 -0.724894 -0
    outer loop
      vertex -28.9536 27.9899 2.5
      vertex -30.223 29.1962 2.1
      vertex -28.9536 27.9899 2.1
    endloop
  endfacet
  facet normal -0.64975 -0.760148 0
    outer loop
      vertex -31.5588 30.338 2.1
      vertex -30.223 29.1962 2.5
      vertex -31.5588 30.338 2.5
    endloop
  endfacet
  facet normal -0.64975 -0.760148 -0
    outer loop
      vertex -30.223 29.1962 2.5
      vertex -31.5588 30.338 2.1
      vertex -30.223 29.1962 2.1
    endloop
  endfacet
  facet normal -0.608749 -0.793363 0
    outer loop
      vertex -32.9589 31.4123 2.1
      vertex -31.5588 30.338 2.5
      vertex -32.9589 31.4123 2.5
    endloop
  endfacet
  facet normal -0.608749 -0.793363 -0
    outer loop
      vertex -31.5588 30.338 2.5
      vertex -32.9589 31.4123 2.1
      vertex -31.5588 30.338 2.1
    endloop
  endfacet
  facet normal -0.565619 -0.824666 0
    outer loop
      vertex -34.4217 32.4156 2.1
      vertex -32.9589 31.4123 2.5
      vertex -34.4217 32.4156 2.5
    endloop
  endfacet
  facet normal -0.565619 -0.824666 -0
    outer loop
      vertex -32.9589 31.4123 2.5
      vertex -34.4217 32.4156 2.1
      vertex -32.9589 31.4123 2.1
    endloop
  endfacet
  facet normal -0.52077 -0.853697 0
    outer loop
      vertex -35.9451 33.3449 2.1
      vertex -34.4217 32.4156 2.5
      vertex -35.9451 33.3449 2.5
    endloop
  endfacet
  facet normal -0.52077 -0.853697 -0
    outer loop
      vertex -34.4217 32.4156 2.5
      vertex -35.9451 33.3449 2.1
      vertex -34.4217 32.4156 2.1
    endloop
  endfacet
  facet normal -0.475592 -0.879666 0
    outer loop
      vertex -36.1173 33.438 2.1
      vertex -35.9451 33.3449 2.5
      vertex -36.1173 33.438 2.5
    endloop
  endfacet
  facet normal -0.475592 -0.879666 -0
    outer loop
      vertex -35.9451 33.3449 2.5
      vertex -36.1173 33.438 2.1
      vertex -35.9451 33.3449 2.1
    endloop
  endfacet
  facet normal -0.428197 -0.903685 0
    outer loop
      vertex -36.2931 33.5213 2.1
      vertex -36.1173 33.438 2.5
      vertex -36.2931 33.5213 2.5
    endloop
  endfacet
  facet normal -0.428197 -0.903685 -0
    outer loop
      vertex -36.1173 33.438 2.5
      vertex -36.2931 33.5213 2.1
      vertex -36.1173 33.438 2.1
    endloop
  endfacet
  facet normal -0.379398 -0.925234 0
    outer loop
      vertex -36.4721 33.5947 2.1
      vertex -36.2931 33.5213 2.5
      vertex -36.4721 33.5947 2.5
    endloop
  endfacet
  facet normal -0.379398 -0.925234 -0
    outer loop
      vertex -36.2931 33.5213 2.5
      vertex -36.4721 33.5947 2.1
      vertex -36.2931 33.5213 2.1
    endloop
  endfacet
  facet normal -0.330374 -0.94385 0
    outer loop
      vertex -36.6538 33.6583 2.1
      vertex -36.4721 33.5947 2.5
      vertex -36.6538 33.6583 2.5
    endloop
  endfacet
  facet normal -0.330374 -0.94385 -0
    outer loop
      vertex -36.4721 33.5947 2.5
      vertex -36.6538 33.6583 2.1
      vertex -36.4721 33.5947 2.1
    endloop
  endfacet
  facet normal -0.279679 -0.960093 0
    outer loop
      vertex -36.8378 33.7119 2.1
      vertex -36.6538 33.6583 2.5
      vertex -36.8378 33.7119 2.5
    endloop
  endfacet
  facet normal -0.279679 -0.960093 -0
    outer loop
      vertex -36.6538 33.6583 2.5
      vertex -36.8378 33.7119 2.1
      vertex -36.6538 33.6583 2.1
    endloop
  endfacet
  facet normal -0.229098 -0.973403 0
    outer loop
      vertex -37.0239 33.7557 2.1
      vertex -36.8378 33.7119 2.5
      vertex -37.0239 33.7557 2.5
    endloop
  endfacet
  facet normal -0.229098 -0.973403 -0
    outer loop
      vertex -36.8378 33.7119 2.5
      vertex -37.0239 33.7557 2.1
      vertex -36.8378 33.7119 2.1
    endloop
  endfacet
  facet normal -0.177824 -0.984062 0
    outer loop
      vertex -37.2115 33.7896 2.1
      vertex -37.0239 33.7557 2.5
      vertex -37.2115 33.7896 2.5
    endloop
  endfacet
  facet normal -0.177824 -0.984062 -0
    outer loop
      vertex -37.0239 33.7557 2.5
      vertex -37.2115 33.7896 2.1
      vertex -37.0239 33.7557 2.1
    endloop
  endfacet
  facet normal -0.126555 -0.99196 0
    outer loop
      vertex -37.4004 33.8137 2.1
      vertex -37.2115 33.7896 2.5
      vertex -37.4004 33.8137 2.5
    endloop
  endfacet
  facet normal -0.126555 -0.99196 -0
    outer loop
      vertex -37.2115 33.7896 2.5
      vertex -37.4004 33.8137 2.1
      vertex -37.2115 33.7896 2.1
    endloop
  endfacet
  facet normal -0.0752083 -0.997168 0
    outer loop
      vertex -37.59 33.828 2.1
      vertex -37.4004 33.8137 2.5
      vertex -37.59 33.828 2.5
    endloop
  endfacet
  facet normal -0.0752083 -0.997168 -0
    outer loop
      vertex -37.4004 33.8137 2.5
      vertex -37.59 33.828 2.1
      vertex -37.4004 33.8137 2.1
    endloop
  endfacet
  facet normal -0.0226377 -0.999744 0
    outer loop
      vertex -37.7799 33.8323 2.1
      vertex -37.59 33.828 2.5
      vertex -37.7799 33.8323 2.5
    endloop
  endfacet
  facet normal -0.0226377 -0.999744 -0
    outer loop
      vertex -37.59 33.828 2.5
      vertex -37.7799 33.8323 2.1
      vertex -37.59 33.828 2.1
    endloop
  endfacet
  facet normal 0.0284096 -0.999596 0
    outer loop
      vertex -37.9699 33.8269 2.1
      vertex -37.7799 33.8323 2.5
      vertex -37.9699 33.8269 2.5
    endloop
  endfacet
  facet normal 0.0284096 -0.999596 0
    outer loop
      vertex -37.7799 33.8323 2.5
      vertex -37.9699 33.8269 2.1
      vertex -37.7799 33.8323 2.1
    endloop
  endfacet
  facet normal 0.0799124 -0.996802 0
    outer loop
      vertex -38.1595 33.8117 2.1
      vertex -37.9699 33.8269 2.5
      vertex -38.1595 33.8117 2.5
    endloop
  endfacet
  facet normal 0.0799124 -0.996802 0
    outer loop
      vertex -37.9699 33.8269 2.5
      vertex -38.1595 33.8117 2.1
      vertex -37.9699 33.8269 2.1
    endloop
  endfacet
  facet normal 0.131269 -0.991347 0
    outer loop
      vertex -38.3483 33.7867 2.1
      vertex -38.1595 33.8117 2.5
      vertex -38.3483 33.7867 2.5
    endloop
  endfacet
  facet normal 0.131269 -0.991347 0
    outer loop
      vertex -38.1595 33.8117 2.5
      vertex -38.3483 33.7867 2.1
      vertex -38.1595 33.8117 2.1
    endloop
  endfacet
  facet normal 0.182896 -0.983132 0
    outer loop
      vertex -38.5359 33.7518 2.1
      vertex -38.3483 33.7867 2.5
      vertex -38.5359 33.7518 2.5
    endloop
  endfacet
  facet normal 0.182896 -0.983132 0
    outer loop
      vertex -38.3483 33.7867 2.5
      vertex -38.5359 33.7518 2.1
      vertex -38.3483 33.7867 2.1
    endloop
  endfacet
  facet normal 0.232562 -0.972581 0
    outer loop
      vertex -38.722 33.7073 2.1
      vertex -38.5359 33.7518 2.5
      vertex -38.722 33.7073 2.5
    endloop
  endfacet
  facet normal 0.232562 -0.972581 0
    outer loop
      vertex -38.5359 33.7518 2.5
      vertex -38.722 33.7073 2.1
      vertex -38.5359 33.7518 2.1
    endloop
  endfacet
  facet normal 0.28352 -0.958966 0
    outer loop
      vertex -38.906 33.6529 2.1
      vertex -38.722 33.7073 2.5
      vertex -38.906 33.6529 2.5
    endloop
  endfacet
  facet normal 0.28352 -0.958966 0
    outer loop
      vertex -38.722 33.7073 2.5
      vertex -38.906 33.6529 2.1
      vertex -38.722 33.7073 2.1
    endloop
  endfacet
  facet normal 0.332983 -0.942933 0
    outer loop
      vertex -39.0878 33.5887 2.1
      vertex -38.906 33.6529 2.5
      vertex -39.0878 33.5887 2.5
    endloop
  endfacet
  facet normal 0.332983 -0.942933 0
    outer loop
      vertex -38.906 33.6529 2.5
      vertex -39.0878 33.5887 2.1
      vertex -38.906 33.6529 2.1
    endloop
  endfacet
  facet normal 0.381789 -0.92425 0
    outer loop
      vertex -39.2667 33.5148 2.1
      vertex -39.0878 33.5887 2.5
      vertex -39.2667 33.5148 2.5
    endloop
  endfacet
  facet normal 0.381789 -0.92425 0
    outer loop
      vertex -39.0878 33.5887 2.5
      vertex -39.2667 33.5148 2.1
      vertex -39.0878 33.5887 2.1
    endloop
  endfacet
  facet normal 0.429654 -0.902993 0
    outer loop
      vertex -39.4424 33.4312 2.1
      vertex -39.2667 33.5148 2.5
      vertex -39.4424 33.4312 2.5
    endloop
  endfacet
  facet normal 0.429654 -0.902993 0
    outer loop
      vertex -39.2667 33.5148 2.5
      vertex -39.4424 33.4312 2.1
      vertex -39.2667 33.5148 2.1
    endloop
  endfacet
  facet normal 0.476563 -0.879141 0
    outer loop
      vertex -39.6147 33.3378 2.1
      vertex -39.4424 33.4312 2.5
      vertex -39.6147 33.3378 2.5
    endloop
  endfacet
  facet normal 0.476563 -0.879141 0
    outer loop
      vertex -39.4424 33.4312 2.5
      vertex -39.6147 33.3378 2.1
      vertex -39.4424 33.4312 2.1
    endloop
  endfacet
  facet normal 0.522358 -0.852726 0
    outer loop
      vertex -39.7817 33.2355 2.1
      vertex -39.6147 33.3378 2.5
      vertex -39.7817 33.2355 2.5
    endloop
  endfacet
  facet normal 0.522358 -0.852726 0
    outer loop
      vertex -39.6147 33.3378 2.5
      vertex -39.7817 33.2355 2.1
      vertex -39.6147 33.3378 2.1
    endloop
  endfacet
  facet normal 0.566856 -0.823817 0
    outer loop
      vertex -39.942 33.1252 2.1
      vertex -39.7817 33.2355 2.5
      vertex -39.942 33.1252 2.5
    endloop
  endfacet
  facet normal 0.566856 -0.823817 0
    outer loop
      vertex -39.7817 33.2355 2.5
      vertex -39.942 33.1252 2.1
      vertex -39.7817 33.2355 2.1
    endloop
  endfacet
  facet normal 0.609711 -0.792624 0
    outer loop
      vertex -40.0954 33.0072 2.1
      vertex -39.942 33.1252 2.5
      vertex -40.0954 33.0072 2.5
    endloop
  endfacet
  facet normal 0.609711 -0.792624 0
    outer loop
      vertex -39.942 33.1252 2.5
      vertex -40.0954 33.0072 2.1
      vertex -39.942 33.1252 2.1
    endloop
  endfacet
  facet normal 0.651304 -0.758816 0
    outer loop
      vertex -40.2415 32.8818 2.1
      vertex -40.0954 33.0072 2.5
      vertex -40.2415 32.8818 2.5
    endloop
  endfacet
  facet normal 0.651304 -0.758816 0
    outer loop
      vertex -40.0954 33.0072 2.5
      vertex -40.2415 32.8818 2.1
      vertex -40.0954 33.0072 2.1
    endloop
  endfacet
  facet normal 0.689694 -0.724101 0
    outer loop
      vertex -40.3804 32.7495 2.1
      vertex -40.2415 32.8818 2.5
      vertex -40.3804 32.7495 2.5
    endloop
  endfacet
  facet normal 0.689694 -0.724101 0
    outer loop
      vertex -40.2415 32.8818 2.5
      vertex -40.3804 32.7495 2.1
      vertex -40.2415 32.8818 2.1
    endloop
  endfacet
  facet normal 0.726694 -0.686961 0
    outer loop
      vertex -40.5118 32.6105 2.5
      vertex -40.3804 32.7495 2.1
      vertex -40.3804 32.7495 2.5
    endloop
  endfacet
  facet normal 0.726694 -0.686961 0
    outer loop
      vertex -40.3804 32.7495 2.1
      vertex -40.5118 32.6105 2.5
      vertex -40.5118 32.6105 2.1
    endloop
  endfacet
  facet normal 0.761913 -0.647679 0
    outer loop
      vertex -40.6354 32.4651 2.5
      vertex -40.5118 32.6105 2.1
      vertex -40.5118 32.6105 2.5
    endloop
  endfacet
  facet normal 0.761913 -0.647679 0
    outer loop
      vertex -40.5118 32.6105 2.1
      vertex -40.6354 32.4651 2.5
      vertex -40.6354 32.4651 2.1
    endloop
  endfacet
  facet normal 0.794358 -0.60745 0
    outer loop
      vertex -40.7511 32.3138 2.5
      vertex -40.6354 32.4651 2.1
      vertex -40.6354 32.4651 2.5
    endloop
  endfacet
  facet normal 0.794358 -0.60745 0
    outer loop
      vertex -40.6354 32.4651 2.1
      vertex -40.7511 32.3138 2.5
      vertex -40.7511 32.3138 2.1
    endloop
  endfacet
  facet normal 0.824869 -0.565324 0
    outer loop
      vertex -40.8587 32.1568 2.5
      vertex -40.7511 32.3138 2.1
      vertex -40.7511 32.3138 2.5
    endloop
  endfacet
  facet normal 0.824869 -0.565324 0
    outer loop
      vertex -40.7511 32.3138 2.1
      vertex -40.8587 32.1568 2.5
      vertex -40.8587 32.1568 2.1
    endloop
  endfacet
  facet normal 0.8531 -0.521748 0
    outer loop
      vertex -40.9579 31.9946 2.5
      vertex -40.8587 32.1568 2.1
      vertex -40.8587 32.1568 2.5
    endloop
  endfacet
  facet normal 0.8531 -0.521748 0
    outer loop
      vertex -40.8587 32.1568 2.1
      vertex -40.9579 31.9946 2.5
      vertex -40.9579 31.9946 2.1
    endloop
  endfacet
  facet normal 0.878778 -0.477231 0
    outer loop
      vertex -41.0487 31.8274 2.5
      vertex -40.9579 31.9946 2.1
      vertex -40.9579 31.9946 2.5
    endloop
  endfacet
  facet normal 0.878778 -0.477231 0
    outer loop
      vertex -40.9579 31.9946 2.1
      vertex -41.0487 31.8274 2.5
      vertex -41.0487 31.8274 2.1
    endloop
  endfacet
  facet normal 0.902472 -0.430749 0
    outer loop
      vertex -41.1307 31.6556 2.5
      vertex -41.0487 31.8274 2.1
      vertex -41.0487 31.8274 2.5
    endloop
  endfacet
  facet normal 0.902472 -0.430749 0
    outer loop
      vertex -41.0487 31.8274 2.1
      vertex -41.1307 31.6556 2.5
      vertex -41.1307 31.6556 2.1
    endloop
  endfacet
  facet normal 0.923665 -0.3832 0
    outer loop
      vertex -41.2038 31.4794 2.5
      vertex -41.1307 31.6556 2.1
      vertex -41.1307 31.6556 2.5
    endloop
  endfacet
  facet normal 0.923665 -0.3832 0
    outer loop
      vertex -41.1307 31.6556 2.1
      vertex -41.2038 31.4794 2.5
      vertex -41.2038 31.4794 2.1
    endloop
  endfacet
  facet normal 0.942215 -0.33501 0
    outer loop
      vertex -41.2678 31.2994 2.5
      vertex -41.2038 31.4794 2.1
      vertex -41.2038 31.4794 2.5
    endloop
  endfacet
  facet normal 0.942215 -0.33501 0
    outer loop
      vertex -41.2038 31.4794 2.1
      vertex -41.2678 31.2994 2.5
      vertex -41.2678 31.2994 2.1
    endloop
  endfacet
  facet normal 0.95837 -0.285528 0
    outer loop
      vertex -41.3225 31.1158 2.5
      vertex -41.2678 31.2994 2.1
      vertex -41.2678 31.2994 2.5
    endloop
  endfacet
  facet normal 0.95837 -0.285528 0
    outer loop
      vertex -41.2678 31.2994 2.1
      vertex -41.3225 31.1158 2.5
      vertex -41.3225 31.1158 2.1
    endloop
  endfacet
  facet normal 0.972099 -0.234573 0
    outer loop
      vertex -41.3676 30.9289 2.5
      vertex -41.3225 31.1158 2.1
      vertex -41.3225 31.1158 2.5
    endloop
  endfacet
  facet normal 0.972099 -0.234573 0
    outer loop
      vertex -41.3225 31.1158 2.1
      vertex -41.3676 30.9289 2.5
      vertex -41.3676 30.9289 2.1
    endloop
  endfacet
  facet normal 0.98286 -0.184351 0
    outer loop
      vertex -41.4032 30.7391 2.5
      vertex -41.3676 30.9289 2.1
      vertex -41.3676 30.9289 2.5
    endloop
  endfacet
  facet normal 0.98286 -0.184351 0
    outer loop
      vertex -41.3676 30.9289 2.1
      vertex -41.4032 30.7391 2.5
      vertex -41.4032 30.7391 2.1
    endloop
  endfacet
  facet normal 0.991255 -0.131961 0
    outer loop
      vertex -41.4288 30.5468 2.5
      vertex -41.4032 30.7391 2.1
      vertex -41.4032 30.7391 2.5
    endloop
  endfacet
  facet normal 0.991255 -0.131961 0
    outer loop
      vertex -41.4032 30.7391 2.1
      vertex -41.4288 30.5468 2.5
      vertex -41.4288 30.5468 2.1
    endloop
  endfacet
  facet normal 0.996883 -0.07889 0
    outer loop
      vertex -41.4442 30.3522 2.5
      vertex -41.4288 30.5468 2.1
      vertex -41.4288 30.5468 2.5
    endloop
  endfacet
  facet normal 0.996883 -0.07889 0
    outer loop
      vertex -41.4288 30.5468 2.1
      vertex -41.4442 30.3522 2.5
      vertex -41.4442 30.3522 2.1
    endloop
  endfacet
  facet normal 0.999636 -0.0269759 0
    outer loop
      vertex -41.4495 30.1558 2.5
      vertex -41.4442 30.3522 2.1
      vertex -41.4442 30.3522 2.5
    endloop
  endfacet
  facet normal 0.999636 -0.0269759 0
    outer loop
      vertex -41.4442 30.3522 2.1
      vertex -41.4495 30.1558 2.5
      vertex -41.4495 30.1558 2.1
    endloop
  endfacet
  facet normal 1 -0 0
    outer loop
      vertex -41.4495 10.9804 2.5
      vertex -41.4495 30.1558 2.1
      vertex -41.4495 30.1558 2.5
    endloop
  endfacet
  facet normal 1 0 0
    outer loop
      vertex -41.4495 30.1558 2.1
      vertex -41.4495 10.9804 2.5
      vertex -41.4495 10.9804 2.1
    endloop
  endfacet
  facet normal 0.999624 -0.027402 0
    outer loop
      vertex -41.452 10.8892 2.5
      vertex -41.4495 10.9804 2.1
      vertex -41.4495 10.9804 2.5
    endloop
  endfacet
  facet normal 0.999624 -0.027402 0
    outer loop
      vertex -41.4495 10.9804 2.1
      vertex -41.452 10.8892 2.5
      vertex -41.452 10.8892 2.1
    endloop
  endfacet
  facet normal 0.99685 -0.0793074 0
    outer loop
      vertex -41.4592 10.7987 2.5
      vertex -41.452 10.8892 2.1
      vertex -41.452 10.8892 2.5
    endloop
  endfacet
  facet normal 0.99685 -0.0793074 0
    outer loop
      vertex -41.452 10.8892 2.1
      vertex -41.4592 10.7987 2.5
      vertex -41.4592 10.7987 2.1
    endloop
  endfacet
  facet normal 0.991315 -0.131512 0
    outer loop
      vertex -41.4711 10.709 2.5
      vertex -41.4592 10.7987 2.1
      vertex -41.4592 10.7987 2.5
    endloop
  endfacet
  facet normal 0.991315 -0.131512 0
    outer loop
      vertex -41.4592 10.7987 2.1
      vertex -41.4711 10.709 2.5
      vertex -41.4711 10.709 2.1
    endloop
  endfacet
  facet normal 0.982935 -0.183954 0
    outer loop
      vertex -41.4877 10.6203 2.5
      vertex -41.4711 10.709 2.1
      vertex -41.4711 10.709 2.5
    endloop
  endfacet
  facet normal 0.982935 -0.183954 0
    outer loop
      vertex -41.4711 10.709 2.1
      vertex -41.4877 10.6203 2.5
      vertex -41.4877 10.6203 2.1
    endloop
  endfacet
  facet normal 0.972448 -0.233121 0
    outer loop
      vertex -41.5087 10.5327 2.5
      vertex -41.4877 10.6203 2.1
      vertex -41.4877 10.6203 2.5
    endloop
  endfacet
  facet normal 0.972448 -0.233121 0
    outer loop
      vertex -41.4877 10.6203 2.1
      vertex -41.5087 10.5327 2.5
      vertex -41.5087 10.5327 2.1
    endloop
  endfacet
  facet normal 0.958921 -0.283672 0
    outer loop
      vertex -41.5342 10.4465 2.5
      vertex -41.5087 10.5327 2.1
      vertex -41.5087 10.5327 2.5
    endloop
  endfacet
  facet normal 0.958921 -0.283672 0
    outer loop
      vertex -41.5087 10.5327 2.1
      vertex -41.5342 10.4465 2.5
      vertex -41.5342 10.4465 2.1
    endloop
  endfacet
  facet normal 0.943667 -0.330896 0
    outer loop
      vertex -41.5639 10.3618 2.5
      vertex -41.5342 10.4465 2.1
      vertex -41.5342 10.4465 2.5
    endloop
  endfacet
  facet normal 0.943667 -0.330896 0
    outer loop
      vertex -41.5342 10.4465 2.1
      vertex -41.5639 10.3618 2.5
      vertex -41.5639 10.3618 2.1
    endloop
  endfacet
  facet normal 0.925369 -0.379067 0
    outer loop
      vertex -41.5979 10.2788 2.5
      vertex -41.5639 10.3618 2.1
      vertex -41.5639 10.3618 2.5
    endloop
  endfacet
  facet normal 0.925369 -0.379067 0
    outer loop
      vertex -41.5639 10.3618 2.1
      vertex -41.5979 10.2788 2.5
      vertex -41.5979 10.2788 2.1
    endloop
  endfacet
  facet normal 0.905499 -0.424348 0
    outer loop
      vertex -41.636 10.1975 2.5
      vertex -41.5979 10.2788 2.1
      vertex -41.5979 10.2788 2.5
    endloop
  endfacet
  facet normal 0.905499 -0.424348 0
    outer loop
      vertex -41.5979 10.2788 2.1
      vertex -41.636 10.1975 2.5
      vertex -41.636 10.1975 2.1
    endloop
  endfacet
  facet normal 0.883462 -0.468503 0
    outer loop
      vertex -41.678 10.1183 2.5
      vertex -41.636 10.1975 2.1
      vertex -41.636 10.1975 2.5
    endloop
  endfacet
  facet normal 0.883462 -0.468503 0
    outer loop
      vertex -41.636 10.1975 2.1
      vertex -41.678 10.1183 2.5
      vertex -41.678 10.1183 2.1
    endloop
  endfacet
  facet normal 0.858768 -0.512365 0
    outer loop
      vertex -41.724 10.0412 2.5
      vertex -41.678 10.1183 2.1
      vertex -41.678 10.1183 2.5
    endloop
  endfacet
  facet normal 0.858768 -0.512365 0
    outer loop
      vertex -41.678 10.1183 2.1
      vertex -41.724 10.0412 2.5
      vertex -41.724 10.0412 2.1
    endloop
  endfacet
  facet normal 0.832085 -0.554649 0
    outer loop
      vertex -41.7738 9.96649 2.5
      vertex -41.724 10.0412 2.1
      vertex -41.724 10.0412 2.5
    endloop
  endfacet
  facet normal 0.832085 -0.554649 0
    outer loop
      vertex -41.724 10.0412 2.1
      vertex -41.7738 9.96649 2.5
      vertex -41.7738 9.96649 2.1
    endloop
  endfacet
  facet normal 0.804188 -0.594375 0
    outer loop
      vertex -41.8272 9.89424 2.5
      vertex -41.7738 9.96649 2.1
      vertex -41.7738 9.96649 2.5
    endloop
  endfacet
  facet normal 0.804188 -0.594375 0
    outer loop
      vertex -41.7738 9.96649 2.1
      vertex -41.8272 9.89424 2.5
      vertex -41.8272 9.89424 2.1
    endloop
  endfacet
  facet normal 0.773571 -0.63371 0
    outer loop
      vertex -41.8842 9.82466 2.5
      vertex -41.8272 9.89424 2.1
      vertex -41.8272 9.89424 2.5
    endloop
  endfacet
  facet normal 0.773571 -0.63371 0
    outer loop
      vertex -41.8272 9.89424 2.1
      vertex -41.8842 9.82466 2.5
      vertex -41.8842 9.82466 2.1
    endloop
  endfacet
  facet normal 0.740442 -0.672121 0
    outer loop
      vertex -41.9448 9.7579 2.5
      vertex -41.8842 9.82466 2.1
      vertex -41.8842 9.82466 2.5
    endloop
  endfacet
  facet normal 0.740442 -0.672121 0
    outer loop
      vertex -41.8842 9.82466 2.1
      vertex -41.9448 9.7579 2.5
      vertex -41.9448 9.7579 2.1
    endloop
  endfacet
  facet normal 0.705998 -0.708214 0
    outer loop
      vertex -42.0087 9.6942 2.1
      vertex -41.9448 9.7579 2.5
      vertex -42.0087 9.6942 2.5
    endloop
  endfacet
  facet normal 0.705998 -0.708214 0
    outer loop
      vertex -41.9448 9.7579 2.5
      vertex -42.0087 9.6942 2.1
      vertex -41.9448 9.7579 2.1
    endloop
  endfacet
  facet normal 0.669575 -0.742744 0
    outer loop
      vertex -42.0759 9.63362 2.1
      vertex -42.0087 9.6942 2.5
      vertex -42.0759 9.63362 2.5
    endloop
  endfacet
  facet normal 0.669575 -0.742744 0
    outer loop
      vertex -42.0087 9.6942 2.5
      vertex -42.0759 9.63362 2.1
      vertex -42.0087 9.6942 2.1
    endloop
  endfacet
  facet normal 0.630194 -0.776438 0
    outer loop
      vertex -42.1463 9.57648 2.1
      vertex -42.0759 9.63362 2.5
      vertex -42.1463 9.57648 2.5
    endloop
  endfacet
  facet normal 0.630194 -0.776438 0
    outer loop
      vertex -42.0759 9.63362 2.5
      vertex -42.1463 9.57648 2.1
      vertex -42.0759 9.63362 2.1
    endloop
  endfacet
  facet normal 0.590006 -0.807399 0
    outer loop
      vertex -42.2198 9.52277 2.1
      vertex -42.1463 9.57648 2.5
      vertex -42.2198 9.52277 2.5
    endloop
  endfacet
  facet normal 0.590006 -0.807399 0
    outer loop
      vertex -42.1463 9.57648 2.5
      vertex -42.2198 9.52277 2.1
      vertex -42.1463 9.57648 2.1
    endloop
  endfacet
  facet normal 0.547485 -0.836815 0
    outer loop
      vertex -42.2963 9.47272 2.1
      vertex -42.2198 9.52277 2.5
      vertex -42.2963 9.47272 2.5
    endloop
  endfacet
  facet normal 0.547485 -0.836815 0
    outer loop
      vertex -42.2198 9.52277 2.5
      vertex -42.2963 9.47272 2.1
      vertex -42.2198 9.52277 2.1
    endloop
  endfacet
  facet normal 0.518858 -0.854861 0
    outer loop
      vertex -52.0733 3.53857 2.1
      vertex -42.2963 9.47272 2.5
      vertex -52.0733 3.53857 2.5
    endloop
  endfacet
  facet normal 0.518858 -0.854861 0
    outer loop
      vertex -42.2963 9.47272 2.5
      vertex -52.0733 3.53857 2.1
      vertex -42.2963 9.47272 2.1
    endloop
  endfacet
  facet normal 0.49151 -0.870872 0
    outer loop
      vertex -52.1494 3.49562 2.1
      vertex -52.0733 3.53857 2.5
      vertex -52.1494 3.49562 2.5
    endloop
  endfacet
  facet normal 0.49151 -0.870872 0
    outer loop
      vertex -52.0733 3.53857 2.5
      vertex -52.1494 3.49562 2.1
      vertex -52.0733 3.53857 2.1
    endloop
  endfacet
  facet normal 0.44167 -0.897178 0
    outer loop
      vertex -52.2272 3.45732 2.1
      vertex -52.1494 3.49562 2.5
      vertex -52.2272 3.45732 2.5
    endloop
  endfacet
  facet normal 0.44167 -0.897178 0
    outer loop
      vertex -52.1494 3.49562 2.5
      vertex -52.2272 3.45732 2.1
      vertex -52.1494 3.49562 2.1
    endloop
  endfacet
  facet normal 0.390109 -0.920769 0
    outer loop
      vertex -52.3066 3.42368 2.1
      vertex -52.2272 3.45732 2.5
      vertex -52.3066 3.42368 2.5
    endloop
  endfacet
  facet normal 0.390109 -0.920769 0
    outer loop
      vertex -52.2272 3.45732 2.5
      vertex -52.3066 3.42368 2.1
      vertex -52.2272 3.45732 2.1
    endloop
  endfacet
  facet normal 0.338163 -0.941087 0
    outer loop
      vertex -52.3875 3.39461 2.1
      vertex -52.3066 3.42368 2.5
      vertex -52.3875 3.39461 2.5
    endloop
  endfacet
  facet normal 0.338163 -0.941087 0
    outer loop
      vertex -52.3066 3.42368 2.5
      vertex -52.3875 3.39461 2.1
      vertex -52.3066 3.42368 2.1
    endloop
  endfacet
  facet normal 0.285848 -0.958275 0
    outer loop
      vertex -52.4696 3.37012 2.1
      vertex -52.3875 3.39461 2.5
      vertex -52.4696 3.37012 2.5
    endloop
  endfacet
  facet normal 0.285848 -0.958275 0
    outer loop
      vertex -52.3875 3.39461 2.5
      vertex -52.4696 3.37012 2.1
      vertex -52.3875 3.39461 2.1
    endloop
  endfacet
  facet normal 0.231599 -0.972811 0
    outer loop
      vertex -52.5526 3.35036 2.1
      vertex -52.4696 3.37012 2.5
      vertex -52.5526 3.35036 2.5
    endloop
  endfacet
  facet normal 0.231599 -0.972811 0
    outer loop
      vertex -52.4696 3.37012 2.5
      vertex -52.5526 3.35036 2.1
      vertex -52.4696 3.37012 2.1
    endloop
  endfacet
  facet normal 0.178358 -0.983966 0
    outer loop
      vertex -52.6364 3.33517 2.1
      vertex -52.5526 3.35036 2.5
      vertex -52.6364 3.33517 2.5
    endloop
  endfacet
  facet normal 0.178358 -0.983966 0
    outer loop
      vertex -52.5526 3.35036 2.5
      vertex -52.6364 3.33517 2.1
      vertex -52.5526 3.35036 2.1
    endloop
  endfacet
  facet normal 0.124613 -0.992205 0
    outer loop
      vertex -52.7208 3.32457 2.1
      vertex -52.6364 3.33517 2.5
      vertex -52.7208 3.32457 2.5
    endloop
  endfacet
  facet normal 0.124613 -0.992205 0
    outer loop
      vertex -52.6364 3.33517 2.5
      vertex -52.7208 3.32457 2.1
      vertex -52.6364 3.33517 2.1
    endloop
  endfacet
  facet normal 0.069993 -0.997547 0
    outer loop
      vertex -52.8056 3.31862 2.1
      vertex -52.7208 3.32457 2.5
      vertex -52.8056 3.31862 2.5
    endloop
  endfacet
  facet normal 0.069993 -0.997547 0
    outer loop
      vertex -52.7208 3.32457 2.5
      vertex -52.8056 3.31862 2.1
      vertex -52.7208 3.32457 2.1
    endloop
  endfacet
  facet normal 0.0153103 -0.999883 0
    outer loop
      vertex -52.8905 3.31732 2.1
      vertex -52.8056 3.31862 2.5
      vertex -52.8905 3.31732 2.5
    endloop
  endfacet
  facet normal 0.0153103 -0.999883 0
    outer loop
      vertex -52.8056 3.31862 2.5
      vertex -52.8905 3.31732 2.1
      vertex -52.8056 3.31862 2.1
    endloop
  endfacet
  facet normal -0.0386503 -0.999253 0
    outer loop
      vertex -52.9753 3.3206 2.1
      vertex -52.8905 3.31732 2.5
      vertex -52.9753 3.3206 2.5
    endloop
  endfacet
  facet normal -0.0386503 -0.999253 -0
    outer loop
      vertex -52.8905 3.31732 2.5
      vertex -52.9753 3.3206 2.1
      vertex -52.8905 3.31732 2.1
    endloop
  endfacet
  facet normal -0.0934428 -0.995625 0
    outer loop
      vertex -53.0599 3.32854 2.1
      vertex -52.9753 3.3206 2.5
      vertex -53.0599 3.32854 2.5
    endloop
  endfacet
  facet normal -0.0934428 -0.995625 -0
    outer loop
      vertex -52.9753 3.3206 2.5
      vertex -53.0599 3.32854 2.1
      vertex -52.9753 3.3206 2.1
    endloop
  endfacet
  facet normal -0.146962 -0.989142 0
    outer loop
      vertex -53.1441 3.34105 2.1
      vertex -53.0599 3.32854 2.5
      vertex -53.1441 3.34105 2.5
    endloop
  endfacet
  facet normal -0.146962 -0.989142 -0
    outer loop
      vertex -53.0599 3.32854 2.5
      vertex -53.1441 3.34105 2.1
      vertex -53.0599 3.32854 2.1
    endloop
  endfacet
  facet normal -0.201646 -0.979458 0
    outer loop
      vertex -53.2275 3.35822 2.1
      vertex -53.1441 3.34105 2.5
      vertex -53.2275 3.35822 2.5
    endloop
  endfacet
  facet normal -0.201646 -0.979458 -0
    outer loop
      vertex -53.1441 3.34105 2.5
      vertex -53.2275 3.35822 2.1
      vertex -53.1441 3.34105 2.1
    endloop
  endfacet
  facet normal -0.255115 -0.966911 0
    outer loop
      vertex -53.3102 3.38004 2.1
      vertex -53.2275 3.35822 2.5
      vertex -53.3102 3.38004 2.5
    endloop
  endfacet
  facet normal -0.255115 -0.966911 -0
    outer loop
      vertex -53.2275 3.35822 2.5
      vertex -53.3102 3.38004 2.1
      vertex -53.2275 3.35822 2.1
    endloop
  endfacet
  facet normal -0.309245 -0.950983 0
    outer loop
      vertex -53.3916 3.40651 2.1
      vertex -53.3102 3.38004 2.5
      vertex -53.3916 3.40651 2.5
    endloop
  endfacet
  facet normal -0.309245 -0.950983 -0
    outer loop
      vertex -53.3102 3.38004 2.5
      vertex -53.3916 3.40651 2.1
      vertex -53.3102 3.38004 2.1
    endloop
  endfacet
  facet normal -0.360652 -0.9327 0
    outer loop
      vertex -53.4719 3.43756 2.1
      vertex -53.3916 3.40651 2.5
      vertex -53.4719 3.43756 2.5
    endloop
  endfacet
  facet normal -0.360652 -0.9327 -0
    outer loop
      vertex -53.3916 3.40651 2.5
      vertex -53.4719 3.43756 2.1
      vertex -53.3916 3.40651 2.1
    endloop
  endfacet
  facet normal -0.412433 -0.910988 0
    outer loop
      vertex -53.5506 3.47319 2.1
      vertex -53.4719 3.43756 2.5
      vertex -53.5506 3.47319 2.5
    endloop
  endfacet
  facet normal -0.412433 -0.910988 -0
    outer loop
      vertex -53.4719 3.43756 2.5
      vertex -53.5506 3.47319 2.1
      vertex -53.4719 3.43756 2.1
    endloop
  endfacet
  facet normal -0.464248 -0.885705 0
    outer loop
      vertex -53.6276 3.51355 2.1
      vertex -53.5506 3.47319 2.5
      vertex -53.6276 3.51355 2.5
    endloop
  endfacet
  facet normal -0.464248 -0.885705 -0
    outer loop
      vertex -53.5506 3.47319 2.5
      vertex -53.6276 3.51355 2.1
      vertex -53.5506 3.47319 2.1
    endloop
  endfacet
  facet normal -0.512984 -0.858398 0
    outer loop
      vertex -53.7028 3.55849 2.1
      vertex -53.6276 3.51355 2.5
      vertex -53.7028 3.55849 2.5
    endloop
  endfacet
  facet normal -0.512984 -0.858398 -0
    outer loop
      vertex -53.6276 3.51355 2.5
      vertex -53.7028 3.55849 2.1
      vertex -53.6276 3.51355 2.1
    endloop
  endfacet
  facet normal -0.540017 -0.841654 0
    outer loop
      vertex -62.9216 9.4734 2.1
      vertex -53.7028 3.55849 2.5
      vertex -62.9216 9.4734 2.5
    endloop
  endfacet
  facet normal -0.540017 -0.841654 -0
    outer loop
      vertex -53.7028 3.55849 2.5
      vertex -62.9216 9.4734 2.1
      vertex -53.7028 3.55849 2.1
    endloop
  endfacet
  facet normal -0.564176 -0.825655 0
    outer loop
      vertex -62.9857 9.5172 2.1
      vertex -62.9216 9.4734 2.5
      vertex -62.9857 9.5172 2.5
    endloop
  endfacet
  facet normal -0.564176 -0.825655 -0
    outer loop
      vertex -62.9216 9.4734 2.5
      vertex -62.9857 9.5172 2.1
      vertex -62.9216 9.4734 2.1
    endloop
  endfacet
  facet normal -0.604688 -0.796463 0
    outer loop
      vertex -63.047 9.56374 2.1
      vertex -62.9857 9.5172 2.5
      vertex -63.047 9.56374 2.5
    endloop
  endfacet
  facet normal -0.604688 -0.796463 -0
    outer loop
      vertex -62.9857 9.5172 2.5
      vertex -63.047 9.56374 2.1
      vertex -62.9857 9.5172 2.1
    endloop
  endfacet
  facet normal -0.643729 -0.765254 0
    outer loop
      vertex -63.1055 9.61295 2.1
      vertex -63.047 9.56374 2.5
      vertex -63.1055 9.61295 2.5
    endloop
  endfacet
  facet normal -0.643729 -0.765254 -0
    outer loop
      vertex -63.047 9.56374 2.5
      vertex -63.1055 9.61295 2.1
      vertex -63.047 9.56374 2.1
    endloop
  endfacet
  facet normal -0.681006 -0.732278 0
    outer loop
      vertex -63.1612 9.66475 2.1
      vertex -63.1055 9.61295 2.5
      vertex -63.1612 9.66475 2.5
    endloop
  endfacet
  facet normal -0.681006 -0.732278 -0
    outer loop
      vertex -63.1055 9.61295 2.5
      vertex -63.1612 9.66475 2.1
      vertex -63.1055 9.61295 2.1
    endloop
  endfacet
  facet normal -0.716765 -0.697315 0
    outer loop
      vertex -63.1612 9.66475 2.1
      vertex -63.2139 9.71892 2.5
      vertex -63.2139 9.71892 2.1
    endloop
  endfacet
  facet normal -0.716765 -0.697315 0
    outer loop
      vertex -63.2139 9.71892 2.5
      vertex -63.1612 9.66475 2.1
      vertex -63.1612 9.66475 2.5
    endloop
  endfacet
  facet normal -0.750613 -0.660742 0
    outer loop
      vertex -63.2139 9.71892 2.1
      vertex -63.2636 9.77538 2.5
      vertex -63.2636 9.77538 2.1
    endloop
  endfacet
  facet normal -0.750613 -0.660742 0
    outer loop
      vertex -63.2636 9.77538 2.5
      vertex -63.2139 9.71892 2.1
      vertex -63.2139 9.71892 2.5
    endloop
  endfacet
  facet normal -0.782402 -0.622774 0
    outer loop
      vertex -63.2636 9.77538 2.1
      vertex -63.3103 9.83405 2.5
      vertex -63.3103 9.83405 2.1
    endloop
  endfacet
  facet normal -0.782402 -0.622774 0
    outer loop
      vertex -63.3103 9.83405 2.5
      vertex -63.2636 9.77538 2.1
      vertex -63.2636 9.77538 2.5
    endloop
  endfacet
  facet normal -0.811697 -0.584079 0
    outer loop
      vertex -63.3103 9.83405 2.1
      vertex -63.354 9.89478 2.5
      vertex -63.354 9.89478 2.1
    endloop
  endfacet
  facet normal -0.811697 -0.584079 0
    outer loop
      vertex -63.354 9.89478 2.5
      vertex -63.3103 9.83405 2.1
      vertex -63.3103 9.83405 2.5
    endloop
  endfacet
  facet normal -0.840651 -0.541577 0
    outer loop
      vertex -63.354 9.89478 2.1
      vertex -63.3944 9.95749 2.5
      vertex -63.3944 9.95749 2.1
    endloop
  endfacet
  facet normal -0.840651 -0.541577 0
    outer loop
      vertex -63.3944 9.95749 2.5
      vertex -63.354 9.89478 2.1
      vertex -63.354 9.89478 2.5
    endloop
  endfacet
  facet normal -0.866286 -0.499548 0
    outer loop
      vertex -63.3944 9.95749 2.1
      vertex -63.4316 10.022 2.5
      vertex -63.4316 10.022 2.1
    endloop
  endfacet
  facet normal -0.866286 -0.499548 0
    outer loop
      vertex -63.4316 10.022 2.5
      vertex -63.3944 9.95749 2.1
      vertex -63.3944 9.95749 2.5
    endloop
  endfacet
  facet normal -0.889817 -0.456317 0
    outer loop
      vertex -63.4316 10.022 2.1
      vertex -63.4656 10.0883 2.5
      vertex -63.4656 10.0883 2.1
    endloop
  endfacet
  facet normal -0.889817 -0.456317 0
    outer loop
      vertex -63.4656 10.0883 2.5
      vertex -63.4316 10.022 2.1
      vertex -63.4316 10.022 2.5
    endloop
  endfacet
  facet normal -0.911695 -0.410867 0
    outer loop
      vertex -63.4656 10.0883 2.1
      vertex -63.4962 10.1562 2.5
      vertex -63.4962 10.1562 2.1
    endloop
  endfacet
  facet normal -0.911695 -0.410867 0
    outer loop
      vertex -63.4962 10.1562 2.5
      vertex -63.4656 10.0883 2.1
      vertex -63.4656 10.0883 2.5
    endloop
  endfacet
  facet normal -0.930768 -0.365611 0
    outer loop
      vertex -63.4962 10.1562 2.1
      vertex -63.5235 10.2257 2.5
      vertex -63.5235 10.2257 2.1
    endloop
  endfacet
  facet normal -0.930768 -0.365611 0
    outer loop
      vertex -63.5235 10.2257 2.5
      vertex -63.4962 10.1562 2.1
      vertex -63.4962 10.1562 2.5
    endloop
  endfacet
  facet normal -0.947877 -0.318637 0
    outer loop
      vertex -63.5235 10.2257 2.1
      vertex -63.5473 10.2965 2.5
      vertex -63.5473 10.2965 2.1
    endloop
  endfacet
  facet normal -0.947877 -0.318637 0
    outer loop
      vertex -63.5473 10.2965 2.5
      vertex -63.5235 10.2257 2.1
      vertex -63.5235 10.2257 2.5
    endloop
  endfacet
  facet normal -0.962477 -0.271365 0
    outer loop
      vertex -63.5473 10.2965 2.1
      vertex -63.5676 10.3685 2.5
      vertex -63.5676 10.3685 2.1
    endloop
  endfacet
  facet normal -0.962477 -0.271365 0
    outer loop
      vertex -63.5676 10.3685 2.5
      vertex -63.5473 10.2965 2.1
      vertex -63.5473 10.2965 2.5
    endloop
  endfacet
  facet normal -0.974949 -0.222427 0
    outer loop
      vertex -63.5676 10.3685 2.1
      vertex -63.5843 10.4417 2.5
      vertex -63.5843 10.4417 2.1
    endloop
  endfacet
  facet normal -0.974949 -0.222427 0
    outer loop
      vertex -63.5843 10.4417 2.5
      vertex -63.5676 10.3685 2.1
      vertex -63.5676 10.3685 2.5
    endloop
  endfacet
  facet normal -0.98481 -0.173634 0
    outer loop
      vertex -63.5843 10.4417 2.1
      vertex -63.5974 10.516 2.5
      vertex -63.5974 10.516 2.1
    endloop
  endfacet
  facet normal -0.98481 -0.173634 0
    outer loop
      vertex -63.5974 10.516 2.5
      vertex -63.5843 10.4417 2.1
      vertex -63.5843 10.4417 2.5
    endloop
  endfacet
  facet normal -0.992115 -0.125334 0
    outer loop
      vertex -63.5974 10.516 2.1
      vertex -63.6069 10.5912 2.5
      vertex -63.6069 10.5912 2.1
    endloop
  endfacet
  facet normal -0.992115 -0.125334 0
    outer loop
      vertex -63.6069 10.5912 2.5
      vertex -63.5974 10.516 2.1
      vertex -63.5974 10.516 2.5
    endloop
  endfacet
  facet normal -0.997289 -0.0735813 0
    outer loop
      vertex -63.6069 10.5912 2.1
      vertex -63.6125 10.6671 2.5
      vertex -63.6125 10.6671 2.1
    endloop
  endfacet
  facet normal -0.997289 -0.0735813 0
    outer loop
      vertex -63.6125 10.6671 2.5
      vertex -63.6069 10.5912 2.1
      vertex -63.6069 10.5912 2.5
    endloop
  endfacet
  facet normal -0.99966 -0.0260668 0
    outer loop
      vertex -63.6125 10.6671 2.1
      vertex -63.6145 10.7438 2.5
      vertex -63.6145 10.7438 2.1
    endloop
  endfacet
  facet normal -0.99966 -0.0260668 0
    outer loop
      vertex -63.6145 10.7438 2.5
      vertex -63.6125 10.6671 2.1
      vertex -63.6125 10.6671 2.5
    endloop
  endfacet
  facet normal -1 0 0
    outer loop
      vertex -63.6145 10.7438 2.1
      vertex -63.6145 30.1438 2.5
      vertex -63.6145 30.1438 2.1
    endloop
  endfacet
  facet normal -1 -0 0
    outer loop
      vertex -63.6145 30.1438 2.5
      vertex -63.6145 10.7438 2.1
      vertex -63.6145 10.7438 2.5
    endloop
  endfacet
  facet normal -0.999646 -0.0265891 0
    outer loop
      vertex -63.6145 30.1438 2.1
      vertex -63.6197 30.3393 2.5
      vertex -63.6197 30.3393 2.1
    endloop
  endfacet
  facet normal -0.999646 -0.0265891 0
    outer loop
      vertex -63.6197 30.3393 2.5
      vertex -63.6145 30.1438 2.1
      vertex -63.6145 30.1438 2.5
    endloop
  endfacet
  facet normal -0.996817 -0.0797248 0
    outer loop
      vertex -63.6197 30.3393 2.1
      vertex -63.6352 30.5331 2.5
      vertex -63.6352 30.5331 2.1
    endloop
  endfacet
  facet normal -0.996817 -0.0797248 0
    outer loop
      vertex -63.6352 30.5331 2.5
      vertex -63.6197 30.3393 2.1
      vertex -63.6197 30.3393 2.5
    endloop
  endfacet
  facet normal -0.991192 -0.132435 0
    outer loop
      vertex -63.6352 30.5331 2.1
      vertex -63.6608 30.7247 2.5
      vertex -63.6608 30.7247 2.1
    endloop
  endfacet
  facet normal -0.991192 -0.132435 0
    outer loop
      vertex -63.6608 30.7247 2.5
      vertex -63.6352 30.5331 2.1
      vertex -63.6352 30.5331 2.5
    endloop
  endfacet
  facet normal -0.982831 -0.184508 0
    outer loop
      vertex -63.6608 30.7247 2.1
      vertex -63.6963 30.9138 2.5
      vertex -63.6963 30.9138 2.1
    endloop
  endfacet
  facet normal -0.982831 -0.184508 0
    outer loop
      vertex -63.6963 30.9138 2.5
      vertex -63.6608 30.7247 2.1
      vertex -63.6608 30.7247 2.5
    endloop
  endfacet
  facet normal -0.971807 -0.235779 0
    outer loop
      vertex -63.6963 30.9138 2.1
      vertex -63.7415 31.1001 2.5
      vertex -63.7415 31.1001 2.1
    endloop
  endfacet
  facet normal -0.971807 -0.235779 0
    outer loop
      vertex -63.7415 31.1001 2.5
      vertex -63.6963 30.9138 2.1
      vertex -63.6963 30.9138 2.5
    endloop
  endfacet
  facet normal -0.958243 -0.285957 0
    outer loop
      vertex -63.7415 31.1001 2.1
      vertex -63.7962 31.2834 2.5
      vertex -63.7962 31.2834 2.1
    endloop
  endfacet
  facet normal -0.958243 -0.285957 0
    outer loop
      vertex -63.7962 31.2834 2.5
      vertex -63.7415 31.1001 2.1
      vertex -63.7415 31.1001 2.5
    endloop
  endfacet
  facet normal -0.942038 -0.335506 0
    outer loop
      vertex -63.7962 31.2834 2.1
      vertex -63.8602 31.4631 2.5
      vertex -63.8602 31.4631 2.1
    endloop
  endfacet
  facet normal -0.942038 -0.335506 0
    outer loop
      vertex -63.8602 31.4631 2.5
      vertex -63.7962 31.2834 2.1
      vertex -63.7962 31.2834 2.5
    endloop
  endfacet
  facet normal -0.923356 -0.383944 0
    outer loop
      vertex -63.8602 31.4631 2.1
      vertex -63.9333 31.6389 2.5
      vertex -63.9333 31.6389 2.1
    endloop
  endfacet
  facet normal -0.923356 -0.383944 0
    outer loop
      vertex -63.9333 31.6389 2.5
      vertex -63.8602 31.4631 2.1
      vertex -63.8602 31.4631 2.5
    endloop
  endfacet
  facet normal -0.902374 -0.430953 0
    outer loop
      vertex -63.9333 31.6389 2.1
      vertex -64.0153 31.8106 2.5
      vertex -64.0153 31.8106 2.1
    endloop
  endfacet
  facet normal -0.902374 -0.430953 0
    outer loop
      vertex -64.0153 31.8106 2.5
      vertex -63.9333 31.6389 2.1
      vertex -63.9333 31.6389 2.5
    endloop
  endfacet
  facet normal -0.878778 -0.477231 0
    outer loop
      vertex -64.0153 31.8106 2.1
      vertex -64.1061 31.9778 2.5
      vertex -64.1061 31.9778 2.1
    endloop
  endfacet
  facet normal -0.878778 -0.477231 0
    outer loop
      vertex -64.1061 31.9778 2.5
      vertex -64.0153 31.8106 2.1
      vertex -64.0153 31.8106 2.5
    endloop
  endfacet
  facet normal -0.853243 -0.521514 0
    outer loop
      vertex -64.1061 31.9778 2.1
      vertex -64.2053 32.1401 2.5
      vertex -64.2053 32.1401 2.1
    endloop
  endfacet
  facet normal -0.853243 -0.521514 0
    outer loop
      vertex -64.2053 32.1401 2.5
      vertex -64.1061 31.9778 2.1
      vertex -64.1061 31.9778 2.5
    endloop
  endfacet
  facet normal -0.825281 -0.564722 0
    outer loop
      vertex -64.2053 32.1401 2.1
      vertex -64.3128 32.2972 2.5
      vertex -64.3128 32.2972 2.1
    endloop
  endfacet
  facet normal -0.825281 -0.564722 0
    outer loop
      vertex -64.3128 32.2972 2.5
      vertex -64.2053 32.1401 2.1
      vertex -64.2053 32.1401 2.5
    endloop
  endfacet
  facet normal -0.794685 -0.607022 0
    outer loop
      vertex -64.3128 32.2972 2.1
      vertex -64.4286 32.4488 2.5
      vertex -64.4286 32.4488 2.1
    endloop
  endfacet
  facet normal -0.794685 -0.607022 0
    outer loop
      vertex -64.4286 32.4488 2.5
      vertex -64.3128 32.2972 2.1
      vertex -64.3128 32.2972 2.5
    endloop
  endfacet
  facet normal -0.762353 -0.647162 0
    outer loop
      vertex -64.4286 32.4488 2.1
      vertex -64.5522 32.5944 2.5
      vertex -64.5522 32.5944 2.1
    endloop
  endfacet
  facet normal -0.762353 -0.647162 0
    outer loop
      vertex -64.5522 32.5944 2.5
      vertex -64.4286 32.4488 2.1
      vertex -64.4286 32.4488 2.5
    endloop
  endfacet
  facet normal -0.728185 -0.685381 0
    outer loop
      vertex -64.5522 32.5944 2.1
      vertex -64.6835 32.7339 2.5
      vertex -64.6835 32.7339 2.1
    endloop
  endfacet
  facet normal -0.728185 -0.685381 0
    outer loop
      vertex -64.6835 32.7339 2.5
      vertex -64.5522 32.5944 2.1
      vertex -64.5522 32.5944 2.5
    endloop
  endfacet
  facet normal -0.691329 -0.72254 0
    outer loop
      vertex -64.8224 32.8668 2.1
      vertex -64.6835 32.7339 2.5
      vertex -64.8224 32.8668 2.5
    endloop
  endfacet
  facet normal -0.691329 -0.72254 -0
    outer loop
      vertex -64.6835 32.7339 2.5
      vertex -64.8224 32.8668 2.1
      vertex -64.6835 32.7339 2.1
    endloop
  endfacet
  facet normal -0.652837 -0.757498 0
    outer loop
      vertex -64.9686 32.9928 2.1
      vertex -64.8224 32.8668 2.5
      vertex -64.9686 32.9928 2.5
    endloop
  endfacet
  facet normal -0.652837 -0.757498 -0
    outer loop
      vertex -64.8224 32.8668 2.5
      vertex -64.9686 32.9928 2.1
      vertex -64.8224 32.8668 2.1
    endloop
  endfacet
  facet normal -0.612225 -0.790683 0
    outer loop
      vertex -65.1219 33.1115 2.1
      vertex -64.9686 32.9928 2.5
      vertex -65.1219 33.1115 2.5
    endloop
  endfacet
  facet normal -0.612225 -0.790683 -0
    outer loop
      vertex -64.9686 32.9928 2.5
      vertex -65.1219 33.1115 2.1
      vertex -64.9686 32.9928 2.1
    endloop
  endfacet
  facet normal -0.569636 -0.821897 0
    outer loop
      vertex -65.2822 33.2226 2.1
      vertex -65.1219 33.1115 2.5
      vertex -65.2822 33.2226 2.5
    endloop
  endfacet
  facet normal -0.569636 -0.821897 -0
    outer loop
      vertex -65.1219 33.1115 2.5
      vertex -65.2822 33.2226 2.1
      vertex -65.1219 33.1115 2.1
    endloop
  endfacet
  facet normal -0.525688 -0.850677 0
    outer loop
      vertex -65.4492 33.3258 2.1
      vertex -65.2822 33.2226 2.5
      vertex -65.4492 33.3258 2.5
    endloop
  endfacet
  facet normal -0.525688 -0.850677 -0
    outer loop
      vertex -65.2822 33.2226 2.5
      vertex -65.4492 33.3258 2.1
      vertex -65.2822 33.2226 2.1
    endloop
  endfacet
  facet normal -0.476168 -0.879354 0
    outer loop
      vertex -65.6215 33.4191 2.1
      vertex -65.4492 33.3258 2.5
      vertex -65.6215 33.4191 2.5
    endloop
  endfacet
  facet normal -0.476168 -0.879354 -0
    outer loop
      vertex -65.4492 33.3258 2.5
      vertex -65.6215 33.4191 2.1
      vertex -65.4492 33.3258 2.1
    endloop
  endfacet
  facet normal -0.429036 -0.903287 0
    outer loop
      vertex -65.7973 33.5026 2.1
      vertex -65.6215 33.4191 2.5
      vertex -65.7973 33.5026 2.5
    endloop
  endfacet
  facet normal -0.429036 -0.903287 -0
    outer loop
      vertex -65.6215 33.4191 2.5
      vertex -65.7973 33.5026 2.1
      vertex -65.6215 33.4191 2.1
    endloop
  endfacet
  facet normal -0.381789 -0.92425 0
    outer loop
      vertex -65.9762 33.5765 2.1
      vertex -65.7973 33.5026 2.5
      vertex -65.9762 33.5765 2.5
    endloop
  endfacet
  facet normal -0.381789 -0.92425 -0
    outer loop
      vertex -65.7973 33.5026 2.5
      vertex -65.9762 33.5765 2.1
      vertex -65.7973 33.5026 2.1
    endloop
  endfacet
  facet normal -0.332684 -0.943038 0
    outer loop
      vertex -66.1579 33.6406 2.1
      vertex -65.9762 33.5765 2.5
      vertex -66.1579 33.6406 2.5
    endloop
  endfacet
  facet normal -0.332684 -0.943038 -0
    outer loop
      vertex -65.9762 33.5765 2.5
      vertex -66.1579 33.6406 2.1
      vertex -65.9762 33.5765 2.1
    endloop
  endfacet
  facet normal -0.2829 -0.95915 0
    outer loop
      vertex -66.342 33.6949 2.1
      vertex -66.1579 33.6406 2.5
      vertex -66.342 33.6949 2.5
    endloop
  endfacet
  facet normal -0.2829 -0.95915 -0
    outer loop
      vertex -66.1579 33.6406 2.5
      vertex -66.342 33.6949 2.1
      vertex -66.1579 33.6406 2.1
    endloop
  endfacet
  facet normal -0.233175 -0.972435 0
    outer loop
      vertex -66.528 33.7395 2.1
      vertex -66.342 33.6949 2.5
      vertex -66.528 33.7395 2.5
    endloop
  endfacet
  facet normal -0.233175 -0.972435 -0
    outer loop
      vertex -66.342 33.6949 2.5
      vertex -66.528 33.7395 2.1
      vertex -66.342 33.6949 2.1
    endloop
  endfacet
  facet normal -0.181883 -0.98332 0
    outer loop
      vertex -66.7156 33.7742 2.1
      vertex -66.528 33.7395 2.5
      vertex -66.7156 33.7742 2.5
    endloop
  endfacet
  facet normal -0.181883 -0.98332 -0
    outer loop
      vertex -66.528 33.7395 2.5
      vertex -66.7156 33.7742 2.1
      vertex -66.528 33.7395 2.1
    endloop
  endfacet
  facet normal -0.131785 -0.991278 0
    outer loop
      vertex -66.9044 33.7993 2.1
      vertex -66.7156 33.7742 2.5
      vertex -66.9044 33.7993 2.5
    endloop
  endfacet
  facet normal -0.131785 -0.991278 -0
    outer loop
      vertex -66.7156 33.7742 2.5
      vertex -66.9044 33.7993 2.1
      vertex -66.7156 33.7742 2.1
    endloop
  endfacet
  facet normal -0.0799124 -0.996802 0
    outer loop
      vertex -67.094 33.8145 2.1
      vertex -66.9044 33.7993 2.5
      vertex -67.094 33.8145 2.5
    endloop
  endfacet
  facet normal -0.0799124 -0.996802 -0
    outer loop
      vertex -66.9044 33.7993 2.5
      vertex -67.094 33.8145 2.1
      vertex -66.9044 33.7993 2.1
    endloop
  endfacet
  facet normal -0.0284096 -0.999596 0
    outer loop
      vertex -67.284 33.8199 2.1
      vertex -67.094 33.8145 2.5
      vertex -67.284 33.8199 2.5
    endloop
  endfacet
  facet normal -0.0284096 -0.999596 -0
    outer loop
      vertex -67.094 33.8145 2.5
      vertex -67.284 33.8199 2.1
      vertex -67.094 33.8145 2.1
    endloop
  endfacet
  facet normal 0.0236651 -0.99972 0
    outer loop
      vertex -67.4741 33.8154 2.1
      vertex -67.284 33.8199 2.5
      vertex -67.4741 33.8154 2.5
    endloop
  endfacet
  facet normal 0.0236651 -0.99972 0
    outer loop
      vertex -67.284 33.8199 2.5
      vertex -67.4741 33.8154 2.1
      vertex -67.284 33.8199 2.1
    endloop
  endfacet
  facet normal 0.0741623 -0.997246 0
    outer loop
      vertex -67.6637 33.8013 2.1
      vertex -67.4741 33.8154 2.5
      vertex -67.6637 33.8013 2.5
    endloop
  endfacet
  facet normal 0.0741623 -0.997246 0
    outer loop
      vertex -67.4741 33.8154 2.5
      vertex -67.6637 33.8013 2.1
      vertex -67.4741 33.8154 2.1
    endloop
  endfacet
  facet normal 0.126687 -0.991943 0
    outer loop
      vertex -67.8524 33.7772 2.1
      vertex -67.6637 33.8013 2.5
      vertex -67.8524 33.7772 2.5
    endloop
  endfacet
  facet normal 0.126687 -0.991943 0
    outer loop
      vertex -67.6637 33.8013 2.5
      vertex -67.8524 33.7772 2.1
      vertex -67.6637 33.8013 2.1
    endloop
  endfacet
  facet normal 0.177732 -0.984079 0
    outer loop
      vertex -68.0401 33.7433 2.1
      vertex -67.8524 33.7772 2.5
      vertex -68.0401 33.7433 2.5
    endloop
  endfacet
  facet normal 0.177732 -0.984079 0
    outer loop
      vertex -67.8524 33.7772 2.5
      vertex -68.0401 33.7433 2.1
      vertex -67.8524 33.7772 2.1
    endloop
  endfacet
  facet normal 0.228718 -0.973493 0
    outer loop
      vertex -68.2261 33.6996 2.1
      vertex -68.0401 33.7433 2.5
      vertex -68.2261 33.6996 2.5
    endloop
  endfacet
  facet normal 0.228718 -0.973493 0
    outer loop
      vertex -68.0401 33.7433 2.5
      vertex -68.2261 33.6996 2.1
      vertex -68.0401 33.7433 2.1
    endloop
  endfacet
  facet normal 0.279539 -0.960134 0
    outer loop
      vertex -68.4102 33.646 2.1
      vertex -68.2261 33.6996 2.5
      vertex -68.4102 33.646 2.5
    endloop
  endfacet
  facet normal 0.279539 -0.960134 0
    outer loop
      vertex -68.2261 33.6996 2.5
      vertex -68.4102 33.646 2.1
      vertex -68.2261 33.6996 2.1
    endloop
  endfacet
  facet normal 0.330073 -0.943956 0
    outer loop
      vertex -68.5918 33.5825 2.1
      vertex -68.4102 33.646 2.5
      vertex -68.5918 33.5825 2.5
    endloop
  endfacet
  facet normal 0.330073 -0.943956 0
    outer loop
      vertex -68.4102 33.646 2.5
      vertex -68.5918 33.5825 2.1
      vertex -68.4102 33.646 2.1
    endloop
  endfacet
  facet normal 0.378955 -0.925415 0
    outer loop
      vertex -68.7708 33.5092 2.1
      vertex -68.5918 33.5825 2.5
      vertex -68.7708 33.5092 2.5
    endloop
  endfacet
  facet normal 0.378955 -0.925415 0
    outer loop
      vertex -68.5918 33.5825 2.5
      vertex -68.7708 33.5092 2.1
      vertex -68.5918 33.5825 2.1
    endloop
  endfacet
  facet normal 0.427777 -0.903884 0
    outer loop
      vertex -68.9466 33.426 2.1
      vertex -68.7708 33.5092 2.5
      vertex -68.9466 33.426 2.5
    endloop
  endfacet
  facet normal 0.427777 -0.903884 0
    outer loop
      vertex -68.7708 33.5092 2.5
      vertex -68.9466 33.426 2.1
      vertex -68.7708 33.5092 2.1
    endloop
  endfacet
  facet normal 0.475592 -0.879666 0
    outer loop
      vertex -69.1188 33.3329 2.1
      vertex -68.9466 33.426 2.5
      vertex -69.1188 33.3329 2.5
    endloop
  endfacet
  facet normal 0.475592 -0.879666 0
    outer loop
      vertex -68.9466 33.426 2.5
      vertex -69.1188 33.3329 2.1
      vertex -68.9466 33.426 2.1
    endloop
  endfacet
  facet normal 0.52077 -0.853697 0
    outer loop
      vertex -70.6422 32.4036 2.1
      vertex -69.1188 33.3329 2.5
      vertex -70.6422 32.4036 2.5
    endloop
  endfacet
  facet normal 0.52077 -0.853697 0
    outer loop
      vertex -69.1188 33.3329 2.5
      vertex -70.6422 32.4036 2.1
      vertex -69.1188 33.3329 2.1
    endloop
  endfacet
  facet normal 0.565619 -0.824666 0
    outer loop
      vertex -72.105 31.4003 2.1
      vertex -70.6422 32.4036 2.5
      vertex -72.105 31.4003 2.5
    endloop
  endfacet
  facet normal 0.565619 -0.824666 0
    outer loop
      vertex -70.6422 32.4036 2.5
      vertex -72.105 31.4003 2.1
      vertex -70.6422 32.4036 2.1
    endloop
  endfacet
  facet normal 0.608686 -0.793411 0
    outer loop
      vertex -73.5052 30.3261 2.1
      vertex -72.105 31.4003 2.5
      vertex -73.5052 30.3261 2.5
    endloop
  endfacet
  facet normal 0.608686 -0.793411 0
    outer loop
      vertex -72.105 31.4003 2.5
      vertex -73.5052 30.3261 2.1
      vertex -72.105 31.4003 2.1
    endloop
  endfacet
  facet normal 0.649811 -0.760096 0
    outer loop
      vertex -74.8409 29.1842 2.1
      vertex -73.5052 30.3261 2.5
      vertex -74.8409 29.1842 2.5
    endloop
  endfacet
  facet normal 0.649811 -0.760096 0
    outer loop
      vertex -73.5052 30.3261 2.5
      vertex -74.8409 29.1842 2.1
      vertex -73.5052 30.3261 2.1
    endloop
  endfacet
  facet normal 0.688802 -0.72495 0
    outer loop
      vertex -76.1104 27.978 2.1
      vertex -74.8409 29.1842 2.5
      vertex -76.1104 27.978 2.5
    endloop
  endfacet
  facet normal 0.688802 -0.72495 0
    outer loop
      vertex -74.8409 29.1842 2.5
      vertex -76.1104 27.978 2.1
      vertex -74.8409 29.1842 2.1
    endloop
  endfacet
  facet normal 0.725837 -0.687867 0
    outer loop
      vertex -77.3115 26.7106 2.5
      vertex -76.1104 27.978 2.1
      vertex -76.1104 27.978 2.5
    endloop
  endfacet
  facet normal 0.725837 -0.687867 0
    outer loop
      vertex -76.1104 27.978 2.1
      vertex -77.3115 26.7106 2.5
      vertex -77.3115 26.7106 2.1
    endloop
  endfacet
  facet normal 0.760665 -0.649145 0
    outer loop
      vertex -78.4425 25.3853 2.5
      vertex -77.3115 26.7106 2.1
      vertex -77.3115 26.7106 2.5
    endloop
  endfacet
  facet normal 0.760665 -0.649145 0
    outer loop
      vertex -77.3115 26.7106 2.1
      vertex -78.4425 25.3853 2.5
      vertex -78.4425 25.3853 2.1
    endloop
  endfacet
  facet normal 0.79328 -0.608857 0
    outer loop
      vertex -79.5016 24.0054 2.5
      vertex -78.4425 25.3853 2.1
      vertex -78.4425 25.3853 2.5
    endloop
  endfacet
  facet normal 0.79328 -0.608857 0
    outer loop
      vertex -78.4425 25.3853 2.1
      vertex -79.5016 24.0054 2.5
      vertex -79.5016 24.0054 2.1
    endloop
  endfacet
  facet normal 0.823724 -0.56699 0
    outer loop
      vertex -80.4868 22.5741 2.5
      vertex -79.5016 24.0054 2.1
      vertex -79.5016 24.0054 2.5
    endloop
  endfacet
  facet normal 0.823724 -0.56699 0
    outer loop
      vertex -79.5016 24.0054 2.1
      vertex -80.4868 22.5741 2.5
      vertex -80.4868 22.5741 2.1
    endloop
  endfacet
  facet normal 0.851915 -0.52368 0
    outer loop
      vertex -81.3962 21.0947 2.5
      vertex -80.4868 22.5741 2.1
      vertex -80.4868 22.5741 2.5
    endloop
  endfacet
  facet normal 0.851915 -0.52368 0
    outer loop
      vertex -80.4868 22.5741 2.1
      vertex -81.3962 21.0947 2.5
      vertex -81.3962 21.0947 2.1
    endloop
  endfacet
  facet normal 0.877832 -0.478969 0
    outer loop
      vertex -82.2279 19.5704 2.5
      vertex -81.3962 21.0947 2.1
      vertex -81.3962 21.0947 2.5
    endloop
  endfacet
  facet normal 0.877832 -0.478969 0
    outer loop
      vertex -81.3962 21.0947 2.1
      vertex -82.2279 19.5704 2.5
      vertex -82.2279 19.5704 2.1
    endloop
  endfacet
  facet normal 0.901395 -0.432997 0
    outer loop
      vertex -82.9801 18.0045 2.5
      vertex -82.2279 19.5704 2.1
      vertex -82.2279 19.5704 2.5
    endloop
  endfacet
  facet normal 0.901395 -0.432997 0
    outer loop
      vertex -82.2279 19.5704 2.1
      vertex -82.9801 18.0045 2.5
      vertex -82.9801 18.0045 2.1
    endloop
  endfacet
  facet normal 0.922598 -0.385763 0
    outer loop
      vertex -83.6509 16.4002 2.5
      vertex -82.9801 18.0045 2.1
      vertex -82.9801 18.0045 2.5
    endloop
  endfacet
  facet normal 0.922598 -0.385763 0
    outer loop
      vertex -82.9801 18.0045 2.1
      vertex -83.6509 16.4002 2.5
      vertex -83.6509 16.4002 2.1
    endloop
  endfacet
  facet normal 0.941384 -0.337336 0
    outer loop
      vertex -84.2384 14.7607 2.5
      vertex -83.6509 16.4002 2.1
      vertex -83.6509 16.4002 2.5
    endloop
  endfacet
  facet normal 0.941384 -0.337336 0
    outer loop
      vertex -83.6509 16.4002 2.1
      vertex -84.2384 14.7607 2.5
      vertex -84.2384 14.7607 2.1
    endloop
  endfacet
  facet normal 0.957703 -0.287758 0
    outer loop
      vertex -84.7406 13.0893 2.5
      vertex -84.2384 14.7607 2.1
      vertex -84.2384 14.7607 2.5
    endloop
  endfacet
  facet normal 0.957703 -0.287758 0
    outer loop
      vertex -84.2384 14.7607 2.1
      vertex -84.7406 13.0893 2.5
      vertex -84.7406 13.0893 2.1
    endloop
  endfacet
  facet normal 0.971459 -0.237207 0
    outer loop
      vertex -85.1557 11.3893 2.5
      vertex -84.7406 13.0893 2.1
      vertex -84.7406 13.0893 2.5
    endloop
  endfacet
  facet normal 0.971459 -0.237207 0
    outer loop
      vertex -84.7406 13.0893 2.1
      vertex -85.1557 11.3893 2.5
      vertex -85.1557 11.3893 2.1
    endloop
  endfacet
  facet normal 0.982595 -0.18576 0
    outer loop
      vertex -85.4819 9.66383 2.5
      vertex -85.1557 11.3893 2.1
      vertex -85.1557 11.3893 2.5
    endloop
  endfacet
  facet normal 0.982595 -0.18576 0
    outer loop
      vertex -85.1557 11.3893 2.1
      vertex -85.4819 9.66383 2.5
      vertex -85.4819 9.66383 2.1
    endloop
  endfacet
  facet normal 0.991057 -0.133438 0
    outer loop
      vertex -85.7172 7.91624 2.5
      vertex -85.4819 9.66383 2.1
      vertex -85.4819 9.66383 2.5
    endloop
  endfacet
  facet normal 0.991057 -0.133438 0
    outer loop
      vertex -85.4819 9.66383 2.1
      vertex -85.7172 7.91624 2.5
      vertex -85.7172 7.91624 2.1
    endloop
  endfacet
  facet normal 0.996758 -0.0804624 0
    outer loop
      vertex -85.8598 6.14973 2.5
      vertex -85.7172 7.91624 2.1
      vertex -85.7172 7.91624 2.5
    endloop
  endfacet
  facet normal 0.996758 -0.0804624 0
    outer loop
      vertex -85.7172 7.91624 2.1
      vertex -85.8598 6.14973 2.5
      vertex -85.8598 6.14973 2.1
    endloop
  endfacet
  facet normal 0.999639 -0.0268679 0
    outer loop
      vertex -85.9077 4.36758 2.5
      vertex -85.8598 6.14973 2.1
      vertex -85.8598 6.14973 2.5
    endloop
  endfacet
  facet normal 0.999639 -0.0268679 0
    outer loop
      vertex -85.8598 6.14973 2.1
      vertex -85.9077 4.36758 2.5
      vertex -85.9077 4.36758 2.1
    endloop
  endfacet
  facet normal 0.999557 0.0297477 0
    outer loop
      vertex -85.8479 2.35823 2.5
      vertex -85.9077 4.36758 2.1
      vertex -85.9077 4.36758 2.5
    endloop
  endfacet
  facet normal 0.999557 0.0297477 0
    outer loop
      vertex -85.9077 4.36758 2.1
      vertex -85.8479 2.35823 2.5
      vertex -85.8479 2.35823 2.1
    endloop
  endfacet
  facet normal 0.996017 0.0891647 0
    outer loop
      vertex -85.6708 0.379929 2.5
      vertex -85.8479 2.35823 2.1
      vertex -85.8479 2.35823 2.5
    endloop
  endfacet
  facet normal 0.996017 0.0891647 0
    outer loop
      vertex -85.8479 2.35823 2.1
      vertex -85.6708 0.379929 2.5
      vertex -85.6708 0.379929 2.1
    endloop
  endfacet
  facet normal 0.988965 0.14815 0
    outer loop
      vertex -85.3796 -1.56396 2.5
      vertex -85.6708 0.379929 2.1
      vertex -85.6708 0.379929 2.5
    endloop
  endfacet
  facet normal 0.988965 0.14815 0
    outer loop
      vertex -85.6708 0.379929 2.1
      vertex -85.3796 -1.56396 2.5
      vertex -85.3796 -1.56396 2.1
    endloop
  endfacet
  facet normal 0.978514 0.206178 0
    outer loop
      vertex -84.978 -3.46994 2.5
      vertex -85.3796 -1.56396 2.1
      vertex -85.3796 -1.56396 2.5
    endloop
  endfacet
  facet normal 0.978514 0.206178 0
    outer loop
      vertex -85.3796 -1.56396 2.1
      vertex -84.978 -3.46994 2.5
      vertex -84.978 -3.46994 2.1
    endloop
  endfacet
  facet normal 0.964745 0.263187 0
    outer loop
      vertex -84.4693 -5.33464 2.5
      vertex -84.978 -3.46994 2.1
      vertex -84.978 -3.46994 2.5
    endloop
  endfacet
  facet normal 0.964745 0.263187 0
    outer loop
      vertex -84.978 -3.46994 2.1
      vertex -84.4693 -5.33464 2.5
      vertex -84.4693 -5.33464 2.1
    endloop
  endfacet
  facet normal 0.94778 0.318926 0
    outer loop
      vertex -83.8569 -7.15456 2.5
      vertex -84.4693 -5.33464 2.1
      vertex -84.4693 -5.33464 2.5
    endloop
  endfacet
  facet normal 0.94778 0.318926 0
    outer loop
      vertex -84.4693 -5.33464 2.1
      vertex -83.8569 -7.15456 2.5
      vertex -83.8569 -7.15456 2.1
    endloop
  endfacet
  facet normal 0.927765 0.373165 0
    outer loop
      vertex -83.1442 -8.92648 2.5
      vertex -83.8569 -7.15456 2.1
      vertex -83.8569 -7.15456 2.5
    endloop
  endfacet
  facet normal 0.927765 0.373165 0
    outer loop
      vertex -83.8569 -7.15456 2.1
      vertex -83.1442 -8.92648 2.5
      vertex -83.1442 -8.92648 2.1
    endloop
  endfacet
  facet normal 0.904831 0.42577 0
    outer loop
      vertex -82.3347 -10.6468 2.5
      vertex -83.1442 -8.92648 2.1
      vertex -83.1442 -8.92648 2.5
    endloop
  endfacet
  facet normal 0.904831 0.42577 0
    outer loop
      vertex -83.1442 -8.92648 2.1
      vertex -82.3347 -10.6468 2.5
      vertex -82.3347 -10.6468 2.1
    endloop
  endfacet
  facet normal 0.879103 0.476632 0
    outer loop
      vertex -81.4317 -12.3123 2.5
      vertex -82.3347 -10.6468 2.1
      vertex -82.3347 -10.6468 2.5
    endloop
  endfacet
  facet normal 0.879103 0.476632 0
    outer loop
      vertex -82.3347 -10.6468 2.1
      vertex -81.4317 -12.3123 2.5
      vertex -81.4317 -12.3123 2.1
    endloop
  endfacet
  facet normal 0.850694 0.525662 0
    outer loop
      vertex -80.4387 -13.9193 2.5
      vertex -81.4317 -12.3123 2.1
      vertex -81.4317 -12.3123 2.5
    endloop
  endfacet
  facet normal 0.850694 0.525662 0
    outer loop
      vertex -81.4317 -12.3123 2.1
      vertex -80.4387 -13.9193 2.5
      vertex -80.4387 -13.9193 2.1
    endloop
  endfacet
  facet normal 0.819757 0.572711 0
    outer loop
      vertex -79.3591 -15.4646 2.5
      vertex -80.4387 -13.9193 2.1
      vertex -80.4387 -13.9193 2.5
    endloop
  endfacet
  facet normal 0.819757 0.572711 0
    outer loop
      vertex -80.4387 -13.9193 2.1
      vertex -79.3591 -15.4646 2.5
      vertex -79.3591 -15.4646 2.1
    endloop
  endfacet
  facet normal 0.786333 0.617803 0
    outer loop
      vertex -78.1963 -16.9446 2.5
      vertex -79.3591 -15.4646 2.1
      vertex -79.3591 -15.4646 2.5
    endloop
  endfacet
  facet normal 0.786333 0.617803 0
    outer loop
      vertex -79.3591 -15.4646 2.1
      vertex -78.1963 -16.9446 2.5
      vertex -78.1963 -16.9446 2.1
    endloop
  endfacet
  facet normal 0.750587 0.660772 0
    outer loop
      vertex -76.9537 -18.3561 2.5
      vertex -78.1963 -16.9446 2.1
      vertex -78.1963 -16.9446 2.5
    endloop
  endfacet
  facet normal 0.750587 0.660772 0
    outer loop
      vertex -78.1963 -16.9446 2.1
      vertex -76.9537 -18.3561 2.5
      vertex -76.9537 -18.3561 2.1
    endloop
  endfacet
  facet normal 0.712539 0.701633 0
    outer loop
      vertex -75.6348 -19.6955 2.5
      vertex -76.9537 -18.3561 2.1
      vertex -76.9537 -18.3561 2.5
    endloop
  endfacet
  facet normal 0.712539 0.701633 0
    outer loop
      vertex -76.9537 -18.3561 2.1
      vertex -75.6348 -19.6955 2.5
      vertex -75.6348 -19.6955 2.1
    endloop
  endfacet
  facet normal 0.672276 0.740301 -0
    outer loop
      vertex -74.2429 -20.9595 2.1
      vertex -75.6348 -19.6955 2.5
      vertex -74.2429 -20.9595 2.5
    endloop
  endfacet
  facet normal 0.672276 0.740301 0
    outer loop
      vertex -75.6348 -19.6955 2.5
      vertex -74.2429 -20.9595 2.1
      vertex -75.6348 -19.6955 2.1
    endloop
  endfacet
  facet normal 0.629834 0.77673 -0
    outer loop
      vertex -72.7814 -22.1446 2.1
      vertex -74.2429 -20.9595 2.5
      vertex -72.7814 -22.1446 2.5
    endloop
  endfacet
  facet normal 0.629834 0.77673 0
    outer loop
      vertex -74.2429 -20.9595 2.5
      vertex -72.7814 -22.1446 2.1
      vertex -74.2429 -20.9595 2.1
    endloop
  endfacet
  facet normal 0.585413 0.810735 -0
    outer loop
      vertex -71.254 -23.2475 2.1
      vertex -72.7814 -22.1446 2.5
      vertex -71.254 -23.2475 2.5
    endloop
  endfacet
  facet normal 0.585413 0.810735 0
    outer loop
      vertex -72.7814 -22.1446 2.5
      vertex -71.254 -23.2475 2.1
      vertex -72.7814 -22.1446 2.1
    endloop
  endfacet
  facet normal 0.538855 0.842398 -0
    outer loop
      vertex -69.6638 -24.2647 2.1
      vertex -71.254 -23.2475 2.5
      vertex -69.6638 -24.2647 2.5
    endloop
  endfacet
  facet normal 0.538855 0.842398 0
    outer loop
      vertex -71.254 -23.2475 2.5
      vertex -69.6638 -24.2647 2.1
      vertex -71.254 -23.2475 2.1
    endloop
  endfacet
  facet normal 0.490301 0.871553 -0
    outer loop
      vertex -68.0142 -25.1927 2.1
      vertex -69.6638 -24.2647 2.5
      vertex -68.0142 -25.1927 2.5
    endloop
  endfacet
  facet normal 0.490301 0.871553 0
    outer loop
      vertex -69.6638 -24.2647 2.5
      vertex -68.0142 -25.1927 2.1
      vertex -69.6638 -24.2647 2.1
    endloop
  endfacet
  facet normal 0.439974 0.89801 -0
    outer loop
      vertex -66.3089 -26.0282 2.1
      vertex -68.0142 -25.1927 2.5
      vertex -66.3089 -26.0282 2.5
    endloop
  endfacet
  facet normal 0.439974 0.89801 0
    outer loop
      vertex -68.0142 -25.1927 2.5
      vertex -66.3089 -26.0282 2.1
      vertex -68.0142 -25.1927 2.1
    endloop
  endfacet
  facet normal 0.998386 0.0567855 0
    outer loop
      vertex -66.1657 -28.5459 2.5
      vertex -66.3089 -26.0282 2.1
      vertex -66.3089 -26.0282 2.5
    endloop
  endfacet
  facet normal 0.998386 0.0567855 0
    outer loop
      vertex -66.3089 -26.0282 2.1
      vertex -66.1657 -28.5459 2.5
      vertex -66.1657 -28.5459 2.1
    endloop
  endfacet
  facet normal 0.995566 0.0940676 0
    outer loop
      vertex -65.9292 -31.0489 2.5
      vertex -66.1657 -28.5459 2.1
      vertex -66.1657 -28.5459 2.5
    endloop
  endfacet
  facet normal 0.995566 0.0940676 0
    outer loop
      vertex -66.1657 -28.5459 2.1
      vertex -65.9292 -31.0489 2.5
      vertex -65.9292 -31.0489 2.1
    endloop
  endfacet
  facet normal 0.99136 0.131168 0
    outer loop
      vertex -65.6003 -33.5347 2.5
      vertex -65.9292 -31.0489 2.1
      vertex -65.9292 -31.0489 2.5
    endloop
  endfacet
  facet normal 0.99136 0.131168 0
    outer loop
      vertex -65.9292 -31.0489 2.1
      vertex -65.6003 -33.5347 2.5
      vertex -65.6003 -33.5347 2.1
    endloop
  endfacet
  facet normal 0.985767 0.168118 0
    outer loop
      vertex -65.1797 -36.0009 2.5
      vertex -65.6003 -33.5347 2.1
      vertex -65.6003 -33.5347 2.5
    endloop
  endfacet
  facet normal 0.985767 0.168118 0
    outer loop
      vertex -65.6003 -33.5347 2.1
      vertex -65.1797 -36.0009 2.5
      vertex -65.1797 -36.0009 2.1
    endloop
  endfacet
  facet normal 0.978826 0.204696 0
    outer loop
      vertex -64.6686 -38.4449 2.5
      vertex -65.1797 -36.0009 2.1
      vertex -65.1797 -36.0009 2.5
    endloop
  endfacet
  facet normal 0.978826 0.204696 0
    outer loop
      vertex -65.1797 -36.0009 2.1
      vertex -64.6686 -38.4449 2.5
      vertex -64.6686 -38.4449 2.1
    endloop
  endfacet
  facet normal 0.970505 0.241082 0
    outer loop
      vertex -64.0676 -40.8643 2.5
      vertex -64.6686 -38.4449 2.1
      vertex -64.6686 -38.4449 2.5
    endloop
  endfacet
  facet normal 0.970505 0.241082 0
    outer loop
      vertex -64.6686 -38.4449 2.1
      vertex -64.0676 -40.8643 2.5
      vertex -64.0676 -40.8643 2.1
    endloop
  endfacet
  facet normal 0.960848 0.277076 0
    outer loop
      vertex -63.3778 -43.2564 2.5
      vertex -64.0676 -40.8643 2.1
      vertex -64.0676 -40.8643 2.5
    endloop
  endfacet
  facet normal 0.960848 0.277076 0
    outer loop
      vertex -64.0676 -40.8643 2.1
      vertex -63.3778 -43.2564 2.5
      vertex -63.3778 -43.2564 2.1
    endloop
  endfacet
  facet normal 0.949831 0.312764 0
    outer loop
      vertex -62.5999 -45.6188 2.5
      vertex -63.3778 -43.2564 2.1
      vertex -63.3778 -43.2564 2.5
    endloop
  endfacet
  facet normal 0.949831 0.312764 0
    outer loop
      vertex -63.3778 -43.2564 2.1
      vertex -62.5999 -45.6188 2.5
      vertex -62.5999 -45.6188 2.1
    endloop
  endfacet
  facet normal 0.937496 0.347996 0
    outer loop
      vertex -61.7349 -47.9491 2.5
      vertex -62.5999 -45.6188 2.1
      vertex -62.5999 -45.6188 2.5
    endloop
  endfacet
  facet normal 0.937496 0.347996 0
    outer loop
      vertex -62.5999 -45.6188 2.1
      vertex -61.7349 -47.9491 2.5
      vertex -61.7349 -47.9491 2.1
    endloop
  endfacet
  facet normal 0.923821 0.382826 0
    outer loop
      vertex -60.7837 -50.2445 2.5
      vertex -61.7349 -47.9491 2.1
      vertex -61.7349 -47.9491 2.5
    endloop
  endfacet
  facet normal 0.923821 0.382826 0
    outer loop
      vertex -61.7349 -47.9491 2.1
      vertex -60.7837 -50.2445 2.5
      vertex -60.7837 -50.2445 2.1
    endloop
  endfacet
  facet normal 0.908829 0.417169 0
    outer loop
      vertex -59.7471 -52.5028 2.5
      vertex -60.7837 -50.2445 2.1
      vertex -60.7837 -50.2445 2.5
    endloop
  endfacet
  facet normal 0.908829 0.417169 0
    outer loop
      vertex -60.7837 -50.2445 2.1
      vertex -59.7471 -52.5028 2.5
      vertex -59.7471 -52.5028 2.1
    endloop
  endfacet
  facet normal 0.892504 0.45104 0
    outer loop
      vertex -58.626 -54.7212 2.5
      vertex -59.7471 -52.5028 2.1
      vertex -59.7471 -52.5028 2.5
    endloop
  endfacet
  facet normal 0.892504 0.45104 0
    outer loop
      vertex -59.7471 -52.5028 2.1
      vertex -58.626 -54.7212 2.5
      vertex -58.626 -54.7212 2.1
    endloop
  endfacet
  facet normal 0.874917 0.484274 0
    outer loop
      vertex -57.4214 -56.8975 2.5
      vertex -58.626 -54.7212 2.1
      vertex -58.626 -54.7212 2.5
    endloop
  endfacet
  facet normal 0.874917 0.484274 0
    outer loop
      vertex -58.626 -54.7212 2.1
      vertex -57.4214 -56.8975 2.5
      vertex -57.4214 -56.8975 2.1
    endloop
  endfacet
  facet normal 0.855973 0.517021 0
    outer loop
      vertex -56.134 -59.0289 2.5
      vertex -57.4214 -56.8975 2.1
      vertex -57.4214 -56.8975 2.5
    endloop
  endfacet
  facet normal 0.855973 0.517021 0
    outer loop
      vertex -57.4214 -56.8975 2.1
      vertex -56.134 -59.0289 2.5
      vertex -56.134 -59.0289 2.1
    endloop
  endfacet
  facet normal 0.835801 0.549033 0
    outer loop
      vertex -54.7649 -61.1131 2.5
      vertex -56.134 -59.0289 2.1
      vertex -56.134 -59.0289 2.5
    endloop
  endfacet
  facet normal 0.835801 0.549033 0
    outer loop
      vertex -56.134 -59.0289 2.1
      vertex -54.7649 -61.1131 2.5
      vertex -54.7649 -61.1131 2.1
    endloop
  endfacet
  facet normal 0.814309 0.580431 0
    outer loop
      vertex -53.3148 -63.1475 2.5
      vertex -54.7649 -61.1131 2.1
      vertex -54.7649 -61.1131 2.5
    endloop
  endfacet
  facet normal 0.814309 0.580431 0
    outer loop
      vertex -54.7649 -61.1131 2.1
      vertex -53.3148 -63.1475 2.5
      vertex -53.3148 -63.1475 2.1
    endloop
  endfacet
  facet normal 0.791579 0.611067 0
    outer loop
      vertex -51.7847 -65.1296 2.5
      vertex -53.3148 -63.1475 2.1
      vertex -53.3148 -63.1475 2.5
    endloop
  endfacet
  facet normal 0.791579 0.611067 0
    outer loop
      vertex -53.3148 -63.1475 2.1
      vertex -51.7847 -65.1296 2.5
      vertex -51.7847 -65.1296 2.1
    endloop
  endfacet
  facet normal 0.767558 0.640979 0
    outer loop
      vertex -50.1754 -67.0567 2.5
      vertex -51.7847 -65.1296 2.1
      vertex -51.7847 -65.1296 2.5
    endloop
  endfacet
  facet normal 0.767558 0.640979 0
    outer loop
      vertex -51.7847 -65.1296 2.1
      vertex -50.1754 -67.0567 2.5
      vertex -50.1754 -67.0567 2.1
    endloop
  endfacet
  facet normal 0.742405 0.669951 0
    outer loop
      vertex -48.4879 -68.9267 2.5
      vertex -50.1754 -67.0567 2.1
      vertex -50.1754 -67.0567 2.5
    endloop
  endfacet
  facet normal 0.742405 0.669951 0
    outer loop
      vertex -50.1754 -67.0567 2.1
      vertex -48.4879 -68.9267 2.5
      vertex -48.4879 -68.9267 2.1
    endloop
  endfacet
  facet normal 0.715951 0.698151 0
    outer loop
      vertex -46.7229 -70.7367 2.5
      vertex -48.4879 -68.9267 2.1
      vertex -48.4879 -68.9267 2.5
    endloop
  endfacet
  facet normal 0.715951 0.698151 0
    outer loop
      vertex -48.4879 -68.9267 2.1
      vertex -46.7229 -70.7367 2.5
      vertex -46.7229 -70.7367 2.1
    endloop
  endfacet
  facet normal 0.688243 0.72548 -0
    outer loop
      vertex -44.8311 -72.5314 2.1
      vertex -46.7229 -70.7367 2.5
      vertex -44.8311 -72.5314 2.5
    endloop
  endfacet
  facet normal 0.688243 0.72548 0
    outer loop
      vertex -46.7229 -70.7367 2.5
      vertex -44.8311 -72.5314 2.1
      vertex -46.7229 -70.7367 2.1
    endloop
  endfacet
  facet normal 0.659601 0.751616 -0
    outer loop
      vertex -42.8813 -74.2425 2.1
      vertex -44.8311 -72.5314 2.5
      vertex -42.8813 -74.2425 2.5
    endloop
  endfacet
  facet normal 0.659601 0.751616 0
    outer loop
      vertex -44.8311 -72.5314 2.5
      vertex -42.8813 -74.2425 2.1
      vertex -44.8311 -72.5314 2.1
    endloop
  endfacet
  facet normal 0.629947 0.776638 -0
    outer loop
      vertex -40.8758 -75.8692 2.1
      vertex -42.8813 -74.2425 2.5
      vertex -40.8758 -75.8692 2.5
    endloop
  endfacet
  facet normal 0.629947 0.776638 0
    outer loop
      vertex -42.8813 -74.2425 2.5
      vertex -40.8758 -75.8692 2.1
      vertex -42.8813 -74.2425 2.1
    endloop
  endfacet
  facet normal 0.599291 0.800532 -0
    outer loop
      vertex -38.8168 -77.4106 2.1
      vertex -40.8758 -75.8692 2.5
      vertex -38.8168 -77.4106 2.5
    endloop
  endfacet
  facet normal 0.599291 0.800532 0
    outer loop
      vertex -40.8758 -75.8692 2.5
      vertex -38.8168 -77.4106 2.1
      vertex -40.8758 -75.8692 2.1
    endloop
  endfacet
  facet normal 0.567704 0.823233 -0
    outer loop
      vertex -36.7066 -78.8658 2.1
      vertex -38.8168 -77.4106 2.5
      vertex -36.7066 -78.8658 2.5
    endloop
  endfacet
  facet normal 0.567704 0.823233 0
    outer loop
      vertex -38.8168 -77.4106 2.5
      vertex -36.7066 -78.8658 2.1
      vertex -38.8168 -77.4106 2.1
    endloop
  endfacet
  facet normal 0.535183 0.844736 -0
    outer loop
      vertex -34.5475 -80.2337 2.1
      vertex -36.7066 -78.8658 2.5
      vertex -34.5475 -80.2337 2.5
    endloop
  endfacet
  facet normal 0.535183 0.844736 0
    outer loop
      vertex -36.7066 -78.8658 2.5
      vertex -34.5475 -80.2337 2.1
      vertex -36.7066 -78.8658 2.1
    endloop
  endfacet
  facet normal 0.501829 0.864967 -0
    outer loop
      vertex -32.3416 -81.5135 2.1
      vertex -34.5475 -80.2337 2.5
      vertex -32.3416 -81.5135 2.5
    endloop
  endfacet
  facet normal 0.501829 0.864967 0
    outer loop
      vertex -34.5475 -80.2337 2.5
      vertex -32.3416 -81.5135 2.1
      vertex -34.5475 -80.2337 2.1
    endloop
  endfacet
  facet normal 0.467723 0.883875 -0
    outer loop
      vertex -30.0913 -82.7043 2.1
      vertex -32.3416 -81.5135 2.5
      vertex -30.0913 -82.7043 2.5
    endloop
  endfacet
  facet normal 0.467723 0.883875 0
    outer loop
      vertex -32.3416 -81.5135 2.5
      vertex -30.0913 -82.7043 2.1
      vertex -32.3416 -81.5135 2.1
    endloop
  endfacet
  facet normal 0.432923 0.901431 -0
    outer loop
      vertex -27.7988 -83.8053 2.1
      vertex -30.0913 -82.7043 2.5
      vertex -27.7988 -83.8053 2.5
    endloop
  endfacet
  facet normal 0.432923 0.901431 0
    outer loop
      vertex -30.0913 -82.7043 2.5
      vertex -27.7988 -83.8053 2.1
      vertex -30.0913 -82.7043 2.1
    endloop
  endfacet
  facet normal 0.397355 0.917665 -0
    outer loop
      vertex -25.4665 -84.8152 2.1
      vertex -27.7988 -83.8053 2.5
      vertex -25.4665 -84.8152 2.5
    endloop
  endfacet
  facet normal 0.397355 0.917665 0
    outer loop
      vertex -27.7988 -83.8053 2.5
      vertex -25.4665 -84.8152 2.1
      vertex -27.7988 -83.8053 2.1
    endloop
  endfacet
  facet normal 0.361248 0.93247 -0
    outer loop
      vertex -23.0964 -85.7334 2.1
      vertex -25.4665 -84.8152 2.5
      vertex -23.0964 -85.7334 2.5
    endloop
  endfacet
  facet normal 0.361248 0.93247 0
    outer loop
      vertex -25.4665 -84.8152 2.5
      vertex -23.0964 -85.7334 2.1
      vertex -25.4665 -84.8152 2.1
    endloop
  endfacet
  facet normal 0.324543 0.945871 -0
    outer loop
      vertex -20.6908 -86.5588 2.1
      vertex -23.0964 -85.7334 2.5
      vertex -20.6908 -86.5588 2.5
    endloop
  endfacet
  facet normal 0.324543 0.945871 0
    outer loop
      vertex -23.0964 -85.7334 2.5
      vertex -20.6908 -86.5588 2.1
      vertex -23.0964 -85.7334 2.1
    endloop
  endfacet
  facet normal 0.287427 0.957802 -0
    outer loop
      vertex -18.2522 -87.2906 2.1
      vertex -20.6908 -86.5588 2.5
      vertex -18.2522 -87.2906 2.5
    endloop
  endfacet
  facet normal 0.287427 0.957802 0
    outer loop
      vertex -20.6908 -86.5588 2.5
      vertex -18.2522 -87.2906 2.1
      vertex -20.6908 -86.5588 2.1
    endloop
  endfacet
  facet normal 0.249835 0.968288 -0
    outer loop
      vertex -15.7826 -87.9278 2.1
      vertex -18.2522 -87.2906 2.5
      vertex -15.7826 -87.9278 2.5
    endloop
  endfacet
  facet normal 0.249835 0.968288 0
    outer loop
      vertex -18.2522 -87.2906 2.5
      vertex -15.7826 -87.9278 2.1
      vertex -18.2522 -87.2906 2.1
    endloop
  endfacet
  facet normal 0.211957 0.977279 -0
    outer loop
      vertex -13.2845 -88.4696 2.1
      vertex -15.7826 -87.9278 2.5
      vertex -13.2845 -88.4696 2.5
    endloop
  endfacet
  facet normal 0.211957 0.977279 0
    outer loop
      vertex -15.7826 -87.9278 2.5
      vertex -13.2845 -88.4696 2.1
      vertex -15.7826 -87.9278 2.1
    endloop
  endfacet
  facet normal 0.173658 0.984806 -0
    outer loop
      vertex -10.7598 -88.9148 2.1
      vertex -13.2845 -88.4696 2.5
      vertex -10.7598 -88.9148 2.5
    endloop
  endfacet
  facet normal 0.173658 0.984806 0
    outer loop
      vertex -13.2845 -88.4696 2.5
      vertex -10.7598 -88.9148 2.1
      vertex -13.2845 -88.4696 2.1
    endloop
  endfacet
  facet normal 0.135283 0.990807 -0
    outer loop
      vertex -8.21106 -89.2628 2.1
      vertex -10.7598 -88.9148 2.5
      vertex -8.21106 -89.2628 2.5
    endloop
  endfacet
  facet normal 0.135283 0.990807 0
    outer loop
      vertex -10.7598 -88.9148 2.5
      vertex -8.21106 -89.2628 2.1
      vertex -10.7598 -88.9148 2.1
    endloop
  endfacet
  facet normal 0.0966446 0.995319 -0
    outer loop
      vertex -5.64049 -89.5124 2.1
      vertex -8.21106 -89.2628 2.5
      vertex -5.64049 -89.5124 2.5
    endloop
  endfacet
  facet normal 0.0966446 0.995319 0
    outer loop
      vertex -8.21106 -89.2628 2.5
      vertex -5.64049 -89.5124 2.1
      vertex -8.21106 -89.2628 2.1
    endloop
  endfacet
  facet normal 0.0580045 0.998316 -0
    outer loop
      vertex -3.05023 -89.6629 2.1
      vertex -5.64049 -89.5124 2.5
      vertex -3.05023 -89.6629 2.5
    endloop
  endfacet
  facet normal 0.0580045 0.998316 0
    outer loop
      vertex -5.64049 -89.5124 2.5
      vertex -3.05023 -89.6629 2.1
      vertex -5.64049 -89.5124 2.1
    endloop
  endfacet
  facet normal 0.0193247 0.999813 -0
    outer loop
      vertex -0.442657 -89.7133 2.1
      vertex -3.05023 -89.6629 2.5
      vertex -0.442657 -89.7133 2.5
    endloop
  endfacet
  facet normal 0.0193247 0.999813 0
    outer loop
      vertex -3.05023 -89.6629 2.5
      vertex -0.442657 -89.7133 2.1
      vertex -3.05023 -89.6629 2.1
    endloop
  endfacet
  facet normal -0.0193247 0.999813 0
    outer loop
      vertex 2.16492 -89.6629 2.1
      vertex -0.442657 -89.7133 2.5
      vertex 2.16492 -89.6629 2.5
    endloop
  endfacet
  facet normal -0.0193247 0.999813 0
    outer loop
      vertex -0.442657 -89.7133 2.5
      vertex 2.16492 -89.6629 2.1
      vertex -0.442657 -89.7133 2.1
    endloop
  endfacet
  facet normal -0.236561 -0.971617 0
    outer loop
      vertex 45.4347 -20.6323 2.1
      vertex 47.1848 -21.0584 2.5
      vertex 45.4347 -20.6323 2.5
    endloop
  endfacet
  facet normal -0.236561 -0.971617 -0
    outer loop
      vertex 47.1848 -21.0584 2.5
      vertex 45.4347 -20.6323 2.1
      vertex 47.1848 -21.0584 2.1
    endloop
  endfacet
  facet normal -0.303603 -0.952798 0
    outer loop
      vertex 43.7328 -20.09 2.1
      vertex 45.4347 -20.6323 2.5
      vertex 43.7328 -20.09 2.5
    endloop
  endfacet
  facet normal -0.303603 -0.952798 -0
    outer loop
      vertex 45.4347 -20.6323 2.5
      vertex 43.7328 -20.09 2.1
      vertex 45.4347 -20.6323 2.1
    endloop
  endfacet
  facet normal -0.368561 -0.929604 0
    outer loop
      vertex 42.0835 -19.4361 2.1
      vertex 43.7328 -20.09 2.5
      vertex 42.0835 -19.4361 2.5
    endloop
  endfacet
  facet normal -0.368561 -0.929604 -0
    outer loop
      vertex 43.7328 -20.09 2.5
      vertex 42.0835 -19.4361 2.1
      vertex 43.7328 -20.09 2.1
    endloop
  endfacet
  facet normal -0.431185 -0.902264 0
    outer loop
      vertex 40.4913 -18.6752 2.1
      vertex 42.0835 -19.4361 2.5
      vertex 40.4913 -18.6752 2.5
    endloop
  endfacet
  facet normal -0.431185 -0.902264 -0
    outer loop
      vertex 42.0835 -19.4361 2.5
      vertex 40.4913 -18.6752 2.1
      vertex 42.0835 -19.4361 2.1
    endloop
  endfacet
  facet normal -0.491333 -0.870972 0
    outer loop
      vertex 38.9606 -17.8117 2.1
      vertex 40.4913 -18.6752 2.5
      vertex 38.9606 -17.8117 2.5
    endloop
  endfacet
  facet normal -0.491333 -0.870972 -0
    outer loop
      vertex 40.4913 -18.6752 2.5
      vertex 38.9606 -17.8117 2.1
      vertex 40.4913 -18.6752 2.1
    endloop
  endfacet
  facet normal -0.548931 -0.835868 0
    outer loop
      vertex 37.4962 -16.85 2.1
      vertex 38.9606 -17.8117 2.5
      vertex 37.4962 -16.85 2.5
    endloop
  endfacet
  facet normal -0.548931 -0.835868 -0
    outer loop
      vertex 38.9606 -17.8117 2.5
      vertex 37.4962 -16.85 2.1
      vertex 38.9606 -17.8117 2.1
    endloop
  endfacet
  facet normal -0.603572 -0.797308 0
    outer loop
      vertex 36.1023 -15.7948 2.1
      vertex 37.4962 -16.85 2.5
      vertex 36.1023 -15.7948 2.5
    endloop
  endfacet
  facet normal -0.603572 -0.797308 -0
    outer loop
      vertex 37.4962 -16.85 2.5
      vertex 36.1023 -15.7948 2.1
      vertex 37.4962 -16.85 2.1
    endloop
  endfacet
  facet normal -0.65543 -0.755256 0
    outer loop
      vertex 34.7836 -14.6504 2.1
      vertex 36.1023 -15.7948 2.5
      vertex 34.7836 -14.6504 2.5
    endloop
  endfacet
  facet normal -0.65543 -0.755256 -0
    outer loop
      vertex 36.1023 -15.7948 2.5
      vertex 34.7836 -14.6504 2.1
      vertex 36.1023 -15.7948 2.1
    endloop
  endfacet
  facet normal -0.704207 -0.709994 0
    outer loop
      vertex 33.5444 -13.4213 2.1
      vertex 34.7836 -14.6504 2.5
      vertex 33.5444 -13.4213 2.5
    endloop
  endfacet
  facet normal -0.704207 -0.709994 -0
    outer loop
      vertex 34.7836 -14.6504 2.5
      vertex 33.5444 -13.4213 2.1
      vertex 34.7836 -14.6504 2.1
    endloop
  endfacet
  facet normal -0.749863 -0.661593 0
    outer loop
      vertex 33.5444 -13.4213 2.1
      vertex 32.3894 -12.1122 2.5
      vertex 32.3894 -12.1122 2.1
    endloop
  endfacet
  facet normal -0.749863 -0.661593 0
    outer loop
      vertex 32.3894 -12.1122 2.5
      vertex 33.5444 -13.4213 2.1
      vertex 33.5444 -13.4213 2.5
    endloop
  endfacet
  facet normal -0.792279 -0.610159 0
    outer loop
      vertex 32.3894 -12.1122 2.1
      vertex 31.323 -10.7275 2.5
      vertex 31.323 -10.7275 2.1
    endloop
  endfacet
  facet normal -0.792279 -0.610159 0
    outer loop
      vertex 31.323 -10.7275 2.5
      vertex 32.3894 -12.1122 2.1
      vertex 32.3894 -12.1122 2.5
    endloop
  endfacet
  facet normal -0.831345 -0.555757 0
    outer loop
      vertex 31.323 -10.7275 2.1
      vertex 30.3497 -9.27156 2.5
      vertex 30.3497 -9.27156 2.1
    endloop
  endfacet
  facet normal -0.831345 -0.555757 0
    outer loop
      vertex 30.3497 -9.27156 2.5
      vertex 31.323 -10.7275 2.1
      vertex 31.323 -10.7275 2.5
    endloop
  endfacet
  facet normal -0.86688 -0.498516 0
    outer loop
      vertex 30.3497 -9.27156 2.1
      vertex 29.4741 -7.74896 2.5
      vertex 29.4741 -7.74896 2.1
    endloop
  endfacet
  facet normal -0.86688 -0.498516 0
    outer loop
      vertex 29.4741 -7.74896 2.5
      vertex 30.3497 -9.27156 2.1
      vertex 30.3497 -9.27156 2.5
    endloop
  endfacet
  facet normal -0.898662 -0.438641 0
    outer loop
      vertex 29.4741 -7.74896 2.1
      vertex 28.7006 -6.16426 2.5
      vertex 28.7006 -6.16426 2.1
    endloop
  endfacet
  facet normal -0.898662 -0.438641 0
    outer loop
      vertex 28.7006 -6.16426 2.5
      vertex 29.4741 -7.74896 2.1
      vertex 29.4741 -7.74896 2.5
    endloop
  endfacet
  facet normal -0.926542 -0.376191 0
    outer loop
      vertex 28.7006 -6.16426 2.1
      vertex 28.0338 -4.52196 2.5
      vertex 28.0338 -4.52196 2.1
    endloop
  endfacet
  facet normal -0.926542 -0.376191 0
    outer loop
      vertex 28.0338 -4.52196 2.5
      vertex 28.7006 -6.16426 2.1
      vertex 28.7006 -6.16426 2.5
    endloop
  endfacet
  facet normal -0.95025 -0.311489 0
    outer loop
      vertex 28.0338 -4.52196 2.1
      vertex 27.478 -2.8264 2.5
      vertex 27.478 -2.8264 2.1
    endloop
  endfacet
  facet normal -0.95025 -0.311489 0
    outer loop
      vertex 27.478 -2.8264 2.5
      vertex 28.0338 -4.52196 2.1
      vertex 28.0338 -4.52196 2.5
    endloop
  endfacet
  facet normal -0.969625 -0.244598 0
    outer loop
      vertex 27.478 -2.8264 2.1
      vertex 27.038 -1.08217 2.5
      vertex 27.038 -1.08217 2.1
    endloop
  endfacet
  facet normal -0.969625 -0.244598 0
    outer loop
      vertex 27.038 -1.08217 2.5
      vertex 27.478 -2.8264 2.1
      vertex 27.478 -2.8264 2.5
    endloop
  endfacet
  facet normal -0.984375 -0.176087 0
    outer loop
      vertex 27.038 -1.08217 2.1
      vertex 26.7181 0.706161 2.5
      vertex 26.7181 0.706161 2.1
    endloop
  endfacet
  facet normal -0.984375 -0.176087 0
    outer loop
      vertex 26.7181 0.706161 2.5
      vertex 27.038 -1.08217 2.1
      vertex 27.038 -1.08217 2.5
    endloop
  endfacet
  facet normal -0.994347 -0.106175 0
    outer loop
      vertex 26.7181 0.706161 2.1
      vertex 26.5229 2.53424 2.5
      vertex 26.5229 2.53424 2.1
    endloop
  endfacet
  facet normal -0.994347 -0.106175 0
    outer loop
      vertex 26.5229 2.53424 2.5
      vertex 26.7181 0.706161 2.1
      vertex 26.7181 0.706161 2.5
    endloop
  endfacet
  facet normal -0.999371 -0.0354518 0
    outer loop
      vertex 26.5229 2.53424 2.1
      vertex 26.4568 4.39757 2.5
      vertex 26.4568 4.39757 2.1
    endloop
  endfacet
  facet normal -0.999371 -0.0354518 0
    outer loop
      vertex 26.4568 4.39757 2.5
      vertex 26.5229 2.53424 2.1
      vertex 26.5229 2.53424 2.5
    endloop
  endfacet
  facet normal -0.999568 0.0294004 0
    outer loop
      vertex 26.4568 4.39757 2.1
      vertex 26.5023 5.9445 2.5
      vertex 26.5023 5.9445 2.1
    endloop
  endfacet
  facet normal -0.999568 0.0294004 0
    outer loop
      vertex 26.5023 5.9445 2.5
      vertex 26.4568 4.39757 2.1
      vertex 26.4568 4.39757 2.5
    endloop
  endfacet
  facet normal -0.996107 0.0881528 0
    outer loop
      vertex 26.5023 5.9445 2.1
      vertex 26.6371 7.46771 2.5
      vertex 26.6371 7.46771 2.1
    endloop
  endfacet
  facet normal -0.996107 0.0881528 0
    outer loop
      vertex 26.6371 7.46771 2.5
      vertex 26.5023 5.9445 2.1
      vertex 26.5023 5.9445 2.5
    endloop
  endfacet
  facet normal -0.98922 0.146437 0
    outer loop
      vertex 26.6371 7.46771 2.1
      vertex 26.8587 8.96468 2.5
      vertex 26.8587 8.96468 2.1
    endloop
  endfacet
  facet normal -0.98922 0.146437 0
    outer loop
      vertex 26.8587 8.96468 2.5
      vertex 26.6371 7.46771 2.1
      vertex 26.6371 7.46771 2.5
    endloop
  endfacet
  facet normal -0.978991 0.203904 0
    outer loop
      vertex 26.8587 8.96468 2.1
      vertex 27.1645 10.4329 2.5
      vertex 27.1645 10.4329 2.1
    endloop
  endfacet
  facet normal -0.978991 0.203904 0
    outer loop
      vertex 27.1645 10.4329 2.5
      vertex 26.8587 8.96468 2.1
      vertex 26.8587 8.96468 2.5
    endloop
  endfacet
  facet normal -0.965515 0.260347 0
    outer loop
      vertex 27.1645 10.4329 2.1
      vertex 27.5519 11.8696 2.5
      vertex 27.5519 11.8696 2.1
    endloop
  endfacet
  facet normal -0.965515 0.260347 0
    outer loop
      vertex 27.5519 11.8696 2.5
      vertex 27.1645 10.4329 2.1
      vertex 27.1645 10.4329 2.5
    endloop
  endfacet
  facet normal -0.948933 0.315477 0
    outer loop
      vertex 27.5519 11.8696 2.1
      vertex 28.0183 13.2725 2.5
      vertex 28.0183 13.2725 2.1
    endloop
  endfacet
  facet normal -0.948933 0.315477 0
    outer loop
      vertex 28.0183 13.2725 2.5
      vertex 27.5519 11.8696 2.1
      vertex 27.5519 11.8696 2.5
    endloop
  endfacet
  facet normal -0.929333 0.369244 0
    outer loop
      vertex 28.0183 13.2725 2.1
      vertex 28.5612 14.6389 2.5
      vertex 28.5612 14.6389 2.1
    endloop
  endfacet
  facet normal -0.929333 0.369244 0
    outer loop
      vertex 28.5612 14.6389 2.5
      vertex 28.0183 13.2725 2.1
      vertex 28.0183 13.2725 2.5
    endloop
  endfacet
  facet normal -0.906891 0.421366 0
    outer loop
      vertex 28.5612 14.6389 2.1
      vertex 29.1779 15.9662 2.5
      vertex 29.1779 15.9662 2.1
    endloop
  endfacet
  facet normal -0.906891 0.421366 0
    outer loop
      vertex 29.1779 15.9662 2.5
      vertex 28.5612 14.6389 2.1
      vertex 28.5612 14.6389 2.5
    endloop
  endfacet
  facet normal -0.881686 0.471837 0
    outer loop
      vertex 29.1779 15.9662 2.1
      vertex 29.866 17.252 2.5
      vertex 29.866 17.252 2.1
    endloop
  endfacet
  facet normal -0.881686 0.471837 0
    outer loop
      vertex 29.866 17.252 2.5
      vertex 29.1779 15.9662 2.1
      vertex 29.1779 15.9662 2.5
    endloop
  endfacet
  facet normal -0.85388 0.52047 0
    outer loop
      vertex 29.866 17.252 2.1
      vertex 30.6228 18.4936 2.5
      vertex 30.6228 18.4936 2.1
    endloop
  endfacet
  facet normal -0.85388 0.52047 0
    outer loop
      vertex 30.6228 18.4936 2.5
      vertex 29.866 17.252 2.1
      vertex 29.866 17.252 2.5
    endloop
  endfacet
  facet normal -0.823611 0.567155 0
    outer loop
      vertex 30.6228 18.4936 2.1
      vertex 31.4457 19.6886 2.5
      vertex 31.4457 19.6886 2.1
    endloop
  endfacet
  facet normal -0.823611 0.567155 0
    outer loop
      vertex 31.4457 19.6886 2.5
      vertex 30.6228 18.4936 2.1
      vertex 30.6228 18.4936 2.5
    endloop
  endfacet
  facet normal -0.790914 0.611927 0
    outer loop
      vertex 31.4457 19.6886 2.1
      vertex 32.3322 20.8344 2.5
      vertex 32.3322 20.8344 2.1
    endloop
  endfacet
  facet normal -0.790914 0.611927 0
    outer loop
      vertex 32.3322 20.8344 2.5
      vertex 31.4457 19.6886 2.1
      vertex 31.4457 19.6886 2.5
    endloop
  endfacet
  facet normal -0.755935 0.654646 0
    outer loop
      vertex 32.3322 20.8344 2.1
      vertex 33.2797 21.9285 2.5
      vertex 33.2797 21.9285 2.1
    endloop
  endfacet
  facet normal -0.755935 0.654646 0
    outer loop
      vertex 33.2797 21.9285 2.5
      vertex 32.3322 20.8344 2.1
      vertex 32.3322 20.8344 2.5
    endloop
  endfacet
  facet normal -0.718624 0.695398 0
    outer loop
      vertex 33.2797 21.9285 2.1
      vertex 34.2857 22.9681 2.5
      vertex 34.2857 22.9681 2.1
    endloop
  endfacet
  facet normal -0.718624 0.695398 0
    outer loop
      vertex 34.2857 22.9681 2.5
      vertex 33.2797 21.9285 2.1
      vertex 33.2797 21.9285 2.5
    endloop
  endfacet
  facet normal -0.679278 0.733881 0
    outer loop
      vertex 35.3475 23.9509 2.1
      vertex 34.2857 22.9681 2.5
      vertex 35.3475 23.9509 2.5
    endloop
  endfacet
  facet normal -0.679278 0.733881 0
    outer loop
      vertex 34.2857 22.9681 2.5
      vertex 35.3475 23.9509 2.1
      vertex 34.2857 22.9681 2.1
    endloop
  endfacet
  facet normal -0.637763 0.770233 0
    outer loop
      vertex 36.4627 24.8743 2.1
      vertex 35.3475 23.9509 2.5
      vertex 36.4627 24.8743 2.5
    endloop
  endfacet
  facet normal -0.637763 0.770233 0
    outer loop
      vertex 35.3475 23.9509 2.5
      vertex 36.4627 24.8743 2.1
      vertex 35.3475 23.9509 2.1
    endloop
  endfacet
  facet normal -0.594267 0.804268 0
    outer loop
      vertex 37.6285 25.7357 2.1
      vertex 36.4627 24.8743 2.5
      vertex 37.6285 25.7357 2.5
    endloop
  endfacet
  facet normal -0.594267 0.804268 0
    outer loop
      vertex 36.4627 24.8743 2.5
      vertex 37.6285 25.7357 2.1
      vertex 36.4627 24.8743 2.1
    endloop
  endfacet
  facet normal -0.548759 0.835981 0
    outer loop
      vertex 38.8425 26.5326 2.1
      vertex 37.6285 25.7357 2.5
      vertex 38.8425 26.5326 2.5
    endloop
  endfacet
  facet normal -0.548759 0.835981 0
    outer loop
      vertex 37.6285 25.7357 2.5
      vertex 38.8425 26.5326 2.1
      vertex 37.6285 25.7357 2.1
    endloop
  endfacet
  facet normal -0.501353 0.865243 0
    outer loop
      vertex 40.102 27.2624 2.1
      vertex 38.8425 26.5326 2.5
      vertex 40.102 27.2624 2.5
    endloop
  endfacet
  facet normal -0.501353 0.865243 0
    outer loop
      vertex 38.8425 26.5326 2.5
      vertex 40.102 27.2624 2.1
      vertex 38.8425 26.5326 2.1
    endloop
  endfacet
  facet normal -0.452137 0.891949 0
    outer loop
      vertex 41.4046 27.9227 2.1
      vertex 40.102 27.2624 2.5
      vertex 41.4046 27.9227 2.5
    endloop
  endfacet
  facet normal -0.452137 0.891949 0
    outer loop
      vertex 40.102 27.2624 2.5
      vertex 41.4046 27.9227 2.1
      vertex 40.102 27.2624 2.1
    endloop
  endfacet
  facet normal 0.95014 0.311823 0
    outer loop
      vertex 50.2769 0.888351 2.5
      vertex 41.4046 27.9227 2.1
      vertex 41.4046 27.9227 2.5
    endloop
  endfacet
  facet normal 0.95014 0.311823 0
    outer loop
      vertex 41.4046 27.9227 2.1
      vertex 50.2769 0.888351 2.5
      vertex 50.2769 0.888351 2.1
    endloop
  endfacet
  facet normal -0.309887 0.950774 0
    outer loop
      vertex 56.6345 2.96049 2.1
      vertex 50.2769 0.888351 2.5
      vertex 56.6345 2.96049 2.5
    endloop
  endfacet
  facet normal -0.309887 0.950774 0
    outer loop
      vertex 50.2769 0.888351 2.5
      vertex 56.6345 2.96049 2.1
      vertex 50.2769 0.888351 2.1
    endloop
  endfacet
  facet normal -0.950653 -0.310257 0
    outer loop
      vertex 56.6345 2.96049 2.1
      vertex 47.8199 29.9691 2.5
      vertex 47.8199 29.9691 2.1
    endloop
  endfacet
  facet normal -0.950653 -0.310257 0
    outer loop
      vertex 47.8199 29.9691 2.5
      vertex 56.6345 2.96049 2.1
      vertex 56.6345 2.96049 2.5
    endloop
  endfacet
  facet normal -0.172963 0.984928 0
    outer loop
      vertex 48.0454 30.0087 2.1
      vertex 47.8199 29.9691 2.5
      vertex 48.0454 30.0087 2.5
    endloop
  endfacet
  facet normal -0.172963 0.984928 0
    outer loop
      vertex 47.8199 29.9691 2.5
      vertex 48.0454 30.0087 2.1
      vertex 47.8199 29.9691 2.1
    endloop
  endfacet
  facet normal -0.164399 0.986394 0
    outer loop
      vertex 48.2716 30.0464 2.1
      vertex 48.0454 30.0087 2.5
      vertex 48.2716 30.0464 2.5
    endloop
  endfacet
  facet normal -0.164399 0.986394 0
    outer loop
      vertex 48.0454 30.0087 2.5
      vertex 48.2716 30.0464 2.1
      vertex 48.0454 30.0087 2.1
    endloop
  endfacet
  facet normal -0.157125 0.987579 0
    outer loop
      vertex 48.4985 30.0825 2.1
      vertex 48.2716 30.0464 2.5
      vertex 48.4985 30.0825 2.5
    endloop
  endfacet
  facet normal -0.157125 0.987579 0
    outer loop
      vertex 48.2716 30.0464 2.5
      vertex 48.4985 30.0825 2.1
      vertex 48.2716 30.0464 2.1
    endloop
  endfacet
  facet normal -0.148298 0.988943 0
    outer loop
      vertex 48.7259 30.1166 2.1
      vertex 48.4985 30.0825 2.5
      vertex 48.7259 30.1166 2.5
    endloop
  endfacet
  facet normal -0.148298 0.988943 0
    outer loop
      vertex 48.4985 30.0825 2.5
      vertex 48.7259 30.1166 2.1
      vertex 48.4985 30.0825 2.1
    endloop
  endfacet
  facet normal -0.140146 0.990131 0
    outer loop
      vertex 48.9541 30.1489 2.1
      vertex 48.7259 30.1166 2.5
      vertex 48.9541 30.1489 2.5
    endloop
  endfacet
  facet normal -0.140146 0.990131 0
    outer loop
      vertex 48.7259 30.1166 2.5
      vertex 48.9541 30.1489 2.1
      vertex 48.7259 30.1166 2.1
    endloop
  endfacet
  facet normal -0.132135 0.991232 0
    outer loop
      vertex 49.1829 30.1794 2.1
      vertex 48.9541 30.1489 2.5
      vertex 49.1829 30.1794 2.5
    endloop
  endfacet
  facet normal -0.132135 0.991232 0
    outer loop
      vertex 48.9541 30.1489 2.5
      vertex 49.1829 30.1794 2.1
      vertex 48.9541 30.1489 2.1
    endloop
  endfacet
  facet normal -0.123662 0.992324 0
    outer loop
      vertex 49.4124 30.208 2.1
      vertex 49.1829 30.1794 2.5
      vertex 49.4124 30.208 2.5
    endloop
  endfacet
  facet normal -0.123662 0.992324 0
    outer loop
      vertex 49.1829 30.1794 2.5
      vertex 49.4124 30.208 2.1
      vertex 49.1829 30.1794 2.1
    endloop
  endfacet
  facet normal -0.11446 0.993428 0
    outer loop
      vertex 49.6424 30.2345 2.1
      vertex 49.4124 30.208 2.5
      vertex 49.6424 30.2345 2.5
    endloop
  endfacet
  facet normal -0.11446 0.993428 0
    outer loop
      vertex 49.4124 30.208 2.5
      vertex 49.6424 30.2345 2.1
      vertex 49.4124 30.208 2.1
    endloop
  endfacet
  facet normal -0.106411 0.994322 0
    outer loop
      vertex 49.8732 30.2592 2.1
      vertex 49.6424 30.2345 2.5
      vertex 49.8732 30.2592 2.5
    endloop
  endfacet
  facet normal -0.106411 0.994322 0
    outer loop
      vertex 49.6424 30.2345 2.5
      vertex 49.8732 30.2592 2.1
      vertex 49.6424 30.2345 2.1
    endloop
  endfacet
  facet normal -0.0972455 0.99526 0
    outer loop
      vertex 50.1045 30.2818 2.1
      vertex 49.8732 30.2592 2.5
      vertex 50.1045 30.2818 2.5
    endloop
  endfacet
  facet normal -0.0972455 0.99526 0
    outer loop
      vertex 49.8732 30.2592 2.5
      vertex 50.1045 30.2818 2.1
      vertex 49.8732 30.2592 2.1
    endloop
  endfacet
  facet normal -0.0888711 0.996043 0
    outer loop
      vertex 50.3365 30.3025 2.1
      vertex 50.1045 30.2818 2.5
      vertex 50.3365 30.3025 2.5
    endloop
  endfacet
  facet normal -0.0888711 0.996043 0
    outer loop
      vertex 50.1045 30.2818 2.5
      vertex 50.3365 30.3025 2.1
      vertex 50.1045 30.2818 2.1
    endloop
  endfacet
  facet normal -0.0796771 0.996821 0
    outer loop
      vertex 50.5692 30.3211 2.1
      vertex 50.3365 30.3025 2.5
      vertex 50.5692 30.3211 2.5
    endloop
  endfacet
  facet normal -0.0796771 0.996821 0
    outer loop
      vertex 50.3365 30.3025 2.5
      vertex 50.5692 30.3211 2.1
      vertex 50.3365 30.3025 2.1
    endloop
  endfacet
  facet normal -0.0705783 0.997506 0
    outer loop
      vertex 50.8024 30.3376 2.1
      vertex 50.5692 30.3211 2.5
      vertex 50.8024 30.3376 2.5
    endloop
  endfacet
  facet normal -0.0705783 0.997506 0
    outer loop
      vertex 50.5692 30.3211 2.5
      vertex 50.8024 30.3376 2.1
      vertex 50.5692 30.3211 2.1
    endloop
  endfacet
  facet normal -0.0615008 0.998107 0
    outer loop
      vertex 51.0361 30.352 2.1
      vertex 50.8024 30.3376 2.5
      vertex 51.0361 30.352 2.5
    endloop
  endfacet
  facet normal -0.0615008 0.998107 0
    outer loop
      vertex 50.8024 30.3376 2.5
      vertex 51.0361 30.352 2.1
      vertex 50.8024 30.3376 2.1
    endloop
  endfacet
  facet normal -0.0519553 0.998649 0
    outer loop
      vertex 51.2706 30.3642 2.1
      vertex 51.0361 30.352 2.5
      vertex 51.2706 30.3642 2.5
    endloop
  endfacet
  facet normal -0.0519553 0.998649 0
    outer loop
      vertex 51.0361 30.352 2.5
      vertex 51.2706 30.3642 2.1
      vertex 51.0361 30.352 2.1
    endloop
  endfacet
  facet normal -0.043345 0.99906 0
    outer loop
      vertex 51.5057 30.3744 2.1
      vertex 51.2706 30.3642 2.5
      vertex 51.5057 30.3744 2.5
    endloop
  endfacet
  facet normal -0.043345 0.99906 0
    outer loop
      vertex 51.2706 30.3642 2.5
      vertex 51.5057 30.3744 2.1
      vertex 51.2706 30.3642 2.1
    endloop
  endfacet
  facet normal -0.0330888 0.999452 0
    outer loop
      vertex 51.7413 30.3822 2.1
      vertex 51.5057 30.3744 2.5
      vertex 51.7413 30.3822 2.5
    endloop
  endfacet
  facet normal -0.0330888 0.999452 0
    outer loop
      vertex 51.5057 30.3744 2.5
      vertex 51.7413 30.3822 2.1
      vertex 51.5057 30.3744 2.1
    endloop
  endfacet
  facet normal -0.0241251 0.999709 0
    outer loop
      vertex 51.9775 30.3879 2.1
      vertex 51.7413 30.3822 2.5
      vertex 51.9775 30.3879 2.5
    endloop
  endfacet
  facet normal -0.0241251 0.999709 0
    outer loop
      vertex 51.7413 30.3822 2.5
      vertex 51.9775 30.3879 2.1
      vertex 51.7413 30.3822 2.1
    endloop
  endfacet
  facet normal -0.0147726 0.999891 0
    outer loop
      vertex 52.2144 30.3914 2.1
      vertex 51.9775 30.3879 2.5
      vertex 52.2144 30.3914 2.5
    endloop
  endfacet
  facet normal -0.0147726 0.999891 0
    outer loop
      vertex 51.9775 30.3879 2.5
      vertex 52.2144 30.3914 2.1
      vertex 51.9775 30.3879 2.1
    endloop
  endfacet
  facet normal -0.00463543 0.999989 0
    outer loop
      vertex 52.4517 30.3925 2.1
      vertex 52.2144 30.3914 2.5
      vertex 52.4517 30.3925 2.5
    endloop
  endfacet
  facet normal -0.00463543 0.999989 0
    outer loop
      vertex 52.2144 30.3914 2.5
      vertex 52.4517 30.3925 2.1
      vertex 52.2144 30.3914 2.1
    endloop
  endfacet
  facet normal 0.0405079 0.999179 -0
    outer loop
      vertex 54.5804 30.3062 2.1
      vertex 52.4517 30.3925 2.5
      vertex 54.5804 30.3062 2.5
    endloop
  endfacet
  facet normal 0.0405079 0.999179 0
    outer loop
      vertex 52.4517 30.3925 2.5
      vertex 54.5804 30.3062 2.1
      vertex 52.4517 30.3925 2.1
    endloop
  endfacet
  facet normal 0.121394 0.992604 -0
    outer loop
      vertex 56.6622 30.0516 2.1
      vertex 54.5804 30.3062 2.5
      vertex 56.6622 30.0516 2.5
    endloop
  endfacet
  facet normal 0.121394 0.992604 0
    outer loop
      vertex 54.5804 30.3062 2.5
      vertex 56.6622 30.0516 2.1
      vertex 54.5804 30.3062 2.1
    endloop
  endfacet
  facet normal 0.200906 0.979611 -0
    outer loop
      vertex 58.6906 29.6356 2.1
      vertex 56.6622 30.0516 2.5
      vertex 58.6906 29.6356 2.5
    endloop
  endfacet
  facet normal 0.200906 0.979611 0
    outer loop
      vertex 56.6622 30.0516 2.5
      vertex 58.6906 29.6356 2.1
      vertex 56.6622 30.0516 2.1
    endloop
  endfacet
  facet normal 0.278515 0.960432 -0
    outer loop
      vertex 60.6586 29.0649 2.1
      vertex 58.6906 29.6356 2.5
      vertex 60.6586 29.0649 2.5
    endloop
  endfacet
  facet normal 0.278515 0.960432 0
    outer loop
      vertex 58.6906 29.6356 2.5
      vertex 60.6586 29.0649 2.1
      vertex 58.6906 29.6356 2.1
    endloop
  endfacet
  facet normal 0.353619 0.93539 -0
    outer loop
      vertex 62.5597 28.3462 2.1
      vertex 60.6586 29.0649 2.5
      vertex 62.5597 28.3462 2.5
    endloop
  endfacet
  facet normal 0.353619 0.93539 0
    outer loop
      vertex 60.6586 29.0649 2.5
      vertex 62.5597 28.3462 2.1
      vertex 60.6586 29.0649 2.1
    endloop
  endfacet
  facet normal 0.425795 0.90482 -0
    outer loop
      vertex 64.387 27.4863 2.1
      vertex 62.5597 28.3462 2.5
      vertex 64.387 27.4863 2.5
    endloop
  endfacet
  facet normal 0.425795 0.90482 0
    outer loop
      vertex 62.5597 28.3462 2.5
      vertex 64.387 27.4863 2.1
      vertex 62.5597 28.3462 2.1
    endloop
  endfacet
  facet normal 0.494686 0.869072 -0
    outer loop
      vertex 66.1338 26.492 2.1
      vertex 64.387 27.4863 2.5
      vertex 66.1338 26.492 2.5
    endloop
  endfacet
  facet normal 0.494686 0.869072 0
    outer loop
      vertex 64.387 27.4863 2.5
      vertex 66.1338 26.492 2.1
      vertex 64.387 27.4863 2.1
    endloop
  endfacet
  facet normal 0.560114 0.828416 -0
    outer loop
      vertex 67.7934 25.3699 2.1
      vertex 66.1338 26.492 2.5
      vertex 67.7934 25.3699 2.5
    endloop
  endfacet
  facet normal 0.560114 0.828416 0
    outer loop
      vertex 66.1338 26.492 2.5
      vertex 67.7934 25.3699 2.1
      vertex 66.1338 26.492 2.1
    endloop
  endfacet
  facet normal 0.621854 0.783133 -0
    outer loop
      vertex 69.3589 24.1268 2.1
      vertex 67.7934 25.3699 2.5
      vertex 69.3589 24.1268 2.5
    endloop
  endfacet
  facet normal 0.621854 0.783133 0
    outer loop
      vertex 67.7934 25.3699 2.5
      vertex 69.3589 24.1268 2.1
      vertex 67.7934 25.3699 2.1
    endloop
  endfacet
  facet normal 0.679679 0.73351 -0
    outer loop
      vertex 70.8237 22.7695 2.1
      vertex 69.3589 24.1268 2.5
      vertex 70.8237 22.7695 2.5
    endloop
  endfacet
  facet normal 0.679679 0.73351 0
    outer loop
      vertex 69.3589 24.1268 2.5
      vertex 70.8237 22.7695 2.1
      vertex 69.3589 24.1268 2.1
    endloop
  endfacet
  facet normal 0.733535 0.679652 0
    outer loop
      vertex 72.1809 21.3047 2.5
      vertex 70.8237 22.7695 2.1
      vertex 70.8237 22.7695 2.5
    endloop
  endfacet
  facet normal 0.733535 0.679652 0
    outer loop
      vertex 70.8237 22.7695 2.1
      vertex 72.1809 21.3047 2.5
      vertex 72.1809 21.3047 2.1
    endloop
  endfacet
  facet normal 0.783128 0.62186 0
    outer loop
      vertex 73.4241 19.7391 2.5
      vertex 72.1809 21.3047 2.1
      vertex 72.1809 21.3047 2.5
    endloop
  endfacet
  facet normal 0.783128 0.62186 0
    outer loop
      vertex 72.1809 21.3047 2.1
      vertex 73.4241 19.7391 2.5
      vertex 73.4241 19.7391 2.1
    endloop
  endfacet
  facet normal 0.828423 0.560103 0
    outer loop
      vertex 74.5461 18.0796 2.5
      vertex 73.4241 19.7391 2.1
      vertex 73.4241 19.7391 2.5
    endloop
  endfacet
  facet normal 0.828423 0.560103 0
    outer loop
      vertex 73.4241 19.7391 2.1
      vertex 74.5461 18.0796 2.5
      vertex 74.5461 18.0796 2.1
    endloop
  endfacet
  facet normal 0.86905 0.494724 0
    outer loop
      vertex 75.5405 16.3328 2.5
      vertex 74.5461 18.0796 2.1
      vertex 74.5461 18.0796 2.5
    endloop
  endfacet
  facet normal 0.86905 0.494724 0
    outer loop
      vertex 74.5461 18.0796 2.1
      vertex 75.5405 16.3328 2.5
      vertex 75.5405 16.3328 2.1
    endloop
  endfacet
  facet normal 0.90482 0.425795 0
    outer loop
      vertex 76.4004 14.5055 2.5
      vertex 75.5405 16.3328 2.1
      vertex 75.5405 16.3328 2.5
    endloop
  endfacet
  facet normal 0.90482 0.425795 0
    outer loop
      vertex 75.5405 16.3328 2.1
      vertex 76.4004 14.5055 2.5
      vertex 76.4004 14.5055 2.1
    endloop
  endfacet
  facet normal 0.93539 0.353619 0
    outer loop
      vertex 77.1191 12.6044 2.5
      vertex 76.4004 14.5055 2.1
      vertex 76.4004 14.5055 2.5
    endloop
  endfacet
  facet normal 0.93539 0.353619 0
    outer loop
      vertex 76.4004 14.5055 2.1
      vertex 77.1191 12.6044 2.5
      vertex 77.1191 12.6044 2.1
    endloop
  endfacet
  facet normal 0.960432 0.278515 0
    outer loop
      vertex 77.6898 10.6364 2.5
      vertex 77.1191 12.6044 2.1
      vertex 77.1191 12.6044 2.5
    endloop
  endfacet
  facet normal 0.960432 0.278515 0
    outer loop
      vertex 77.1191 12.6044 2.1
      vertex 77.6898 10.6364 2.5
      vertex 77.6898 10.6364 2.1
    endloop
  endfacet
  facet normal 0.979609 0.200914 0
    outer loop
      vertex 78.1058 8.60808 2.5
      vertex 77.6898 10.6364 2.1
      vertex 77.6898 10.6364 2.5
    endloop
  endfacet
  facet normal 0.979609 0.200914 0
    outer loop
      vertex 77.6898 10.6364 2.1
      vertex 78.1058 8.60808 2.5
      vertex 78.1058 8.60808 2.1
    endloop
  endfacet
  facet normal 0.992605 0.121387 0
    outer loop
      vertex 78.3604 6.52617 2.5
      vertex 78.1058 8.60808 2.1
      vertex 78.1058 8.60808 2.5
    endloop
  endfacet
  facet normal 0.992605 0.121387 0
    outer loop
      vertex 78.1058 8.60808 2.1
      vertex 78.3604 6.52617 2.5
      vertex 78.3604 6.52617 2.1
    endloop
  endfacet
  facet normal 0.999179 0.0405098 0
    outer loop
      vertex 78.4467 4.39757 2.5
      vertex 78.3604 6.52617 2.1
      vertex 78.3604 6.52617 2.5
    endloop
  endfacet
  facet normal 0.999179 0.0405098 0
    outer loop
      vertex 78.3604 6.52617 2.1
      vertex 78.4467 4.39757 2.5
      vertex 78.4467 4.39757 2.1
    endloop
  endfacet
  facet normal 0.999371 -0.0354518 0
    outer loop
      vertex 78.3806 2.53424 2.5
      vertex 78.4467 4.39757 2.1
      vertex 78.4467 4.39757 2.5
    endloop
  endfacet
  facet normal 0.999371 -0.0354518 0
    outer loop
      vertex 78.4467 4.39757 2.1
      vertex 78.3806 2.53424 2.5
      vertex 78.3806 2.53424 2.1
    endloop
  endfacet
  facet normal 0.994343 -0.10622 0
    outer loop
      vertex 78.1853 0.706009 2.5
      vertex 78.3806 2.53424 2.1
      vertex 78.3806 2.53424 2.5
    endloop
  endfacet
  facet normal 0.994343 -0.10622 0
    outer loop
      vertex 78.3806 2.53424 2.1
      vertex 78.1853 0.706009 2.5
      vertex 78.1853 0.706009 2.1
    endloop
  endfacet
  facet normal 0.984379 -0.176065 0
    outer loop
      vertex 77.8654 -1.08255 2.5
      vertex 78.1853 0.706009 2.1
      vertex 78.1853 0.706009 2.5
    endloop
  endfacet
  facet normal 0.984379 -0.176065 0
    outer loop
      vertex 78.1853 0.706009 2.1
      vertex 77.8654 -1.08255 2.5
      vertex 77.8654 -1.08255 2.1
    endloop
  endfacet
  facet normal 0.969632 -0.244567 0
    outer loop
      vertex 77.4254 -2.82701 2.5
      vertex 77.8654 -1.08255 2.1
      vertex 77.8654 -1.08255 2.5
    endloop
  endfacet
  facet normal 0.969632 -0.244567 0
    outer loop
      vertex 77.8654 -1.08255 2.1
      vertex 77.4254 -2.82701 2.5
      vertex 77.4254 -2.82701 2.1
    endloop
  endfacet
  facet normal 0.950283 -0.311389 0
    outer loop
      vertex 76.8697 -4.52287 2.5
      vertex 77.4254 -2.82701 2.1
      vertex 77.4254 -2.82701 2.5
    endloop
  endfacet
  facet normal 0.950283 -0.311389 0
    outer loop
      vertex 77.4254 -2.82701 2.1
      vertex 76.8697 -4.52287 2.5
      vertex 76.8697 -4.52287 2.1
    endloop
  endfacet
  facet normal 0.926567 -0.37613 0
    outer loop
      vertex 76.2029 -6.16548 2.5
      vertex 76.8697 -4.52287 2.1
      vertex 76.8697 -4.52287 2.5
    endloop
  endfacet
  facet normal 0.926567 -0.37613 0
    outer loop
      vertex 76.8697 -4.52287 2.1
      vertex 76.2029 -6.16548 2.5
      vertex 76.2029 -6.16548 2.1
    endloop
  endfacet
  facet normal 0.898696 -0.438572 0
    outer loop
      vertex 75.4294 -7.75049 2.5
      vertex 76.2029 -6.16548 2.1
      vertex 76.2029 -6.16548 2.5
    endloop
  endfacet
  facet normal 0.898696 -0.438572 0
    outer loop
      vertex 76.2029 -6.16548 2.1
      vertex 75.4294 -7.75049 2.5
      vertex 75.4294 -7.75049 2.1
    endloop
  endfacet
  facet normal 0.866923 -0.498442 0
    outer loop
      vertex 74.5538 -9.27339 2.5
      vertex 75.4294 -7.75049 2.1
      vertex 75.4294 -7.75049 2.5
    endloop
  endfacet
  facet normal 0.866923 -0.498442 0
    outer loop
      vertex 75.4294 -7.75049 2.1
      vertex 74.5538 -9.27339 2.5
      vertex 74.5538 -9.27339 2.1
    endloop
  endfacet
  facet normal 0.831393 -0.555685 0
    outer loop
      vertex 73.5805 -10.7296 2.5
      vertex 74.5538 -9.27339 2.1
      vertex 74.5538 -9.27339 2.5
    endloop
  endfacet
  facet normal 0.831393 -0.555685 0
    outer loop
      vertex 74.5538 -9.27339 2.1
      vertex 73.5805 -10.7296 2.5
      vertex 73.5805 -10.7296 2.1
    endloop
  endfacet
  facet normal 0.792364 -0.610048 0
    outer loop
      vertex 72.5141 -12.1147 2.5
      vertex 73.5805 -10.7296 2.1
      vertex 73.5805 -10.7296 2.5
    endloop
  endfacet
  facet normal 0.792364 -0.610048 0
    outer loop
      vertex 73.5805 -10.7296 2.1
      vertex 72.5141 -12.1147 2.5
      vertex 72.5141 -12.1147 2.1
    endloop
  endfacet
  facet normal 0.749913 -0.661536 0
    outer loop
      vertex 71.3591 -13.424 2.5
      vertex 72.5141 -12.1147 2.1
      vertex 72.5141 -12.1147 2.5
    endloop
  endfacet
  facet normal 0.749913 -0.661536 0
    outer loop
      vertex 72.5141 -12.1147 2.1
      vertex 71.3591 -13.424 2.5
      vertex 71.3591 -13.424 2.1
    endloop
  endfacet
  facet normal 0.704207 -0.709994 0
    outer loop
      vertex 70.1199 -14.6531 2.1
      vertex 71.3591 -13.424 2.5
      vertex 70.1199 -14.6531 2.5
    endloop
  endfacet
  facet normal 0.704207 -0.709994 0
    outer loop
      vertex 71.3591 -13.424 2.5
      vertex 70.1199 -14.6531 2.1
      vertex 71.3591 -13.424 2.1
    endloop
  endfacet
  facet normal 0.655462 -0.755228 0
    outer loop
      vertex 68.8012 -15.7976 2.1
      vertex 70.1199 -14.6531 2.5
      vertex 68.8012 -15.7976 2.5
    endloop
  endfacet
  facet normal 0.655462 -0.755228 0
    outer loop
      vertex 70.1199 -14.6531 2.5
      vertex 68.8012 -15.7976 2.1
      vertex 70.1199 -14.6531 2.1
    endloop
  endfacet
  facet normal 0.603572 -0.797308 0
    outer loop
      vertex 67.4073 -16.8528 2.1
      vertex 68.8012 -15.7976 2.5
      vertex 67.4073 -16.8528 2.5
    endloop
  endfacet
  facet normal 0.603572 -0.797308 0
    outer loop
      vertex 68.8012 -15.7976 2.5
      vertex 67.4073 -16.8528 2.1
      vertex 68.8012 -15.7976 2.1
    endloop
  endfacet
  facet normal 0.548825 -0.835937 0
    outer loop
      vertex 65.9428 -17.8143 2.1
      vertex 67.4073 -16.8528 2.5
      vertex 65.9428 -17.8143 2.5
    endloop
  endfacet
  facet normal 0.548825 -0.835937 0
    outer loop
      vertex 67.4073 -16.8528 2.5
      vertex 65.9428 -17.8143 2.1
      vertex 67.4073 -16.8528 2.1
    endloop
  endfacet
  facet normal 0.491315 -0.870982 0
    outer loop
      vertex 64.4122 -18.6777 2.1
      vertex 65.9428 -17.8143 2.5
      vertex 64.4122 -18.6777 2.5
    endloop
  endfacet
  facet normal 0.491315 -0.870982 0
    outer loop
      vertex 65.9428 -17.8143 2.5
      vertex 64.4122 -18.6777 2.1
      vertex 65.9428 -17.8143 2.1
    endloop
  endfacet
  facet normal 0.431046 -0.90233 0
    outer loop
      vertex 62.82 -19.4383 2.1
      vertex 64.4122 -18.6777 2.5
      vertex 62.82 -19.4383 2.5
    endloop
  endfacet
  facet normal 0.431046 -0.90233 0
    outer loop
      vertex 64.4122 -18.6777 2.5
      vertex 62.82 -19.4383 2.1
      vertex 64.4122 -18.6777 2.1
    endloop
  endfacet
  facet normal 0.368269 -0.929719 0
    outer loop
      vertex 61.1707 -20.0916 2.1
      vertex 62.82 -19.4383 2.5
      vertex 61.1707 -20.0916 2.5
    endloop
  endfacet
  facet normal 0.368269 -0.929719 0
    outer loop
      vertex 62.82 -19.4383 2.5
      vertex 61.1707 -20.0916 2.1
      vertex 62.82 -19.4383 2.1
    endloop
  endfacet
  facet normal 0.303197 -0.952928 0
    outer loop
      vertex 59.4688 -20.6331 2.1
      vertex 61.1707 -20.0916 2.5
      vertex 59.4688 -20.6331 2.5
    endloop
  endfacet
  facet normal 0.303197 -0.952928 0
    outer loop
      vertex 61.1707 -20.0916 2.5
      vertex 59.4688 -20.6331 2.1
      vertex 61.1707 -20.0916 2.1
    endloop
  endfacet
  facet normal 0.236142 -0.971719 0
    outer loop
      vertex 57.7187 -21.0584 2.1
      vertex 59.4688 -20.6331 2.5
      vertex 57.7187 -21.0584 2.5
    endloop
  endfacet
  facet normal 0.236142 -0.971719 0
    outer loop
      vertex 59.4688 -20.6331 2.5
      vertex 57.7187 -21.0584 2.1
      vertex 59.4688 -20.6331 2.1
    endloop
  endfacet
  facet normal 0 -1 0
    outer loop
      vertex 47.1848 -21.0584 2.1
      vertex 57.7187 -21.0584 2.5
      vertex 47.1848 -21.0584 2.5
    endloop
  endfacet
  facet normal 0 -1 -0
    outer loop
      vertex 57.7187 -21.0584 2.5
      vertex 47.1848 -21.0584 2.1
      vertex 57.7187 -21.0584 2.1
    endloop
  endfacet
  facet normal -0.121327 -0.992613 0
    outer loop
      vertex -56.7513 -21.3071 2.1
      vertex -54.6667 -21.5619 2.5
      vertex -56.7513 -21.3071 2.5
    endloop
  endfacet
  facet normal -0.121327 -0.992613 -0
    outer loop
      vertex -54.6667 -21.5619 2.5
      vertex -56.7513 -21.3071 2.1
      vertex -54.6667 -21.5619 2.1
    endloop
  endfacet
  facet normal -0.2009 -0.979612 0
    outer loop
      vertex -58.7822 -20.8906 2.1
      vertex -56.7513 -21.3071 2.5
      vertex -58.7822 -20.8906 2.5
    endloop
  endfacet
  facet normal -0.2009 -0.979612 -0
    outer loop
      vertex -56.7513 -21.3071 2.5
      vertex -58.7822 -20.8906 2.1
      vertex -56.7513 -21.3071 2.1
    endloop
  endfacet
  facet normal -0.278491 -0.960439 0
    outer loop
      vertex -60.7528 -20.3192 2.1
      vertex -58.7822 -20.8906 2.5
      vertex -60.7528 -20.3192 2.5
    endloop
  endfacet
  facet normal -0.278491 -0.960439 -0
    outer loop
      vertex -58.7822 -20.8906 2.5
      vertex -60.7528 -20.3192 2.1
      vertex -58.7822 -20.8906 2.1
    endloop
  endfacet
  facet normal -0.353546 -0.935417 0
    outer loop
      vertex -62.6562 -19.5998 2.1
      vertex -60.7528 -20.3192 2.5
      vertex -62.6562 -19.5998 2.5
    endloop
  endfacet
  facet normal -0.353546 -0.935417 -0
    outer loop
      vertex -60.7528 -20.3192 2.5
      vertex -62.6562 -19.5998 2.1
      vertex -60.7528 -20.3192 2.1
    endloop
  endfacet
  facet normal -0.425742 -0.904844 0
    outer loop
      vertex -64.4859 -18.7389 2.1
      vertex -62.6562 -19.5998 2.5
      vertex -64.4859 -18.7389 2.5
    endloop
  endfacet
  facet normal -0.425742 -0.904844 -0
    outer loop
      vertex -62.6562 -19.5998 2.5
      vertex -64.4859 -18.7389 2.1
      vertex -62.6562 -19.5998 2.1
    endloop
  endfacet
  facet normal -0.494726 -0.869049 0
    outer loop
      vertex -66.2348 -17.7433 2.1
      vertex -64.4859 -18.7389 2.5
      vertex -66.2348 -17.7433 2.5
    endloop
  endfacet
  facet normal -0.494726 -0.869049 -0
    outer loop
      vertex -64.4859 -18.7389 2.5
      vertex -66.2348 -17.7433 2.1
      vertex -64.4859 -18.7389 2.1
    endloop
  endfacet
  facet normal -0.560085 -0.828435 0
    outer loop
      vertex -67.8963 -16.62 2.1
      vertex -66.2348 -17.7433 2.5
      vertex -67.8963 -16.62 2.5
    endloop
  endfacet
  facet normal -0.560085 -0.828435 -0
    outer loop
      vertex -66.2348 -17.7433 2.5
      vertex -67.8963 -16.62 2.1
      vertex -66.2348 -17.7433 2.1
    endloop
  endfacet
  facet normal -0.621827 -0.783154 0
    outer loop
      vertex -69.4638 -15.3754 2.1
      vertex -67.8963 -16.62 2.5
      vertex -69.4638 -15.3754 2.5
    endloop
  endfacet
  facet normal -0.621827 -0.783154 -0
    outer loop
      vertex -67.8963 -16.62 2.5
      vertex -69.4638 -15.3754 2.1
      vertex -67.8963 -16.62 2.1
    endloop
  endfacet
  facet normal -0.67966 -0.733527 0
    outer loop
      vertex -70.9304 -14.0165 2.1
      vertex -69.4638 -15.3754 2.5
      vertex -70.9304 -14.0165 2.5
    endloop
  endfacet
  facet normal -0.67966 -0.733527 -0
    outer loop
      vertex -69.4638 -15.3754 2.5
      vertex -70.9304 -14.0165 2.1
      vertex -69.4638 -15.3754 2.1
    endloop
  endfacet
  facet normal -0.733527 -0.67966 0
    outer loop
      vertex -70.9304 -14.0165 2.1
      vertex -72.2893 -12.5499 2.5
      vertex -72.2893 -12.5499 2.1
    endloop
  endfacet
  facet normal -0.733527 -0.67966 0
    outer loop
      vertex -72.2893 -12.5499 2.5
      vertex -70.9304 -14.0165 2.1
      vertex -70.9304 -14.0165 2.5
    endloop
  endfacet
  facet normal -0.783135 -0.621852 0
    outer loop
      vertex -72.2893 -12.5499 2.1
      vertex -73.5339 -10.9825 2.5
      vertex -73.5339 -10.9825 2.1
    endloop
  endfacet
  facet normal -0.783135 -0.621852 0
    outer loop
      vertex -73.5339 -10.9825 2.5
      vertex -72.2893 -12.5499 2.1
      vertex -72.2893 -12.5499 2.5
    endloop
  endfacet
  facet normal -0.828448 -0.560066 0
    outer loop
      vertex -73.5339 -10.9825 2.1
      vertex -74.6572 -9.32092 2.5
      vertex -74.6572 -9.32092 2.1
    endloop
  endfacet
  facet normal -0.828448 -0.560066 0
    outer loop
      vertex -74.6572 -9.32092 2.5
      vertex -73.5339 -10.9825 2.1
      vertex -73.5339 -10.9825 2.5
    endloop
  endfacet
  facet normal -0.869057 -0.494713 0
    outer loop
      vertex -74.6572 -9.32092 2.1
      vertex -75.6528 -7.57196 2.5
      vertex -75.6528 -7.57196 2.1
    endloop
  endfacet
  facet normal -0.869057 -0.494713 0
    outer loop
      vertex -75.6528 -7.57196 2.5
      vertex -74.6572 -9.32092 2.1
      vertex -74.6572 -9.32092 2.5
    endloop
  endfacet
  facet normal -0.904822 -0.42579 0
    outer loop
      vertex -75.6528 -7.57196 2.1
      vertex -76.5137 -5.74251 2.5
      vertex -76.5137 -5.74251 2.1
    endloop
  endfacet
  facet normal -0.904822 -0.42579 0
    outer loop
      vertex -76.5137 -5.74251 2.5
      vertex -75.6528 -7.57196 2.1
      vertex -75.6528 -7.57196 2.5
    endloop
  endfacet
  facet normal -0.935421 -0.353536 0
    outer loop
      vertex -76.5137 -5.74251 2.1
      vertex -77.2331 -3.83905 2.5
      vertex -77.2331 -3.83905 2.1
    endloop
  endfacet
  facet normal -0.935421 -0.353536 0
    outer loop
      vertex -77.2331 -3.83905 2.5
      vertex -76.5137 -5.74251 2.1
      vertex -76.5137 -5.74251 2.5
    endloop
  endfacet
  facet normal -0.960439 -0.278491 0
    outer loop
      vertex -77.2331 -3.83905 2.1
      vertex -77.8045 -1.86845 2.5
      vertex -77.8045 -1.86845 2.1
    endloop
  endfacet
  facet normal -0.960439 -0.278491 0
    outer loop
      vertex -77.8045 -1.86845 2.5
      vertex -77.2331 -3.83905 2.1
      vertex -77.2331 -3.83905 2.5
    endloop
  endfacet
  facet normal -0.979614 -0.200889 0
    outer loop
      vertex -77.8045 -1.86845 2.1
      vertex -78.221 0.162567 2.5
      vertex -78.221 0.162567 2.1
    endloop
  endfacet
  facet normal -0.979614 -0.200889 0
    outer loop
      vertex -78.221 0.162567 2.5
      vertex -77.8045 -1.86845 2.1
      vertex -77.8045 -1.86845 2.5
    endloop
  endfacet
  facet normal -0.992613 -0.121328 0
    outer loop
      vertex -78.221 0.162567 2.1
      vertex -78.4758 2.24715 2.5
      vertex -78.4758 2.24715 2.1
    endloop
  endfacet
  facet normal -0.992613 -0.121328 0
    outer loop
      vertex -78.4758 2.24715 2.5
      vertex -78.221 0.162567 2.1
      vertex -78.221 0.162567 2.5
    endloop
  endfacet
  facet normal -0.999179 -0.0405031 0
    outer loop
      vertex -78.4758 2.24715 2.1
      vertex -78.5622 4.37857 2.5
      vertex -78.5622 4.37857 2.1
    endloop
  endfacet
  facet normal -0.999179 -0.0405031 0
    outer loop
      vertex -78.5622 4.37857 2.5
      vertex -78.4758 2.24715 2.1
      vertex -78.4758 2.24715 2.5
    endloop
  endfacet
  facet normal 0.0234311 0.999725 -0
    outer loop
      vertex -78.5558 4.37842 2.1
      vertex -78.5622 4.37857 2.5
      vertex -78.5558 4.37842 2.5
    endloop
  endfacet
  facet normal 0.0234311 0.999725 0
    outer loop
      vertex -78.5622 4.37857 2.5
      vertex -78.5558 4.37842 2.1
      vertex -78.5622 4.37857 2.1
    endloop
  endfacet
  facet normal -0.999798 0.0201047 0
    outer loop
      vertex -78.5558 4.37842 2.1
      vertex -78.5349 5.41777 2.5
      vertex -78.5349 5.41777 2.1
    endloop
  endfacet
  facet normal -0.999798 0.0201047 0
    outer loop
      vertex -78.5349 5.41777 2.5
      vertex -78.5558 4.37842 2.1
      vertex -78.5558 4.37842 2.5
    endloop
  endfacet
  facet normal -0.99818 0.0603002 0
    outer loop
      vertex -78.5349 5.41777 2.1
      vertex -78.4725 6.45071 2.5
      vertex -78.4725 6.45071 2.1
    endloop
  endfacet
  facet normal -0.99818 0.0603002 0
    outer loop
      vertex -78.4725 6.45071 2.5
      vertex -78.5349 5.41777 2.1
      vertex -78.5349 5.41777 2.5
    endloop
  endfacet
  facet normal -0.994985 0.10002 0
    outer loop
      vertex -78.4725 6.45071 2.1
      vertex -78.3694 7.47633 2.5
      vertex -78.3694 7.47633 2.1
    endloop
  endfacet
  facet normal -0.994985 0.10002 0
    outer loop
      vertex -78.3694 7.47633 2.5
      vertex -78.4725 6.45071 2.1
      vertex -78.4725 6.45071 2.5
    endloop
  endfacet
  facet normal -0.990191 0.139717 0
    outer loop
      vertex -78.3694 7.47633 2.1
      vertex -78.2259 8.49333 2.5
      vertex -78.2259 8.49333 2.1
    endloop
  endfacet
  facet normal -0.990191 0.139717 0
    outer loop
      vertex -78.2259 8.49333 2.5
      vertex -78.3694 7.47633 2.1
      vertex -78.3694 7.47633 2.5
    endloop
  endfacet
  facet normal -0.98392 0.178612 0
    outer loop
      vertex -78.2259 8.49333 2.1
      vertex -78.043 9.50087 2.5
      vertex -78.043 9.50087 2.1
    endloop
  endfacet
  facet normal -0.98392 0.178612 0
    outer loop
      vertex -78.043 9.50087 2.5
      vertex -78.2259 8.49333 2.1
      vertex -78.2259 8.49333 2.5
    endloop
  endfacet
  facet normal -0.976087 0.21738 0
    outer loop
      vertex -78.043 9.50087 2.1
      vertex -77.821 10.4977 2.5
      vertex -77.821 10.4977 2.1
    endloop
  endfacet
  facet normal -0.976087 0.21738 0
    outer loop
      vertex -77.821 10.4977 2.5
      vertex -78.043 9.50087 2.1
      vertex -78.043 9.50087 2.5
    endloop
  endfacet
  facet normal -0.966824 0.255445 0
    outer loop
      vertex -77.821 10.4977 2.1
      vertex -77.5607 11.4829 2.5
      vertex -77.5607 11.4829 2.1
    endloop
  endfacet
  facet normal -0.966824 0.255445 0
    outer loop
      vertex -77.5607 11.4829 2.5
      vertex -77.821 10.4977 2.1
      vertex -77.821 10.4977 2.5
    endloop
  endfacet
  facet normal -0.95611 0.293008 0
    outer loop
      vertex -77.5607 11.4829 2.1
      vertex -77.2627 12.4553 2.5
      vertex -77.2627 12.4553 2.1
    endloop
  endfacet
  facet normal -0.95611 0.293008 0
    outer loop
      vertex -77.2627 12.4553 2.5
      vertex -77.5607 11.4829 2.1
      vertex -77.5607 11.4829 2.5
    endloop
  endfacet
  facet normal -0.943943 0.330109 0
    outer loop
      vertex -77.2627 12.4553 2.1
      vertex -76.9275 13.4138 2.5
      vertex -76.9275 13.4138 2.1
    endloop
  endfacet
  facet normal -0.943943 0.330109 0
    outer loop
      vertex -76.9275 13.4138 2.5
      vertex -77.2627 12.4553 2.1
      vertex -77.2627 12.4553 2.5
    endloop
  endfacet
  facet normal -0.930462 0.366387 0
    outer loop
      vertex -76.9275 13.4138 2.1
      vertex -76.5559 14.3575 2.5
      vertex -76.5559 14.3575 2.1
    endloop
  endfacet
  facet normal -0.930462 0.366387 0
    outer loop
      vertex -76.5559 14.3575 2.5
      vertex -76.9275 13.4138 2.1
      vertex -76.9275 13.4138 2.5
    endloop
  endfacet
  facet normal -0.915492 0.402335 0
    outer loop
      vertex -76.5559 14.3575 2.1
      vertex -76.1482 15.2852 2.5
      vertex -76.1482 15.2852 2.1
    endloop
  endfacet
  facet normal -0.915492 0.402335 0
    outer loop
      vertex -76.1482 15.2852 2.5
      vertex -76.5559 14.3575 2.1
      vertex -76.5559 14.3575 2.5
    endloop
  endfacet
  facet normal -0.899311 0.43731 0
    outer loop
      vertex -76.1482 15.2852 2.1
      vertex -75.7054 16.1958 2.5
      vertex -75.7054 16.1958 2.1
    endloop
  endfacet
  facet normal -0.899311 0.43731 0
    outer loop
      vertex -75.7054 16.1958 2.5
      vertex -76.1482 15.2852 2.1
      vertex -76.1482 15.2852 2.5
    endloop
  endfacet
  facet normal -0.881737 0.471742 0
    outer loop
      vertex -75.7054 16.1958 2.1
      vertex -75.2279 17.0883 2.5
      vertex -75.2279 17.0883 2.1
    endloop
  endfacet
  facet normal -0.881737 0.471742 0
    outer loop
      vertex -75.2279 17.0883 2.5
      vertex -75.7054 16.1958 2.1
      vertex -75.7054 16.1958 2.5
    endloop
  endfacet
  facet normal -0.862842 0.505474 0
    outer loop
      vertex -75.2279 17.0883 2.1
      vertex -74.7163 17.9616 2.5
      vertex -74.7163 17.9616 2.1
    endloop
  endfacet
  facet normal -0.862842 0.505474 0
    outer loop
      vertex -74.7163 17.9616 2.5
      vertex -75.2279 17.0883 2.1
      vertex -75.2279 17.0883 2.5
    endloop
  endfacet
  facet normal -0.842741 0.538319 0
    outer loop
      vertex -74.7163 17.9616 2.1
      vertex -74.1713 18.8148 2.5
      vertex -74.1713 18.8148 2.1
    endloop
  endfacet
  facet normal -0.842741 0.538319 0
    outer loop
      vertex -74.1713 18.8148 2.5
      vertex -74.7163 17.9616 2.1
      vertex -74.7163 17.9616 2.5
    endloop
  endfacet
  facet normal -0.821263 0.570549 0
    outer loop
      vertex -74.1713 18.8148 2.1
      vertex -73.5935 19.6465 2.5
      vertex -73.5935 19.6465 2.1
    endloop
  endfacet
  facet normal -0.821263 0.570549 0
    outer loop
      vertex -73.5935 19.6465 2.5
      vertex -74.1713 18.8148 2.1
      vertex -74.1713 18.8148 2.5
    endloop
  endfacet
  facet normal -0.798648 0.601798 0
    outer loop
      vertex -73.5935 19.6465 2.1
      vertex -72.9836 20.4559 2.5
      vertex -72.9836 20.4559 2.1
    endloop
  endfacet
  facet normal -0.798648 0.601798 0
    outer loop
      vertex -72.9836 20.4559 2.5
      vertex -73.5935 19.6465 2.1
      vertex -73.5935 19.6465 2.5
    endloop
  endfacet
  facet normal -0.774589 0.632465 0
    outer loop
      vertex -72.9836 20.4559 2.1
      vertex -72.3419 21.2418 2.5
      vertex -72.3419 21.2418 2.1
    endloop
  endfacet
  facet normal -0.774589 0.632465 0
    outer loop
      vertex -72.3419 21.2418 2.5
      vertex -72.9836 20.4559 2.1
      vertex -72.9836 20.4559 2.5
    endloop
  endfacet
  facet normal -0.749551 0.661947 0
    outer loop
      vertex -72.3419 21.2418 2.1
      vertex -71.6694 22.0033 2.5
      vertex -71.6694 22.0033 2.1
    endloop
  endfacet
  facet normal -0.749551 0.661947 0
    outer loop
      vertex -71.6694 22.0033 2.5
      vertex -72.3419 21.2418 2.1
      vertex -72.3419 21.2418 2.5
    endloop
  endfacet
  facet normal -0.723088 0.690756 0
    outer loop
      vertex -71.6694 22.0033 2.1
      vertex -70.9665 22.7391 2.5
      vertex -70.9665 22.7391 2.1
    endloop
  endfacet
  facet normal -0.723088 0.690756 0
    outer loop
      vertex -70.9665 22.7391 2.5
      vertex -71.6694 22.0033 2.1
      vertex -71.6694 22.0033 2.5
    endloop
  endfacet
  facet normal 1 -0 0
    outer loop
      vertex -70.9665 10.7553 2.5
      vertex -70.9665 22.7391 2.1
      vertex -70.9665 22.7391 2.5
    endloop
  endfacet
  facet normal 1 0 0
    outer loop
      vertex -70.9665 22.7391 2.1
      vertex -70.9665 10.7553 2.5
      vertex -70.9665 10.7553 2.1
    endloop
  endfacet
  facet normal 0.999678 0.0253669 0
    outer loop
      vertex -70.955 10.3021 2.5
      vertex -70.9665 10.7553 2.1
      vertex -70.9665 10.7553 2.5
    endloop
  endfacet
  facet normal 0.999678 0.0253669 0
    outer loop
      vertex -70.9665 10.7553 2.1
      vertex -70.955 10.3021 2.5
      vertex -70.955 10.3021 2.1
    endloop
  endfacet
  facet normal 0.997175 0.0751076 0
    outer loop
      vertex -70.9212 9.85335 2.5
      vertex -70.955 10.3021 2.1
      vertex -70.955 10.3021 2.5
    endloop
  endfacet
  facet normal 0.997175 0.0751076 0
    outer loop
      vertex -70.955 10.3021 2.1
      vertex -70.9212 9.85335 2.5
      vertex -70.9212 9.85335 2.1
    endloop
  endfacet
  facet normal 0.9921 0.125452 0
    outer loop
      vertex -70.8651 9.4097 2.5
      vertex -70.9212 9.85335 2.1
      vertex -70.9212 9.85335 2.5
    endloop
  endfacet
  facet normal 0.9921 0.125452 0
    outer loop
      vertex -70.9212 9.85335 2.1
      vertex -70.8651 9.4097 2.5
      vertex -70.8651 9.4097 2.1
    endloop
  endfacet
  facet normal 0.984584 0.174915 0
    outer loop
      vertex -70.7873 8.97177 2.5
      vertex -70.8651 9.4097 2.1
      vertex -70.8651 9.4097 2.5
    endloop
  endfacet
  facet normal 0.984584 0.174915 0
    outer loop
      vertex -70.8651 9.4097 2.1
      vertex -70.7873 8.97177 2.5
      vertex -70.7873 8.97177 2.1
    endloop
  endfacet
  facet normal 0.97458 0.224041 0
    outer loop
      vertex -70.6881 8.54025 2.5
      vertex -70.7873 8.97177 2.1
      vertex -70.7873 8.97177 2.5
    endloop
  endfacet
  facet normal 0.97458 0.224041 0
    outer loop
      vertex -70.7873 8.97177 2.1
      vertex -70.6881 8.54025 2.5
      vertex -70.6881 8.54025 2.1
    endloop
  endfacet
  facet normal 0.962144 0.27254 0
    outer loop
      vertex -70.5679 8.11591 2.5
      vertex -70.6881 8.54025 2.1
      vertex -70.6881 8.54025 2.5
    endloop
  endfacet
  facet normal 0.962144 0.27254 0
    outer loop
      vertex -70.6881 8.54025 2.1
      vertex -70.5679 8.11591 2.5
      vertex -70.5679 8.11591 2.1
    endloop
  endfacet
  facet normal 0.947368 0.320147 0
    outer loop
      vertex -70.4271 7.69926 2.5
      vertex -70.5679 8.11591 2.1
      vertex -70.5679 8.11591 2.5
    endloop
  endfacet
  facet normal 0.947368 0.320147 0
    outer loop
      vertex -70.5679 8.11591 2.1
      vertex -70.4271 7.69926 2.5
      vertex -70.4271 7.69926 2.1
    endloop
  endfacet
  facet normal 0.930171 0.367128 0
    outer loop
      vertex -70.266 7.29109 2.5
      vertex -70.4271 7.69926 2.1
      vertex -70.4271 7.69926 2.5
    endloop
  endfacet
  facet normal 0.930171 0.367128 0
    outer loop
      vertex -70.4271 7.69926 2.1
      vertex -70.266 7.29109 2.5
      vertex -70.266 7.29109 2.1
    endloop
  endfacet
  facet normal 0.9108 0.412848 0
    outer loop
      vertex -70.0851 6.892 2.5
      vertex -70.266 7.29109 2.1
      vertex -70.266 7.29109 2.5
    endloop
  endfacet
  facet normal 0.9108 0.412848 0
    outer loop
      vertex -70.266 7.29109 2.1
      vertex -70.0851 6.892 2.5
      vertex -70.0851 6.892 2.1
    endloop
  endfacet
  facet normal 0.888996 0.457916 0
    outer loop
      vertex -69.8846 6.50275 2.5
      vertex -70.0851 6.892 2.1
      vertex -70.0851 6.892 2.5
    endloop
  endfacet
  facet normal 0.888996 0.457916 0
    outer loop
      vertex -70.0851 6.892 2.1
      vertex -69.8846 6.50275 2.5
      vertex -69.8846 6.50275 2.1
    endloop
  endfacet
  facet normal 0.865279 0.50129 0
    outer loop
      vertex -69.6651 6.12387 2.5
      vertex -69.8846 6.50275 2.1
      vertex -69.8846 6.50275 2.5
    endloop
  endfacet
  facet normal 0.865279 0.50129 0
    outer loop
      vertex -69.8846 6.50275 2.1
      vertex -69.6651 6.12387 2.5
      vertex -69.6651 6.12387 2.1
    endloop
  endfacet
  facet normal 0.839461 0.543421 0
    outer loop
      vertex -69.427 5.75606 2.5
      vertex -69.6651 6.12387 2.1
      vertex -69.6651 6.12387 2.5
    endloop
  endfacet
  facet normal 0.839461 0.543421 0
    outer loop
      vertex -69.6651 6.12387 2.1
      vertex -69.427 5.75606 2.5
      vertex -69.427 5.75606 2.1
    endloop
  endfacet
  facet normal 0.811224 0.584736 0
    outer loop
      vertex -69.1704 5.40007 2.5
      vertex -69.427 5.75606 2.1
      vertex -69.427 5.75606 2.5
    endloop
  endfacet
  facet normal 0.811224 0.584736 0
    outer loop
      vertex -69.427 5.75606 2.1
      vertex -69.1704 5.40007 2.5
      vertex -69.1704 5.40007 2.1
    endloop
  endfacet
  facet normal 0.781073 0.62444 0
    outer loop
      vertex -68.8958 5.05659 2.5
      vertex -69.1704 5.40007 2.1
      vertex -69.1704 5.40007 2.5
    endloop
  endfacet
  facet normal 0.781073 0.62444 0
    outer loop
      vertex -69.1704 5.40007 2.1
      vertex -68.8958 5.05659 2.5
      vertex -68.8958 5.05659 2.1
    endloop
  endfacet
  facet normal 0.749216 0.662326 0
    outer loop
      vertex -68.6037 4.72617 2.5
      vertex -68.8958 5.05659 2.1
      vertex -68.8958 5.05659 2.5
    endloop
  endfacet
  facet normal 0.749216 0.662326 0
    outer loop
      vertex -68.8958 5.05659 2.1
      vertex -68.6037 4.72617 2.5
      vertex -68.6037 4.72617 2.1
    endloop
  endfacet
  facet normal 0.715327 0.69879 0
    outer loop
      vertex -68.2944 4.40955 2.5
      vertex -68.6037 4.72617 2.1
      vertex -68.6037 4.72617 2.5
    endloop
  endfacet
  facet normal 0.715327 0.69879 0
    outer loop
      vertex -68.6037 4.72617 2.1
      vertex -68.2944 4.40955 2.5
      vertex -68.2944 4.40955 2.1
    endloop
  endfacet
  facet normal 0.679717 0.733474 -0
    outer loop
      vertex -67.9683 4.10735 2.1
      vertex -68.2944 4.40955 2.5
      vertex -67.9683 4.10735 2.5
    endloop
  endfacet
  facet normal 0.679717 0.733474 0
    outer loop
      vertex -68.2944 4.40955 2.5
      vertex -67.9683 4.10735 2.1
      vertex -68.2944 4.40955 2.1
    endloop
  endfacet
  facet normal 0.642189 0.766546 -0
    outer loop
      vertex -67.6257 3.82033 2.1
      vertex -67.9683 4.10735 2.5
      vertex -67.6257 3.82033 2.5
    endloop
  endfacet
  facet normal 0.642189 0.766546 0
    outer loop
      vertex -67.9683 4.10735 2.5
      vertex -67.6257 3.82033 2.1
      vertex -67.9683 4.10735 2.1
    endloop
  endfacet
  facet normal 0.603339 0.797484 -0
    outer loop
      vertex -67.2671 3.54903 2.1
      vertex -67.6257 3.82033 2.5
      vertex -67.2671 3.54903 2.5
    endloop
  endfacet
  facet normal 0.603339 0.797484 0
    outer loop
      vertex -67.6257 3.82033 2.5
      vertex -67.2671 3.54903 2.1
      vertex -67.6257 3.82033 2.1
    endloop
  endfacet
  facet normal 0.562669 0.826682 -0
    outer loop
      vertex -66.8927 3.2942 2.1
      vertex -67.2671 3.54903 2.5
      vertex -66.8927 3.2942 2.5
    endloop
  endfacet
  facet normal 0.562669 0.826682 0
    outer loop
      vertex -67.2671 3.54903 2.5
      vertex -66.8927 3.2942 2.1
      vertex -67.2671 3.54903 2.1
    endloop
  endfacet
  facet normal 0.540017 0.841654 -0
    outer loop
      vertex -57.6739 -2.62071 2.1
      vertex -66.8927 3.2942 2.5
      vertex -57.6739 -2.62071 2.5
    endloop
  endfacet
  facet normal 0.540017 0.841654 0
    outer loop
      vertex -66.8927 3.2942 2.5
      vertex -57.6739 -2.62071 2.1
      vertex -66.8927 3.2942 2.1
    endloop
  endfacet
  facet normal 0.515925 0.856634 -0
    outer loop
      vertex -57.2423 -2.88065 2.1
      vertex -57.6739 -2.62071 2.5
      vertex -57.2423 -2.88065 2.5
    endloop
  endfacet
  facet normal 0.515925 0.856634 0
    outer loop
      vertex -57.6739 -2.62071 2.5
      vertex -57.2423 -2.88065 2.1
      vertex -57.6739 -2.62071 2.1
    endloop
  endfacet
  facet normal 0.465804 0.884888 -0
    outer loop
      vertex -56.7991 -3.11395 2.1
      vertex -57.2423 -2.88065 2.5
      vertex -56.7991 -3.11395 2.5
    endloop
  endfacet
  facet normal 0.465804 0.884888 0
    outer loop
      vertex -57.2423 -2.88065 2.5
      vertex -56.7991 -3.11395 2.1
      vertex -57.2423 -2.88065 2.1
    endloop
  endfacet
  facet normal 0.414515 0.910043 -0
    outer loop
      vertex -56.3455 -3.32056 2.1
      vertex -56.7991 -3.11395 2.5
      vertex -56.3455 -3.32056 2.5
    endloop
  endfacet
  facet normal 0.414515 0.910043 0
    outer loop
      vertex -56.7991 -3.11395 2.5
      vertex -56.3455 -3.32056 2.1
      vertex -56.7991 -3.11395 2.1
    endloop
  endfacet
  facet normal 0.362433 0.93201 -0
    outer loop
      vertex -55.8827 -3.50053 2.1
      vertex -56.3455 -3.32056 2.5
      vertex -55.8827 -3.50053 2.5
    endloop
  endfacet
  facet normal 0.362433 0.93201 0
    outer loop
      vertex -56.3455 -3.32056 2.5
      vertex -55.8827 -3.50053 2.1
      vertex -56.3455 -3.32056 2.1
    endloop
  endfacet
  facet normal 0.309552 0.950882 -0
    outer loop
      vertex -55.4121 -3.65373 2.1
      vertex -55.8827 -3.50053 2.5
      vertex -55.4121 -3.65373 2.5
    endloop
  endfacet
  facet normal 0.309552 0.950882 0
    outer loop
      vertex -55.8827 -3.50053 2.5
      vertex -55.4121 -3.65373 2.1
      vertex -55.8827 -3.50053 2.1
    endloop
  endfacet
  facet normal 0.25637 0.966579 -0
    outer loop
      vertex -54.9349 -3.7803 2.1
      vertex -55.4121 -3.65373 2.5
      vertex -54.9349 -3.7803 2.5
    endloop
  endfacet
  facet normal 0.25637 0.966579 0
    outer loop
      vertex -55.4121 -3.65373 2.5
      vertex -54.9349 -3.7803 2.1
      vertex -55.4121 -3.65373 2.1
    endloop
  endfacet
  facet normal 0.202552 0.979272 -0
    outer loop
      vertex -54.4524 -3.8801 2.1
      vertex -54.9349 -3.7803 2.5
      vertex -54.4524 -3.8801 2.5
    endloop
  endfacet
  facet normal 0.202552 0.979272 0
    outer loop
      vertex -54.9349 -3.7803 2.5
      vertex -54.4524 -3.8801 2.1
      vertex -54.9349 -3.7803 2.1
    endloop
  endfacet
  facet normal 0.148648 0.98889 -0
    outer loop
      vertex -53.9657 -3.95326 2.1
      vertex -54.4524 -3.8801 2.5
      vertex -53.9657 -3.95326 2.5
    endloop
  endfacet
  facet normal 0.148648 0.98889 0
    outer loop
      vertex -54.4524 -3.8801 2.5
      vertex -53.9657 -3.95326 2.1
      vertex -54.4524 -3.8801 2.1
    endloop
  endfacet
  facet normal 0.0941862 0.995555 -0
    outer loop
      vertex -53.4762 -3.99957 2.1
      vertex -53.9657 -3.95326 2.5
      vertex -53.4762 -3.99957 2.5
    endloop
  endfacet
  facet normal 0.0941862 0.995555 0
    outer loop
      vertex -53.9657 -3.95326 2.5
      vertex -53.4762 -3.99957 2.1
      vertex -53.9657 -3.95326 2.1
    endloop
  endfacet
  facet normal 0.0400615 0.999197 -0
    outer loop
      vertex -52.9851 -4.01926 2.1
      vertex -53.4762 -3.99957 2.5
      vertex -52.9851 -4.01926 2.5
    endloop
  endfacet
  facet normal 0.0400615 0.999197 0
    outer loop
      vertex -53.4762 -3.99957 2.5
      vertex -52.9851 -4.01926 2.1
      vertex -53.4762 -3.99957 2.1
    endloop
  endfacet
  facet normal -0.0146068 0.999893 0
    outer loop
      vertex -52.4936 -4.01208 2.1
      vertex -52.9851 -4.01926 2.5
      vertex -52.4936 -4.01208 2.5
    endloop
  endfacet
  facet normal -0.0146068 0.999893 0
    outer loop
      vertex -52.9851 -4.01926 2.5
      vertex -52.4936 -4.01208 2.1
      vertex -52.9851 -4.01926 2.1
    endloop
  endfacet
  facet normal -0.0688879 0.997624 0
    outer loop
      vertex -52.0031 -3.97821 2.1
      vertex -52.4936 -4.01208 2.5
      vertex -52.0031 -3.97821 2.5
    endloop
  endfacet
  facet normal -0.0688879 0.997624 0
    outer loop
      vertex -52.4936 -4.01208 2.5
      vertex -52.0031 -3.97821 2.1
      vertex -52.4936 -4.01208 2.1
    endloop
  endfacet
  facet normal -0.123234 0.992378 0
    outer loop
      vertex -51.5147 -3.91756 2.1
      vertex -52.0031 -3.97821 2.5
      vertex -51.5147 -3.91756 2.5
    endloop
  endfacet
  facet normal -0.123234 0.992378 0
    outer loop
      vertex -52.0031 -3.97821 2.5
      vertex -51.5147 -3.91756 2.1
      vertex -52.0031 -3.97821 2.1
    endloop
  endfacet
  facet normal -0.177601 0.984103 0
    outer loop
      vertex -51.0298 -3.83005 2.1
      vertex -51.5147 -3.91756 2.5
      vertex -51.0298 -3.83005 2.5
    endloop
  endfacet
  facet normal -0.177601 0.984103 0
    outer loop
      vertex -51.5147 -3.91756 2.5
      vertex -51.0298 -3.83005 2.1
      vertex -51.5147 -3.91756 2.1
    endloop
  endfacet
  facet normal -0.231338 0.972873 0
    outer loop
      vertex -50.5495 -3.71584 2.1
      vertex -51.0298 -3.83005 2.5
      vertex -50.5495 -3.71584 2.5
    endloop
  endfacet
  facet normal -0.231338 0.972873 0
    outer loop
      vertex -51.0298 -3.83005 2.5
      vertex -50.5495 -3.71584 2.1
      vertex -51.0298 -3.83005 2.1
    endloop
  endfacet
  facet normal -0.285085 0.958502 0
    outer loop
      vertex -50.0752 -3.57477 2.1
      vertex -50.5495 -3.71584 2.5
      vertex -50.0752 -3.57477 2.5
    endloop
  endfacet
  facet normal -0.285085 0.958502 0
    outer loop
      vertex -50.5495 -3.71584 2.5
      vertex -50.0752 -3.57477 2.1
      vertex -50.5495 -3.71584 2.1
    endloop
  endfacet
  facet normal -0.338238 0.941061 0
    outer loop
      vertex -49.6082 -3.40692 2.1
      vertex -50.0752 -3.57477 2.5
      vertex -49.6082 -3.40692 2.5
    endloop
  endfacet
  facet normal -0.338238 0.941061 0
    outer loop
      vertex -50.0752 -3.57477 2.5
      vertex -49.6082 -3.40692 2.1
      vertex -50.0752 -3.57477 2.1
    endloop
  endfacet
  facet normal -0.390584 0.920567 0
    outer loop
      vertex -49.1495 -3.2123 2.1
      vertex -49.6082 -3.40692 2.5
      vertex -49.1495 -3.2123 2.5
    endloop
  endfacet
  facet normal -0.390584 0.920567 0
    outer loop
      vertex -49.6082 -3.40692 2.5
      vertex -49.1495 -3.2123 2.1
      vertex -49.6082 -3.40692 2.1
    endloop
  endfacet
  facet normal -0.442589 0.896724 0
    outer loop
      vertex -48.7006 -2.99074 2.1
      vertex -49.1495 -3.2123 2.5
      vertex -48.7006 -2.99074 2.5
    endloop
  endfacet
  facet normal -0.442589 0.896724 0
    outer loop
      vertex -49.1495 -3.2123 2.5
      vertex -48.7006 -2.99074 2.1
      vertex -49.1495 -3.2123 2.1
    endloop
  endfacet
  facet normal -0.493223 0.869903 0
    outer loop
      vertex -48.2626 -2.7424 2.1
      vertex -48.7006 -2.99074 2.5
      vertex -48.2626 -2.7424 2.5
    endloop
  endfacet
  facet normal -0.493223 0.869903 0
    outer loop
      vertex -48.7006 -2.99074 2.5
      vertex -48.2626 -2.7424 2.1
      vertex -48.7006 -2.99074 2.1
    endloop
  endfacet
  facet normal -0.518862 0.854858 0
    outer loop
      vertex -38.4856 3.19182 2.1
      vertex -48.2626 -2.7424 2.5
      vertex -38.4856 3.19182 2.5
    endloop
  endfacet
  facet normal -0.518862 0.854858 0
    outer loop
      vertex -48.2626 -2.7424 2.5
      vertex -38.4856 3.19182 2.1
      vertex -48.2626 -2.7424 2.1
    endloop
  endfacet
  facet normal -0.540967 0.841044 0
    outer loop
      vertex -38.0873 3.44801 2.1
      vertex -38.4856 3.19182 2.5
      vertex -38.0873 3.44801 2.5
    endloop
  endfacet
  facet normal -0.540967 0.841044 0
    outer loop
      vertex -38.4856 3.19182 2.5
      vertex -38.0873 3.44801 2.1
      vertex -38.4856 3.19182 2.1
    endloop
  endfacet
  facet normal -0.584444 0.811434 0
    outer loop
      vertex -37.7048 3.72351 2.1
      vertex -38.0873 3.44801 2.5
      vertex -37.7048 3.72351 2.5
    endloop
  endfacet
  facet normal -0.584444 0.811434 0
    outer loop
      vertex -38.0873 3.44801 2.5
      vertex -37.7048 3.72351 2.1
      vertex -38.0873 3.44801 2.1
    endloop
  endfacet
  facet normal -0.62611 0.779735 0
    outer loop
      vertex -37.3388 4.0174 2.1
      vertex -37.7048 3.72351 2.5
      vertex -37.3388 4.0174 2.5
    endloop
  endfacet
  facet normal -0.62611 0.779735 0
    outer loop
      vertex -37.7048 3.72351 2.5
      vertex -37.3388 4.0174 2.1
      vertex -37.7048 3.72351 2.1
    endloop
  endfacet
  facet normal -0.665604 0.746305 0
    outer loop
      vertex -36.9897 4.32875 2.1
      vertex -37.3388 4.0174 2.5
      vertex -36.9897 4.32875 2.5
    endloop
  endfacet
  facet normal -0.665604 0.746305 0
    outer loop
      vertex -37.3388 4.0174 2.5
      vertex -36.9897 4.32875 2.1
      vertex -37.3388 4.0174 2.1
    endloop
  endfacet
  facet normal -0.702981 0.711209 0
    outer loop
      vertex -36.6578 4.65681 2.1
      vertex -36.9897 4.32875 2.5
      vertex -36.6578 4.65681 2.5
    endloop
  endfacet
  facet normal -0.702981 0.711209 0
    outer loop
      vertex -36.9897 4.32875 2.5
      vertex -36.6578 4.65681 2.1
      vertex -36.9897 4.32875 2.1
    endloop
  endfacet
  facet normal -0.738295 0.674478 0
    outer loop
      vertex -36.6578 4.65681 2.1
      vertex -36.3438 5.00052 2.5
      vertex -36.3438 5.00052 2.1
    endloop
  endfacet
  facet normal -0.738295 0.674478 0
    outer loop
      vertex -36.3438 5.00052 2.5
      vertex -36.6578 4.65681 2.1
      vertex -36.6578 4.65681 2.5
    endloop
  endfacet
  facet normal -0.771684 0.636006 0
    outer loop
      vertex -36.3438 5.00052 2.1
      vertex -36.0482 5.35918 2.5
      vertex -36.0482 5.35918 2.1
    endloop
  endfacet
  facet normal -0.771684 0.636006 0
    outer loop
      vertex -36.0482 5.35918 2.5
      vertex -36.3438 5.00052 2.1
      vertex -36.3438 5.00052 2.5
    endloop
  endfacet
  facet normal -0.802904 0.596108 0
    outer loop
      vertex -36.0482 5.35918 2.1
      vertex -35.7715 5.73187 2.5
      vertex -35.7715 5.73187 2.1
    endloop
  endfacet
  facet normal -0.802904 0.596108 0
    outer loop
      vertex -35.7715 5.73187 2.5
      vertex -36.0482 5.35918 2.1
      vertex -36.0482 5.35918 2.5
    endloop
  endfacet
  facet normal -0.831712 0.555208 0
    outer loop
      vertex -35.7715 5.73187 2.1
      vertex -35.514 6.11761 2.5
      vertex -35.514 6.11761 2.1
    endloop
  endfacet
  facet normal -0.831712 0.555208 0
    outer loop
      vertex -35.514 6.11761 2.5
      vertex -35.7715 5.73187 2.1
      vertex -35.7715 5.73187 2.5
    endloop
  endfacet
  facet normal -0.8586 0.512646 0
    outer loop
      vertex -35.514 6.11761 2.1
      vertex -35.2763 6.51572 2.5
      vertex -35.2763 6.51572 2.1
    endloop
  endfacet
  facet normal -0.8586 0.512646 0
    outer loop
      vertex -35.2763 6.51572 2.5
      vertex -35.514 6.11761 2.1
      vertex -35.514 6.11761 2.5
    endloop
  endfacet
  facet normal -0.883322 0.468767 0
    outer loop
      vertex -35.2763 6.51572 2.1
      vertex -35.059 6.92519 2.5
      vertex -35.059 6.92519 2.1
    endloop
  endfacet
  facet normal -0.883322 0.468767 0
    outer loop
      vertex -35.059 6.92519 2.5
      vertex -35.2763 6.51572 2.1
      vertex -35.2763 6.51572 2.5
    endloop
  endfacet
  facet normal -0.905683 0.423956 0
    outer loop
      vertex -35.059 6.92519 2.1
      vertex -34.8624 7.34518 2.5
      vertex -34.8624 7.34518 2.1
    endloop
  endfacet
  facet normal -0.905683 0.423956 0
    outer loop
      vertex -34.8624 7.34518 2.5
      vertex -35.059 6.92519 2.1
      vertex -35.059 6.92519 2.5
    endloop
  endfacet
  facet normal -0.925911 0.377742 0
    outer loop
      vertex -34.8624 7.34518 2.1
      vertex -34.6871 7.77487 2.5
      vertex -34.6871 7.77487 2.1
    endloop
  endfacet
  facet normal -0.925911 0.377742 0
    outer loop
      vertex -34.6871 7.77487 2.5
      vertex -34.8624 7.34518 2.1
      vertex -34.8624 7.34518 2.5
    endloop
  endfacet
  facet normal -0.943899 0.330233 0
    outer loop
      vertex -34.6871 7.77487 2.1
      vertex -34.5337 8.21333 2.5
      vertex -34.5337 8.21333 2.1
    endloop
  endfacet
  facet normal -0.943899 0.330233 0
    outer loop
      vertex -34.5337 8.21333 2.5
      vertex -34.6871 7.77487 2.1
      vertex -34.6871 7.77487 2.5
    endloop
  endfacet
  facet normal -0.95942 0.28198 0
    outer loop
      vertex -34.5337 8.21333 2.1
      vertex -34.4025 8.65973 2.5
      vertex -34.4025 8.65973 2.1
    endloop
  endfacet
  facet normal -0.95942 0.28198 0
    outer loop
      vertex -34.4025 8.65973 2.5
      vertex -34.5337 8.21333 2.1
      vertex -34.5337 8.21333 2.5
    endloop
  endfacet
  facet normal -0.972551 0.232688 0
    outer loop
      vertex -34.4025 8.65973 2.1
      vertex -34.294 9.11322 2.5
      vertex -34.294 9.11322 2.1
    endloop
  endfacet
  facet normal -0.972551 0.232688 0
    outer loop
      vertex -34.294 9.11322 2.5
      vertex -34.4025 8.65973 2.1
      vertex -34.4025 8.65973 2.5
    endloop
  endfacet
  facet normal -0.983247 0.182277 0
    outer loop
      vertex -34.294 9.11322 2.1
      vertex -34.2088 9.57281 2.5
      vertex -34.2088 9.57281 2.1
    endloop
  endfacet
  facet normal -0.983247 0.182277 0
    outer loop
      vertex -34.2088 9.57281 2.5
      vertex -34.294 9.11322 2.1
      vertex -34.294 9.11322 2.5
    endloop
  endfacet
  facet normal -0.991367 0.131119 0
    outer loop
      vertex -34.2088 9.57281 2.1
      vertex -34.1473 10.0378 2.5
      vertex -34.1473 10.0378 2.1
    endloop
  endfacet
  facet normal -0.991367 0.131119 0
    outer loop
      vertex -34.1473 10.0378 2.5
      vertex -34.2088 9.57281 2.1
      vertex -34.2088 9.57281 2.5
    endloop
  endfacet
  facet normal -0.996855 0.079247 0
    outer loop
      vertex -34.1473 10.0378 2.1
      vertex -34.11 10.507 2.5
      vertex -34.11 10.507 2.1
    endloop
  endfacet
  facet normal -0.996855 0.079247 0
    outer loop
      vertex -34.11 10.507 2.5
      vertex -34.1473 10.0378 2.1
      vertex -34.1473 10.0378 2.5
    endloop
  endfacet
  facet normal -0.999651 0.0264178 0
    outer loop
      vertex -34.11 10.507 2.1
      vertex -34.0975 10.98 2.5
      vertex -34.0975 10.98 2.1
    endloop
  endfacet
  facet normal -0.999651 0.0264178 0
    outer loop
      vertex -34.0975 10.98 2.5
      vertex -34.11 10.507 2.1
      vertex -34.11 10.507 2.5
    endloop
  endfacet
  facet normal -1 0 0
    outer loop
      vertex -34.0975 10.98 2.1
      vertex -34.0975 22.7393 2.5
      vertex -34.0975 22.7393 2.1
    endloop
  endfacet
  facet normal -1 -0 0
    outer loop
      vertex -34.0975 22.7393 2.5
      vertex -34.0975 10.98 2.1
      vertex -34.0975 10.98 2.5
    endloop
  endfacet
  facet normal 0.723509 0.690315 0
    outer loop
      vertex -33.3946 22.0026 2.5
      vertex -34.0975 22.7393 2.1
      vertex -34.0975 22.7393 2.5
    endloop
  endfacet
  facet normal 0.723509 0.690315 0
    outer loop
      vertex -34.0975 22.7393 2.1
      vertex -33.3946 22.0026 2.5
      vertex -33.3946 22.0026 2.1
    endloop
  endfacet
  facet normal 0.74976 0.661709 0
    outer loop
      vertex -32.722 21.2405 2.5
      vertex -33.3946 22.0026 2.1
      vertex -33.3946 22.0026 2.5
    endloop
  endfacet
  facet normal 0.74976 0.661709 0
    outer loop
      vertex -33.3946 22.0026 2.1
      vertex -32.722 21.2405 2.5
      vertex -32.722 21.2405 2.1
    endloop
  endfacet
  facet normal 0.774922 0.632057 0
    outer loop
      vertex -32.0805 20.454 2.5
      vertex -32.722 21.2405 2.1
      vertex -32.722 21.2405 2.5
    endloop
  endfacet
  facet normal 0.774922 0.632057 0
    outer loop
      vertex -32.722 21.2405 2.1
      vertex -32.0805 20.454 2.5
      vertex -32.0805 20.454 2.1
    endloop
  endfacet
  facet normal 0.798696 0.601734 0
    outer loop
      vertex -31.4704 19.6442 2.5
      vertex -32.0805 20.454 2.1
      vertex -32.0805 20.454 2.5
    endloop
  endfacet
  facet normal 0.798696 0.601734 0
    outer loop
      vertex -32.0805 20.454 2.1
      vertex -31.4704 19.6442 2.5
      vertex -31.4704 19.6442 2.1
    endloop
  endfacet
  facet normal 0.82136 0.570411 0
    outer loop
      vertex -30.8926 18.8122 2.5
      vertex -31.4704 19.6442 2.1
      vertex -31.4704 19.6442 2.5
    endloop
  endfacet
  facet normal 0.82136 0.570411 0
    outer loop
      vertex -31.4704 19.6442 2.1
      vertex -30.8926 18.8122 2.5
      vertex -30.8926 18.8122 2.1
    endloop
  endfacet
  facet normal 0.842786 0.538249 0
    outer loop
      vertex -30.3477 17.959 2.5
      vertex -30.8926 18.8122 2.1
      vertex -30.8926 18.8122 2.5
    endloop
  endfacet
  facet normal 0.842786 0.538249 0
    outer loop
      vertex -30.8926 18.8122 2.1
      vertex -30.3477 17.959 2.5
      vertex -30.3477 17.959 2.1
    endloop
  endfacet
  facet normal 0.862867 0.50543 0
    outer loop
      vertex -29.8361 17.0856 2.5
      vertex -30.3477 17.959 2.1
      vertex -30.3477 17.959 2.5
    endloop
  endfacet
  facet normal 0.862867 0.50543 0
    outer loop
      vertex -30.3477 17.959 2.1
      vertex -29.8361 17.0856 2.5
      vertex -29.8361 17.0856 2.1
    endloop
  endfacet
  facet normal 0.881715 0.471783 0
    outer loop
      vertex -29.3586 16.1932 2.5
      vertex -29.8361 17.0856 2.1
      vertex -29.8361 17.0856 2.5
    endloop
  endfacet
  facet normal 0.881715 0.471783 0
    outer loop
      vertex -29.8361 17.0856 2.1
      vertex -29.3586 16.1932 2.5
      vertex -29.3586 16.1932 2.1
    endloop
  endfacet
  facet normal 0.899253 0.437429 0
    outer loop
      vertex -28.9157 15.2827 2.5
      vertex -29.3586 16.1932 2.1
      vertex -29.3586 16.1932 2.5
    endloop
  endfacet
  facet normal 0.899253 0.437429 0
    outer loop
      vertex -29.3586 16.1932 2.1
      vertex -28.9157 15.2827 2.5
      vertex -28.9157 15.2827 2.1
    endloop
  endfacet
  facet normal 0.915481 0.402361 0
    outer loop
      vertex -28.5081 14.3553 2.5
      vertex -28.9157 15.2827 2.1
      vertex -28.9157 15.2827 2.5
    endloop
  endfacet
  facet normal 0.915481 0.402361 0
    outer loop
      vertex -28.9157 15.2827 2.1
      vertex -28.5081 14.3553 2.5
      vertex -28.5081 14.3553 2.1
    endloop
  endfacet
  facet normal 0.930402 0.36654 0
    outer loop
      vertex -28.1364 13.4118 2.5
      vertex -28.5081 14.3553 2.1
      vertex -28.5081 14.3553 2.5
    endloop
  endfacet
  facet normal 0.930402 0.36654 0
    outer loop
      vertex -28.5081 14.3553 2.1
      vertex -28.1364 13.4118 2.5
      vertex -28.1364 13.4118 2.1
    endloop
  endfacet
  facet normal 0.943941 0.330113 0
    outer loop
      vertex -27.8013 12.4536 2.5
      vertex -28.1364 13.4118 2.1
      vertex -28.1364 13.4118 2.5
    endloop
  endfacet
  facet normal 0.943941 0.330113 0
    outer loop
      vertex -28.1364 13.4118 2.1
      vertex -27.8013 12.4536 2.5
      vertex -27.8013 12.4536 2.1
    endloop
  endfacet
  facet normal 0.956085 0.29309 0
    outer loop
      vertex -27.5033 11.4815 2.5
      vertex -27.8013 12.4536 2.1
      vertex -27.8013 12.4536 2.5
    endloop
  endfacet
  facet normal 0.956085 0.29309 0
    outer loop
      vertex -27.8013 12.4536 2.1
      vertex -27.5033 11.4815 2.5
      vertex -27.5033 11.4815 2.1
    endloop
  endfacet
  facet normal 0.966798 0.255542 0
    outer loop
      vertex -27.243 10.4967 2.5
      vertex -27.5033 11.4815 2.1
      vertex -27.5033 11.4815 2.5
    endloop
  endfacet
  facet normal 0.966798 0.255542 0
    outer loop
      vertex -27.5033 11.4815 2.1
      vertex -27.243 10.4967 2.5
      vertex -27.243 10.4967 2.1
    endloop
  endfacet
  facet normal 0.976073 0.217445 0
    outer loop
      vertex -27.021 9.50018 2.5
      vertex -27.243 10.4967 2.1
      vertex -27.243 10.4967 2.5
    endloop
  endfacet
  facet normal 0.976073 0.217445 0
    outer loop
      vertex -27.243 10.4967 2.1
      vertex -27.021 9.50018 2.5
      vertex -27.021 9.50018 2.1
    endloop
  endfacet
  facet normal 0.983893 0.17876 0
    outer loop
      vertex -26.838 8.49295 2.5
      vertex -27.021 9.50018 2.1
      vertex -27.021 9.50018 2.5
    endloop
  endfacet
  facet normal 0.983893 0.17876 0
    outer loop
      vertex -27.021 9.50018 2.1
      vertex -26.838 8.49295 2.5
      vertex -26.838 8.49295 2.1
    endloop
  endfacet
  facet normal 0.990202 0.139642 0
    outer loop
      vertex -26.6946 7.4761 2.5
      vertex -26.838 8.49295 2.1
      vertex -26.838 8.49295 2.5
    endloop
  endfacet
  facet normal 0.990202 0.139642 0
    outer loop
      vertex -26.838 8.49295 2.1
      vertex -26.6946 7.4761 2.5
      vertex -26.6946 7.4761 2.1
    endloop
  endfacet
  facet normal 0.994973 0.100146 0
    outer loop
      vertex -26.5914 6.45079 2.5
      vertex -26.6946 7.4761 2.1
      vertex -26.6946 7.4761 2.5
    endloop
  endfacet
  facet normal 0.994973 0.100146 0
    outer loop
      vertex -26.6946 7.4761 2.1
      vertex -26.5914 6.45079 2.5
      vertex -26.5914 6.45079 2.1
    endloop
  endfacet
  facet normal 0.998186 0.0602079 0
    outer loop
      vertex -26.5291 5.41792 2.5
      vertex -26.5914 6.45079 2.1
      vertex -26.5914 6.45079 2.5
    endloop
  endfacet
  facet normal 0.998186 0.0602079 0
    outer loop
      vertex -26.5914 6.45079 2.1
      vertex -26.5291 5.41792 2.5
      vertex -26.5291 5.41792 2.1
    endloop
  endfacet
  facet normal 0.999798 0.0201047 0
    outer loop
      vertex -26.5082 4.37857 2.5
      vertex -26.5291 5.41792 2.1
      vertex -26.5291 5.41792 2.5
    endloop
  endfacet
  facet normal 0.999798 0.0201047 0
    outer loop
      vertex -26.5291 5.41792 2.1
      vertex -26.5082 4.37857 2.5
      vertex -26.5082 4.37857 2.1
    endloop
  endfacet
  facet normal 0.999179 -0.0405031 0
    outer loop
      vertex -26.5946 2.24715 2.5
      vertex -26.5082 4.37857 2.1
      vertex -26.5082 4.37857 2.5
    endloop
  endfacet
  facet normal 0.999179 -0.0405031 0
    outer loop
      vertex -26.5082 4.37857 2.1
      vertex -26.5946 2.24715 2.5
      vertex -26.5946 2.24715 2.1
    endloop
  endfacet
  facet normal 0.992613 -0.121328 0
    outer loop
      vertex -26.8494 0.162567 2.5
      vertex -26.5946 2.24715 2.1
      vertex -26.5946 2.24715 2.5
    endloop
  endfacet
  facet normal 0.992613 -0.121328 0
    outer loop
      vertex -26.5946 2.24715 2.1
      vertex -26.8494 0.162567 2.5
      vertex -26.8494 0.162567 2.1
    endloop
  endfacet
  facet normal 0.979614 -0.200889 0
    outer loop
      vertex -27.2659 -1.86845 2.5
      vertex -26.8494 0.162567 2.1
      vertex -26.8494 0.162567 2.5
    endloop
  endfacet
  facet normal 0.979614 -0.200889 0
    outer loop
      vertex -26.8494 0.162567 2.1
      vertex -27.2659 -1.86845 2.5
      vertex -27.2659 -1.86845 2.1
    endloop
  endfacet
  facet normal 0.960439 -0.278491 0
    outer loop
      vertex -27.8373 -3.83905 2.5
      vertex -27.2659 -1.86845 2.1
      vertex -27.2659 -1.86845 2.5
    endloop
  endfacet
  facet normal 0.960439 -0.278491 0
    outer loop
      vertex -27.2659 -1.86845 2.1
      vertex -27.8373 -3.83905 2.5
      vertex -27.8373 -3.83905 2.1
    endloop
  endfacet
  facet normal 0.935421 -0.353536 0
    outer loop
      vertex -28.5567 -5.74251 2.5
      vertex -27.8373 -3.83905 2.1
      vertex -27.8373 -3.83905 2.5
    endloop
  endfacet
  facet normal 0.935421 -0.353536 0
    outer loop
      vertex -27.8373 -3.83905 2.1
      vertex -28.5567 -5.74251 2.5
      vertex -28.5567 -5.74251 2.1
    endloop
  endfacet
  facet normal 0.904822 -0.42579 0
    outer loop
      vertex -29.4176 -7.57196 2.5
      vertex -28.5567 -5.74251 2.1
      vertex -28.5567 -5.74251 2.5
    endloop
  endfacet
  facet normal 0.904822 -0.42579 0
    outer loop
      vertex -28.5567 -5.74251 2.1
      vertex -29.4176 -7.57196 2.5
      vertex -29.4176 -7.57196 2.1
    endloop
  endfacet
  facet normal 0.869078 -0.494675 0
    outer loop
      vertex -30.4131 -9.32092 2.5
      vertex -29.4176 -7.57196 2.1
      vertex -29.4176 -7.57196 2.5
    endloop
  endfacet
  facet normal 0.869078 -0.494675 0
    outer loop
      vertex -29.4176 -7.57196 2.1
      vertex -30.4131 -9.32092 2.5
      vertex -30.4131 -9.32092 2.1
    endloop
  endfacet
  facet normal 0.828401 -0.560135 0
    outer loop
      vertex -31.5366 -10.9825 2.5
      vertex -30.4131 -9.32092 2.1
      vertex -30.4131 -9.32092 2.5
    endloop
  endfacet
  facet normal 0.828401 -0.560135 0
    outer loop
      vertex -30.4131 -9.32092 2.1
      vertex -31.5366 -10.9825 2.5
      vertex -31.5366 -10.9825 2.1
    endloop
  endfacet
  facet normal 0.78316 -0.621821 0
    outer loop
      vertex -32.7811 -12.5499 2.5
      vertex -31.5366 -10.9825 2.1
      vertex -31.5366 -10.9825 2.5
    endloop
  endfacet
  facet normal 0.78316 -0.621821 0
    outer loop
      vertex -31.5366 -10.9825 2.1
      vertex -32.7811 -12.5499 2.5
      vertex -32.7811 -12.5499 2.1
    endloop
  endfacet
  facet normal 0.733527 -0.67966 0
    outer loop
      vertex -34.14 -14.0165 2.5
      vertex -32.7811 -12.5499 2.1
      vertex -32.7811 -12.5499 2.5
    endloop
  endfacet
  facet normal 0.733527 -0.67966 0
    outer loop
      vertex -32.7811 -12.5499 2.1
      vertex -34.14 -14.0165 2.5
      vertex -34.14 -14.0165 2.1
    endloop
  endfacet
  facet normal 0.679685 -0.733504 0
    outer loop
      vertex -35.6065 -15.3754 2.1
      vertex -34.14 -14.0165 2.5
      vertex -35.6065 -15.3754 2.5
    endloop
  endfacet
  facet normal 0.679685 -0.733504 0
    outer loop
      vertex -34.14 -14.0165 2.5
      vertex -35.6065 -15.3754 2.1
      vertex -34.14 -14.0165 2.1
    endloop
  endfacet
  facet normal 0.621827 -0.783154 0
    outer loop
      vertex -37.174 -16.62 2.1
      vertex -35.6065 -15.3754 2.5
      vertex -37.174 -16.62 2.5
    endloop
  endfacet
  facet normal 0.621827 -0.783154 0
    outer loop
      vertex -35.6065 -15.3754 2.5
      vertex -37.174 -16.62 2.1
      vertex -35.6065 -15.3754 2.1
    endloop
  endfacet
  facet normal 0.560062 -0.828451 0
    outer loop
      vertex -38.8356 -17.7433 2.1
      vertex -37.174 -16.62 2.5
      vertex -38.8356 -17.7433 2.5
    endloop
  endfacet
  facet normal 0.560062 -0.828451 0
    outer loop
      vertex -37.174 -16.62 2.5
      vertex -38.8356 -17.7433 2.1
      vertex -37.174 -16.62 2.1
    endloop
  endfacet
  facet normal 0.494726 -0.869049 0
    outer loop
      vertex -40.5845 -18.7389 2.1
      vertex -38.8356 -17.7433 2.5
      vertex -40.5845 -18.7389 2.5
    endloop
  endfacet
  facet normal 0.494726 -0.869049 0
    outer loop
      vertex -38.8356 -17.7433 2.5
      vertex -40.5845 -18.7389 2.1
      vertex -38.8356 -17.7433 2.1
    endloop
  endfacet
  facet normal 0.425761 -0.904836 0
    outer loop
      vertex -42.4141 -19.5998 2.1
      vertex -40.5845 -18.7389 2.5
      vertex -42.4141 -19.5998 2.5
    endloop
  endfacet
  facet normal 0.425761 -0.904836 0
    outer loop
      vertex -40.5845 -18.7389 2.5
      vertex -42.4141 -19.5998 2.1
      vertex -40.5845 -18.7389 2.1
    endloop
  endfacet
  facet normal 0.35353 -0.935423 0
    outer loop
      vertex -44.3176 -20.3192 2.1
      vertex -42.4141 -19.5998 2.5
      vertex -44.3176 -20.3192 2.5
    endloop
  endfacet
  facet normal 0.35353 -0.935423 0
    outer loop
      vertex -42.4141 -19.5998 2.5
      vertex -44.3176 -20.3192 2.1
      vertex -42.4141 -19.5998 2.1
    endloop
  endfacet
  facet normal 0.278504 -0.960435 0
    outer loop
      vertex -46.2881 -20.8906 2.1
      vertex -44.3176 -20.3192 2.5
      vertex -46.2881 -20.8906 2.5
    endloop
  endfacet
  facet normal 0.278504 -0.960435 0
    outer loop
      vertex -44.3176 -20.3192 2.5
      vertex -46.2881 -20.8906 2.1
      vertex -44.3176 -20.3192 2.1
    endloop
  endfacet
  facet normal 0.200891 -0.979614 0
    outer loop
      vertex -48.3191 -21.3071 2.1
      vertex -46.2881 -20.8906 2.5
      vertex -48.3191 -21.3071 2.5
    endloop
  endfacet
  facet normal 0.200891 -0.979614 0
    outer loop
      vertex -46.2881 -20.8906 2.5
      vertex -48.3191 -21.3071 2.1
      vertex -46.2881 -20.8906 2.1
    endloop
  endfacet
  facet normal 0.121327 -0.992613 0
    outer loop
      vertex -50.4037 -21.5619 2.1
      vertex -48.3191 -21.3071 2.5
      vertex -50.4037 -21.5619 2.5
    endloop
  endfacet
  facet normal 0.121327 -0.992613 0
    outer loop
      vertex -48.3191 -21.3071 2.5
      vertex -50.4037 -21.5619 2.1
      vertex -48.3191 -21.3071 2.1
    endloop
  endfacet
  facet normal 0.0405016 -0.999179 0
    outer loop
      vertex -52.5352 -21.6483 2.1
      vertex -50.4037 -21.5619 2.5
      vertex -52.5352 -21.6483 2.5
    endloop
  endfacet
  facet normal 0.0405016 -0.999179 0
    outer loop
      vertex -50.4037 -21.5619 2.5
      vertex -52.5352 -21.6483 2.1
      vertex -50.4037 -21.5619 2.1
    endloop
  endfacet
  facet normal -0.0405016 -0.999179 0
    outer loop
      vertex -54.6667 -21.5619 2.1
      vertex -52.5352 -21.6483 2.5
      vertex -54.6667 -21.5619 2.5
    endloop
  endfacet
  facet normal -0.0405016 -0.999179 -0
    outer loop
      vertex -52.5352 -21.6483 2.5
      vertex -54.6667 -21.5619 2.1
      vertex -52.5352 -21.6483 2.1
    endloop
  endfacet
  facet normal -0.0580144 -0.998316 0
    outer loop
      vertex -5.05936 -82.1721 2.1
      vertex -2.75864 -82.3058 2.5
      vertex -5.05936 -82.1721 2.5
    endloop
  endfacet
  facet normal -0.0580144 -0.998316 -0
    outer loop
      vertex -2.75864 -82.3058 2.5
      vertex -5.05936 -82.1721 2.1
      vertex -2.75864 -82.3058 2.1
    endloop
  endfacet
  facet normal -0.096724 -0.995311 0
    outer loop
      vertex -7.34276 -81.9502 2.1
      vertex -5.05936 -82.1721 2.5
      vertex -7.34276 -81.9502 2.5
    endloop
  endfacet
  facet normal -0.096724 -0.995311 -0
    outer loop
      vertex -5.05936 -82.1721 2.5
      vertex -7.34276 -81.9502 2.1
      vertex -5.05936 -82.1721 2.1
    endloop
  endfacet
  facet normal -0.135267 -0.990809 0
    outer loop
      vertex -9.60686 -81.6411 2.1
      vertex -7.34276 -81.9502 2.5
      vertex -9.60686 -81.6411 2.5
    endloop
  endfacet
  facet normal -0.135267 -0.990809 -0
    outer loop
      vertex -7.34276 -81.9502 2.5
      vertex -9.60686 -81.6411 2.1
      vertex -7.34276 -81.9502 2.1
    endloop
  endfacet
  facet normal -0.173752 -0.984789 0
    outer loop
      vertex -11.8496 -81.2454 2.1
      vertex -9.60686 -81.6411 2.5
      vertex -11.8496 -81.2454 2.5
    endloop
  endfacet
  facet normal -0.173752 -0.984789 -0
    outer loop
      vertex -9.60686 -81.6411 2.5
      vertex -11.8496 -81.2454 2.1
      vertex -9.60686 -81.6411 2.1
    endloop
  endfacet
  facet normal -0.211934 -0.977284 0
    outer loop
      vertex -14.069 -80.7641 2.1
      vertex -11.8496 -81.2454 2.5
      vertex -14.069 -80.7641 2.5
    endloop
  endfacet
  facet normal -0.211934 -0.977284 -0
    outer loop
      vertex -11.8496 -81.2454 2.5
      vertex -14.069 -80.7641 2.1
      vertex -11.8496 -81.2454 2.1
    endloop
  endfacet
  facet normal -0.249881 -0.968277 0
    outer loop
      vertex -16.263 -80.1979 2.1
      vertex -14.069 -80.7641 2.5
      vertex -16.263 -80.1979 2.5
    endloop
  endfacet
  facet normal -0.249881 -0.968277 -0
    outer loop
      vertex -14.069 -80.7641 2.5
      vertex -16.263 -80.1979 2.1
      vertex -14.069 -80.7641 2.1
    endloop
  endfacet
  facet normal -0.287437 -0.9578 0
    outer loop
      vertex -18.4296 -79.5477 2.1
      vertex -16.263 -80.1979 2.5
      vertex -18.4296 -79.5477 2.5
    endloop
  endfacet
  facet normal -0.287437 -0.9578 -0
    outer loop
      vertex -16.263 -80.1979 2.5
      vertex -18.4296 -79.5477 2.1
      vertex -16.263 -80.1979 2.1
    endloop
  endfacet
  facet normal -0.32458 -0.945858 0
    outer loop
      vertex -20.5668 -78.8143 2.1
      vertex -18.4296 -79.5477 2.5
      vertex -20.5668 -78.8143 2.5
    endloop
  endfacet
  facet normal -0.32458 -0.945858 -0
    outer loop
      vertex -18.4296 -79.5477 2.5
      vertex -20.5668 -78.8143 2.1
      vertex -18.4296 -79.5477 2.1
    endloop
  endfacet
  facet normal -0.361245 -0.932471 0
    outer loop
      vertex -22.6726 -77.9985 2.1
      vertex -20.5668 -78.8143 2.5
      vertex -22.6726 -77.9985 2.5
    endloop
  endfacet
  facet normal -0.361245 -0.932471 -0
    outer loop
      vertex -20.5668 -78.8143 2.5
      vertex -22.6726 -77.9985 2.1
      vertex -20.5668 -78.8143 2.1
    endloop
  endfacet
  facet normal -0.397348 -0.917668 0
    outer loop
      vertex -24.7449 -77.1012 2.1
      vertex -22.6726 -77.9985 2.5
      vertex -24.7449 -77.1012 2.5
    endloop
  endfacet
  facet normal -0.397348 -0.917668 -0
    outer loop
      vertex -22.6726 -77.9985 2.5
      vertex -24.7449 -77.1012 2.1
      vertex -22.6726 -77.9985 2.1
    endloop
  endfacet
  facet normal -0.432871 -0.901456 0
    outer loop
      vertex -26.7818 -76.1231 2.1
      vertex -24.7449 -77.1012 2.5
      vertex -26.7818 -76.1231 2.5
    endloop
  endfacet
  facet normal -0.432871 -0.901456 -0
    outer loop
      vertex -24.7449 -77.1012 2.5
      vertex -26.7818 -76.1231 2.1
      vertex -24.7449 -77.1012 2.1
    endloop
  endfacet
  facet normal -0.467678 -0.883899 0
    outer loop
      vertex -28.7812 -75.0652 2.1
      vertex -26.7818 -76.1231 2.5
      vertex -28.7812 -75.0652 2.5
    endloop
  endfacet
  facet normal -0.467678 -0.883899 -0
    outer loop
      vertex -26.7818 -76.1231 2.5
      vertex -28.7812 -75.0652 2.1
      vertex -26.7818 -76.1231 2.1
    endloop
  endfacet
  facet normal -0.501803 -0.864982 0
    outer loop
      vertex -30.7411 -73.9282 2.1
      vertex -28.7812 -75.0652 2.5
      vertex -30.7411 -73.9282 2.5
    endloop
  endfacet
  facet normal -0.501803 -0.864982 -0
    outer loop
      vertex -28.7812 -75.0652 2.5
      vertex -30.7411 -73.9282 2.1
      vertex -28.7812 -75.0652 2.1
    endloop
  endfacet
  facet normal -0.535182 -0.844737 0
    outer loop
      vertex -32.6595 -72.7128 2.1
      vertex -30.7411 -73.9282 2.5
      vertex -32.6595 -72.7128 2.5
    endloop
  endfacet
  facet normal -0.535182 -0.844737 -0
    outer loop
      vertex -30.7411 -73.9282 2.5
      vertex -32.6595 -72.7128 2.1
      vertex -30.7411 -73.9282 2.1
    endloop
  endfacet
  facet normal -0.567613 -0.823296 0
    outer loop
      vertex -34.5345 -71.4201 2.1
      vertex -32.6595 -72.7128 2.5
      vertex -34.5345 -71.4201 2.5
    endloop
  endfacet
  facet normal -0.567613 -0.823296 -0
    outer loop
      vertex -32.6595 -72.7128 2.5
      vertex -34.5345 -71.4201 2.1
      vertex -32.6595 -72.7128 2.1
    endloop
  endfacet
  facet normal -0.599279 -0.800541 0
    outer loop
      vertex -36.3638 -70.0507 2.1
      vertex -34.5345 -71.4201 2.5
      vertex -36.3638 -70.0507 2.5
    endloop
  endfacet
  facet normal -0.599279 -0.800541 -0
    outer loop
      vertex -34.5345 -71.4201 2.5
      vertex -36.3638 -70.0507 2.1
      vertex -34.5345 -71.4201 2.1
    endloop
  endfacet
  facet normal -0.629933 -0.77665 0
    outer loop
      vertex -38.1456 -68.6055 2.1
      vertex -36.3638 -70.0507 2.5
      vertex -38.1456 -68.6055 2.5
    endloop
  endfacet
  facet normal -0.629933 -0.77665 -0
    outer loop
      vertex -36.3638 -70.0507 2.5
      vertex -38.1456 -68.6055 2.1
      vertex -36.3638 -70.0507 2.1
    endloop
  endfacet
  facet normal -0.65957 -0.751643 0
    outer loop
      vertex -39.8779 -67.0854 2.1
      vertex -38.1456 -68.6055 2.5
      vertex -39.8779 -67.0854 2.5
    endloop
  endfacet
  facet normal -0.65957 -0.751643 -0
    outer loop
      vertex -38.1456 -68.6055 2.5
      vertex -39.8779 -67.0854 2.1
      vertex -38.1456 -68.6055 2.1
    endloop
  endfacet
  facet normal -0.688257 -0.725467 0
    outer loop
      vertex -41.5585 -65.491 2.1
      vertex -39.8779 -67.0854 2.5
      vertex -41.5585 -65.491 2.5
    endloop
  endfacet
  facet normal -0.688257 -0.725467 -0
    outer loop
      vertex -39.8779 -67.0854 2.5
      vertex -41.5585 -65.491 2.1
      vertex -39.8779 -67.0854 2.1
    endloop
  endfacet
  facet normal -0.715038 -0.699085 0
    outer loop
      vertex -41.5585 -65.491 2.1
      vertex -43.0353 -63.9805 2.5
      vertex -43.0353 -63.9805 2.1
    endloop
  endfacet
  facet normal -0.715038 -0.699085 0
    outer loop
      vertex -43.0353 -63.9805 2.5
      vertex -41.5585 -65.491 2.1
      vertex -41.5585 -65.491 2.5
    endloop
  endfacet
  facet normal -0.740245 -0.672337 0
    outer loop
      vertex -43.0353 -63.9805 2.1
      vertex -44.4511 -62.4217 2.5
      vertex -44.4511 -62.4217 2.1
    endloop
  endfacet
  facet normal -0.740245 -0.672337 0
    outer loop
      vertex -44.4511 -62.4217 2.5
      vertex -43.0353 -63.9805 2.1
      vertex -43.0353 -63.9805 2.5
    endloop
  endfacet
  facet normal -0.764272 -0.644894 0
    outer loop
      vertex -44.4511 -62.4217 2.1
      vertex -45.8054 -60.8167 2.5
      vertex -45.8054 -60.8167 2.1
    endloop
  endfacet
  facet normal -0.764272 -0.644894 0
    outer loop
      vertex -45.8054 -60.8167 2.5
      vertex -44.4511 -62.4217 2.1
      vertex -44.4511 -62.4217 2.5
    endloop
  endfacet
  facet normal -0.787171 -0.616735 0
    outer loop
      vertex -45.8054 -60.8167 2.1
      vertex -47.0976 -59.1674 2.5
      vertex -47.0976 -59.1674 2.1
    endloop
  endfacet
  facet normal -0.787171 -0.616735 0
    outer loop
      vertex -47.0976 -59.1674 2.5
      vertex -45.8054 -60.8167 2.1
      vertex -45.8054 -60.8167 2.5
    endloop
  endfacet
  facet normal -0.808897 -0.58795 0
    outer loop
      vertex -47.0976 -59.1674 2.1
      vertex -48.327 -57.476 2.5
      vertex -48.327 -57.476 2.1
    endloop
  endfacet
  facet normal -0.808897 -0.58795 0
    outer loop
      vertex -48.327 -57.476 2.5
      vertex -47.0976 -59.1674 2.1
      vertex -47.0976 -59.1674 2.5
    endloop
  endfacet
  facet normal -0.829492 -0.558519 0
    outer loop
      vertex -48.327 -57.476 2.1
      vertex -49.493 -55.7443 2.5
      vertex -49.493 -55.7443 2.1
    endloop
  endfacet
  facet normal -0.829492 -0.558519 0
    outer loop
      vertex -49.493 -55.7443 2.5
      vertex -48.327 -57.476 2.1
      vertex -48.327 -57.476 2.5
    endloop
  endfacet
  facet normal -0.848929 -0.528506 0
    outer loop
      vertex -49.493 -55.7443 2.1
      vertex -50.5948 -53.9745 2.5
      vertex -50.5948 -53.9745 2.1
    endloop
  endfacet
  facet normal -0.848929 -0.528506 0
    outer loop
      vertex -50.5948 -53.9745 2.5
      vertex -49.493 -55.7443 2.1
      vertex -49.493 -55.7443 2.5
    endloop
  endfacet
  facet normal -0.867186 -0.497984 0
    outer loop
      vertex -50.5948 -53.9745 2.1
      vertex -51.6319 -52.1685 2.5
      vertex -51.6319 -52.1685 2.1
    endloop
  endfacet
  facet normal -0.867186 -0.497984 0
    outer loop
      vertex -51.6319 -52.1685 2.5
      vertex -50.5948 -53.9745 2.1
      vertex -50.5948 -53.9745 2.5
    endloop
  endfacet
  facet normal -0.884249 -0.467015 0
    outer loop
      vertex -51.6319 -52.1685 2.1
      vertex -52.6038 -50.3283 2.5
      vertex -52.6038 -50.3283 2.1
    endloop
  endfacet
  facet normal -0.884249 -0.467015 0
    outer loop
      vertex -52.6038 -50.3283 2.5
      vertex -51.6319 -52.1685 2.1
      vertex -51.6319 -52.1685 2.5
    endloop
  endfacet
  facet normal -0.900216 -0.435444 0
    outer loop
      vertex -52.6038 -50.3283 2.1
      vertex -53.5095 -48.4559 2.5
      vertex -53.5095 -48.4559 2.1
    endloop
  endfacet
  facet normal -0.900216 -0.435444 0
    outer loop
      vertex -53.5095 -48.4559 2.5
      vertex -52.6038 -50.3283 2.1
      vertex -52.6038 -50.3283 2.5
    endloop
  endfacet
  facet normal -0.914942 -0.403585 0
    outer loop
      vertex -53.5095 -48.4559 2.1
      vertex -54.3487 -46.5534 2.5
      vertex -54.3487 -46.5534 2.1
    endloop
  endfacet
  facet normal -0.914942 -0.403585 0
    outer loop
      vertex -54.3487 -46.5534 2.5
      vertex -53.5095 -48.4559 2.1
      vertex -53.5095 -48.4559 2.5
    endloop
  endfacet
  facet normal -0.928556 -0.371192 0
    outer loop
      vertex -54.3487 -46.5534 2.1
      vertex -55.1205 -44.6227 2.5
      vertex -55.1205 -44.6227 2.1
    endloop
  endfacet
  facet normal -0.928556 -0.371192 0
    outer loop
      vertex -55.1205 -44.6227 2.5
      vertex -54.3487 -46.5534 2.1
      vertex -54.3487 -46.5534 2.5
    endloop
  endfacet
  facet normal -0.940977 -0.338471 0
    outer loop
      vertex -55.1205 -44.6227 2.1
      vertex -55.8244 -42.6658 2.5
      vertex -55.8244 -42.6658 2.1
    endloop
  endfacet
  facet normal -0.940977 -0.338471 0
    outer loop
      vertex -55.8244 -42.6658 2.5
      vertex -55.1205 -44.6227 2.1
      vertex -55.1205 -44.6227 2.5
    endloop
  endfacet
  facet normal -0.952217 -0.305421 0
    outer loop
      vertex -55.8244 -42.6658 2.1
      vertex -56.4598 -40.6848 2.5
      vertex -56.4598 -40.6848 2.1
    endloop
  endfacet
  facet normal -0.952217 -0.305421 0
    outer loop
      vertex -56.4598 -40.6848 2.5
      vertex -55.8244 -42.6658 2.1
      vertex -55.8244 -42.6658 2.5
    endloop
  endfacet
  facet normal -0.962296 -0.272004 0
    outer loop
      vertex -56.4598 -40.6848 2.1
      vertex -57.026 -38.6817 2.5
      vertex -57.026 -38.6817 2.1
    endloop
  endfacet
  facet normal -0.962296 -0.272004 0
    outer loop
      vertex -57.026 -38.6817 2.5
      vertex -56.4598 -40.6848 2.1
      vertex -56.4598 -40.6848 2.5
    endloop
  endfacet
  facet normal -0.9712 -0.238264 0
    outer loop
      vertex -57.026 -38.6817 2.1
      vertex -57.5224 -36.6583 2.5
      vertex -57.5224 -36.6583 2.1
    endloop
  endfacet
  facet normal -0.9712 -0.238264 0
    outer loop
      vertex -57.5224 -36.6583 2.5
      vertex -57.026 -38.6817 2.1
      vertex -57.026 -38.6817 2.5
    endloop
  endfacet
  facet normal -0.978932 -0.204188 0
    outer loop
      vertex -57.5224 -36.6583 2.1
      vertex -57.9482 -34.6169 2.5
      vertex -57.9482 -34.6169 2.1
    endloop
  endfacet
  facet normal -0.978932 -0.204188 0
    outer loop
      vertex -57.9482 -34.6169 2.5
      vertex -57.5224 -36.6583 2.1
      vertex -57.5224 -36.6583 2.5
    endloop
  endfacet
  facet normal -0.985455 -0.169934 0
    outer loop
      vertex -57.9482 -34.6169 2.1
      vertex -58.303 -32.5594 2.5
      vertex -58.303 -32.5594 2.1
    endloop
  endfacet
  facet normal -0.985455 -0.169934 0
    outer loop
      vertex -58.303 -32.5594 2.5
      vertex -57.9482 -34.6169 2.1
      vertex -57.9482 -34.6169 2.5
    endloop
  endfacet
  facet normal -0.990798 -0.135352 0
    outer loop
      vertex -58.303 -32.5594 2.1
      vertex -58.586 -30.4878 2.5
      vertex -58.586 -30.4878 2.1
    endloop
  endfacet
  facet normal -0.990798 -0.135352 0
    outer loop
      vertex -58.586 -30.4878 2.5
      vertex -58.303 -32.5594 2.1
      vertex -58.303 -32.5594 2.5
    endloop
  endfacet
  facet normal -0.994937 -0.100501 0
    outer loop
      vertex -58.586 -30.4878 2.1
      vertex -58.7965 -28.4039 2.5
      vertex -58.7965 -28.4039 2.1
    endloop
  endfacet
  facet normal -0.994937 -0.100501 0
    outer loop
      vertex -58.7965 -28.4039 2.5
      vertex -58.586 -30.4878 2.1
      vertex -58.586 -30.4878 2.5
    endloop
  endfacet
  facet normal 0.181916 0.983314 -0
    outer loop
      vertex -58.4911 -28.4604 2.1
      vertex -58.7965 -28.4039 2.5
      vertex -58.4911 -28.4604 2.5
    endloop
  endfacet
  facet normal 0.181916 0.983314 0
    outer loop
      vertex -58.7965 -28.4039 2.5
      vertex -58.4911 -28.4604 2.1
      vertex -58.7965 -28.4039 2.1
    endloop
  endfacet
  facet normal 0.172942 0.984932 -0
    outer loop
      vertex -58.1847 -28.5142 2.1
      vertex -58.4911 -28.4604 2.5
      vertex -58.1847 -28.5142 2.5
    endloop
  endfacet
  facet normal 0.172942 0.984932 0
    outer loop
      vertex -58.4911 -28.4604 2.5
      vertex -58.1847 -28.5142 2.1
      vertex -58.4911 -28.4604 2.1
    endloop
  endfacet
  facet normal 0.164399 0.986394 -0
    outer loop
      vertex -57.8775 -28.5654 2.1
      vertex -58.1847 -28.5142 2.5
      vertex -57.8775 -28.5654 2.5
    endloop
  endfacet
  facet normal 0.164399 0.986394 0
    outer loop
      vertex -58.1847 -28.5142 2.5
      vertex -57.8775 -28.5654 2.1
      vertex -58.1847 -28.5142 2.1
    endloop
  endfacet
  facet normal 0.155189 0.987885 -0
    outer loop
      vertex -57.5694 -28.6138 2.1
      vertex -57.8775 -28.5654 2.5
      vertex -57.5694 -28.6138 2.5
    endloop
  endfacet
  facet normal 0.155189 0.987885 0
    outer loop
      vertex -57.8775 -28.5654 2.5
      vertex -57.5694 -28.6138 2.1
      vertex -57.8775 -28.5654 2.1
    endloop
  endfacet
  facet normal 0.146665 0.989186 -0
    outer loop
      vertex -57.2605 -28.6596 2.1
      vertex -57.5694 -28.6138 2.5
      vertex -57.2605 -28.6596 2.5
    endloop
  endfacet
  facet normal 0.146665 0.989186 0
    outer loop
      vertex -57.5694 -28.6138 2.5
      vertex -57.2605 -28.6596 2.1
      vertex -57.5694 -28.6138 2.1
    endloop
  endfacet
  facet normal 0.137481 0.990504 -0
    outer loop
      vertex -56.9507 -28.7026 2.1
      vertex -57.2605 -28.6596 2.5
      vertex -56.9507 -28.7026 2.5
    endloop
  endfacet
  facet normal 0.137481 0.990504 0
    outer loop
      vertex -57.2605 -28.6596 2.5
      vertex -56.9507 -28.7026 2.1
      vertex -57.2605 -28.6596 2.1
    endloop
  endfacet
  facet normal 0.128316 0.991733 -0
    outer loop
      vertex -56.64 -28.7428 2.1
      vertex -56.9507 -28.7026 2.5
      vertex -56.64 -28.7428 2.5
    endloop
  endfacet
  facet normal 0.128316 0.991733 0
    outer loop
      vertex -56.9507 -28.7026 2.5
      vertex -56.64 -28.7428 2.1
      vertex -56.9507 -28.7026 2.1
    endloop
  endfacet
  facet normal 0.119484 0.992836 -0
    outer loop
      vertex -56.3284 -28.7803 2.1
      vertex -56.64 -28.7428 2.5
      vertex -56.3284 -28.7803 2.5
    endloop
  endfacet
  facet normal 0.119484 0.992836 0
    outer loop
      vertex -56.64 -28.7428 2.5
      vertex -56.3284 -28.7803 2.1
      vertex -56.64 -28.7428 2.1
    endloop
  endfacet
  facet normal 0.110117 0.993919 -0
    outer loop
      vertex -56.0161 -28.8149 2.1
      vertex -56.3284 -28.7803 2.5
      vertex -56.0161 -28.8149 2.5
    endloop
  endfacet
  facet normal 0.110117 0.993919 0
    outer loop
      vertex -56.3284 -28.7803 2.5
      vertex -56.0161 -28.8149 2.1
      vertex -56.3284 -28.7803 2.1
    endloop
  endfacet
  facet normal 0.100635 0.994923 -0
    outer loop
      vertex -55.7027 -28.8466 2.1
      vertex -56.0161 -28.8149 2.5
      vertex -55.7027 -28.8466 2.5
    endloop
  endfacet
  facet normal 0.100635 0.994923 0
    outer loop
      vertex -56.0161 -28.8149 2.5
      vertex -55.7027 -28.8466 2.1
      vertex -56.0161 -28.8149 2.1
    endloop
  endfacet
  facet normal 0.0916219 0.995794 -0
    outer loop
      vertex -55.3886 -28.8755 2.1
      vertex -55.7027 -28.8466 2.5
      vertex -55.3886 -28.8755 2.5
    endloop
  endfacet
  facet normal 0.0916219 0.995794 0
    outer loop
      vertex -55.7027 -28.8466 2.5
      vertex -55.3886 -28.8755 2.1
      vertex -55.7027 -28.8466 2.1
    endloop
  endfacet
  facet normal 0.0822599 0.996611 -0
    outer loop
      vertex -55.0736 -28.9015 2.1
      vertex -55.3886 -28.8755 2.5
      vertex -55.0736 -28.9015 2.5
    endloop
  endfacet
  facet normal 0.0822599 0.996611 0
    outer loop
      vertex -55.3886 -28.8755 2.5
      vertex -55.0736 -28.9015 2.1
      vertex -55.3886 -28.8755 2.1
    endloop
  endfacet
  facet normal 0.0723243 0.997381 -0
    outer loop
      vertex -54.7578 -28.9244 2.1
      vertex -55.0736 -28.9015 2.5
      vertex -54.7578 -28.9244 2.5
    endloop
  endfacet
  facet normal 0.0723243 0.997381 0
    outer loop
      vertex -55.0736 -28.9015 2.5
      vertex -54.7578 -28.9244 2.1
      vertex -55.0736 -28.9015 2.1
    endloop
  endfacet
  facet normal 0.0633197 0.997993 -0
    outer loop
      vertex -54.441 -28.9445 2.1
      vertex -54.7578 -28.9244 2.5
      vertex -54.441 -28.9445 2.5
    endloop
  endfacet
  facet normal 0.0633197 0.997993 0
    outer loop
      vertex -54.7578 -28.9244 2.5
      vertex -54.441 -28.9445 2.1
      vertex -54.7578 -28.9244 2.1
    endloop
  endfacet
  facet normal 0.0534499 0.998571 -0
    outer loop
      vertex -54.1234 -28.9615 2.1
      vertex -54.441 -28.9445 2.5
      vertex -54.1234 -28.9615 2.5
    endloop
  endfacet
  facet normal 0.0534499 0.998571 0
    outer loop
      vertex -54.441 -28.9445 2.5
      vertex -54.1234 -28.9615 2.1
      vertex -54.441 -28.9445 2.1
    endloop
  endfacet
  facet normal 0.0439136 0.999035 -0
    outer loop
      vertex -53.8049 -28.9755 2.1
      vertex -54.1234 -28.9615 2.5
      vertex -53.8049 -28.9755 2.5
    endloop
  endfacet
  facet normal 0.0439136 0.999035 0
    outer loop
      vertex -54.1234 -28.9615 2.5
      vertex -53.8049 -28.9755 2.1
      vertex -54.1234 -28.9615 2.1
    endloop
  endfacet
  facet normal 0.0344299 0.999407 -0
    outer loop
      vertex -53.4856 -28.9865 2.1
      vertex -53.8049 -28.9755 2.5
      vertex -53.4856 -28.9865 2.5
    endloop
  endfacet
  facet normal 0.0344299 0.999407 0
    outer loop
      vertex -53.8049 -28.9755 2.5
      vertex -53.4856 -28.9865 2.1
      vertex -53.8049 -28.9755 2.1
    endloop
  endfacet
  facet normal 0.0243526 0.999703 -0
    outer loop
      vertex -53.1654 -28.9943 2.1
      vertex -53.4856 -28.9865 2.5
      vertex -53.1654 -28.9943 2.5
    endloop
  endfacet
  facet normal 0.0243526 0.999703 0
    outer loop
      vertex -53.4856 -28.9865 2.5
      vertex -53.1654 -28.9943 2.1
      vertex -53.4856 -28.9865 2.1
    endloop
  endfacet
  facet normal 0.0146356 0.999893 -0
    outer loop
      vertex -52.8443 -28.999 2.1
      vertex -53.1654 -28.9943 2.5
      vertex -52.8443 -28.999 2.5
    endloop
  endfacet
  facet normal 0.0146356 0.999893 0
    outer loop
      vertex -53.1654 -28.9943 2.5
      vertex -52.8443 -28.999 2.1
      vertex -53.1654 -28.9943 2.1
    endloop
  endfacet
  facet normal 0.00497043 0.999988 -0
    outer loop
      vertex -52.5224 -29.0006 2.1
      vertex -52.8443 -28.999 2.5
      vertex -52.5224 -29.0006 2.5
    endloop
  endfacet
  facet normal 0.00497043 0.999988 0
    outer loop
      vertex -52.8443 -28.999 2.5
      vertex -52.5224 -29.0006 2.1
      vertex -52.8443 -28.999 2.1
    endloop
  endfacet
  facet normal -0.00291402 0.999996 0
    outer loop
      vertex -52.3165 -29 2.1
      vertex -52.5224 -29.0006 2.5
      vertex -52.3165 -29 2.5
    endloop
  endfacet
  facet normal -0.00291402 0.999996 0
    outer loop
      vertex -52.5224 -29.0006 2.5
      vertex -52.3165 -29 2.1
      vertex -52.5224 -29.0006 2.1
    endloop
  endfacet
  facet normal -0.00924085 0.999957 0
    outer loop
      vertex -52.1109 -28.9981 2.1
      vertex -52.3165 -29 2.5
      vertex -52.1109 -28.9981 2.5
    endloop
  endfacet
  facet normal -0.00924085 0.999957 0
    outer loop
      vertex -52.3165 -29 2.5
      vertex -52.1109 -28.9981 2.1
      vertex -52.3165 -29 2.1
    endloop
  endfacet
  facet normal -0.0150908 0.999886 0
    outer loop
      vertex -51.9055 -28.995 2.1
      vertex -52.1109 -28.9981 2.5
      vertex -51.9055 -28.995 2.5
    endloop
  endfacet
  facet normal -0.0150908 0.999886 0
    outer loop
      vertex -52.1109 -28.9981 2.5
      vertex -51.9055 -28.995 2.1
      vertex -52.1109 -28.9981 2.1
    endloop
  endfacet
  facet normal -0.0214376 0.99977 0
    outer loop
      vertex -51.7003 -28.9906 2.1
      vertex -51.9055 -28.995 2.5
      vertex -51.7003 -28.9906 2.5
    endloop
  endfacet
  facet normal -0.0214376 0.99977 0
    outer loop
      vertex -51.9055 -28.995 2.5
      vertex -51.7003 -28.9906 2.1
      vertex -51.9055 -28.995 2.1
    endloop
  endfacet
  facet normal -0.0273202 0.999627 0
    outer loop
      vertex -51.4954 -28.985 2.1
      vertex -51.7003 -28.9906 2.5
      vertex -51.4954 -28.985 2.5
    endloop
  endfacet
  facet normal -0.0273202 0.999627 0
    outer loop
      vertex -51.7003 -28.9906 2.5
      vertex -51.4954 -28.985 2.1
      vertex -51.7003 -28.9906 2.1
    endloop
  endfacet
  facet normal -0.0336887 0.999432 0
    outer loop
      vertex -51.2907 -28.9781 2.1
      vertex -51.4954 -28.985 2.5
      vertex -51.2907 -28.9781 2.5
    endloop
  endfacet
  facet normal -0.0336887 0.999432 0
    outer loop
      vertex -51.4954 -28.985 2.5
      vertex -51.2907 -28.9781 2.1
      vertex -51.4954 -28.985 2.1
    endloop
  endfacet
  facet normal -0.0395971 0.999216 0
    outer loop
      vertex -51.0863 -28.97 2.1
      vertex -51.2907 -28.9781 2.5
      vertex -51.0863 -28.97 2.5
    endloop
  endfacet
  facet normal -0.0395971 0.999216 0
    outer loop
      vertex -51.2907 -28.9781 2.5
      vertex -51.0863 -28.97 2.1
      vertex -51.2907 -28.9781 2.1
    endloop
  endfacet
  facet normal -0.0460296 0.99894 0
    outer loop
      vertex -50.8823 -28.9606 2.1
      vertex -51.0863 -28.97 2.5
      vertex -50.8823 -28.9606 2.5
    endloop
  endfacet
  facet normal -0.0460296 0.99894 0
    outer loop
      vertex -51.0863 -28.97 2.5
      vertex -50.8823 -28.9606 2.1
      vertex -51.0863 -28.97 2.1
    endloop
  endfacet
  facet normal -0.0519416 0.99865 0
    outer loop
      vertex -50.6785 -28.95 2.1
      vertex -50.8823 -28.9606 2.5
      vertex -50.6785 -28.95 2.5
    endloop
  endfacet
  facet normal -0.0519416 0.99865 0
    outer loop
      vertex -50.8823 -28.9606 2.5
      vertex -50.6785 -28.95 2.1
      vertex -50.8823 -28.9606 2.1
    endloop
  endfacet
  facet normal -0.0584055 0.998293 0
    outer loop
      vertex -50.4751 -28.9381 2.1
      vertex -50.6785 -28.95 2.5
      vertex -50.4751 -28.9381 2.5
    endloop
  endfacet
  facet normal -0.0584055 0.998293 0
    outer loop
      vertex -50.6785 -28.95 2.5
      vertex -50.4751 -28.9381 2.1
      vertex -50.6785 -28.95 2.1
    endloop
  endfacet
  facet normal -0.0643349 0.997928 0
    outer loop
      vertex -50.2719 -28.925 2.1
      vertex -50.4751 -28.9381 2.5
      vertex -50.2719 -28.925 2.5
    endloop
  endfacet
  facet normal -0.0643349 0.997928 0
    outer loop
      vertex -50.4751 -28.9381 2.5
      vertex -50.2719 -28.925 2.1
      vertex -50.4751 -28.9381 2.1
    endloop
  endfacet
  facet normal -0.0708624 0.997486 0
    outer loop
      vertex -50.0692 -28.9106 2.1
      vertex -50.2719 -28.925 2.5
      vertex -50.0692 -28.9106 2.5
    endloop
  endfacet
  facet normal -0.0708624 0.997486 0
    outer loop
      vertex -50.2719 -28.925 2.5
      vertex -50.0692 -28.9106 2.1
      vertex -50.2719 -28.925 2.1
    endloop
  endfacet
  facet normal -0.0768472 0.997043 0
    outer loop
      vertex -49.8668 -28.895 2.1
      vertex -50.0692 -28.9106 2.5
      vertex -49.8668 -28.895 2.5
    endloop
  endfacet
  facet normal -0.0768472 0.997043 0
    outer loop
      vertex -50.0692 -28.9106 2.5
      vertex -49.8668 -28.895 2.1
      vertex -50.0692 -28.9106 2.1
    endloop
  endfacet
  facet normal -0.083862 0.996477 0
    outer loop
      vertex -49.6648 -28.878 2.1
      vertex -49.8668 -28.895 2.5
      vertex -49.6648 -28.878 2.5
    endloop
  endfacet
  facet normal -0.083862 0.996477 0
    outer loop
      vertex -49.8668 -28.895 2.5
      vertex -49.6648 -28.878 2.1
      vertex -49.8668 -28.895 2.1
    endloop
  endfacet
  facet normal -0.0888882 0.996042 0
    outer loop
      vertex -49.4631 -28.86 2.1
      vertex -49.6648 -28.878 2.5
      vertex -49.4631 -28.86 2.5
    endloop
  endfacet
  facet normal -0.0888882 0.996042 0
    outer loop
      vertex -49.6648 -28.878 2.5
      vertex -49.4631 -28.86 2.1
      vertex -49.6648 -28.878 2.1
    endloop
  endfacet
  facet normal -0.0964665 0.995336 0
    outer loop
      vertex -49.2619 -28.8405 2.1
      vertex -49.4631 -28.86 2.5
      vertex -49.2619 -28.8405 2.5
    endloop
  endfacet
  facet normal -0.0964665 0.995336 0
    outer loop
      vertex -49.4631 -28.86 2.5
      vertex -49.2619 -28.8405 2.1
      vertex -49.4631 -28.86 2.1
    endloop
  endfacet
  facet normal -0.102054 0.994779 0
    outer loop
      vertex -49.0611 -28.8199 2.1
      vertex -49.2619 -28.8405 2.5
      vertex -49.0611 -28.8199 2.5
    endloop
  endfacet
  facet normal -0.102054 0.994779 0
    outer loop
      vertex -49.2619 -28.8405 2.5
      vertex -49.0611 -28.8199 2.1
      vertex -49.2619 -28.8405 2.1
    endloop
  endfacet
  facet normal -0.108688 0.994076 0
    outer loop
      vertex -48.8608 -28.798 2.1
      vertex -49.0611 -28.8199 2.5
      vertex -48.8608 -28.798 2.5
    endloop
  endfacet
  facet normal -0.108688 0.994076 0
    outer loop
      vertex -49.0611 -28.8199 2.5
      vertex -48.8608 -28.798 2.1
      vertex -49.0611 -28.8199 2.1
    endloop
  endfacet
  facet normal -0.115284 0.993333 0
    outer loop
      vertex -48.6609 -28.7748 2.1
      vertex -48.8608 -28.798 2.5
      vertex -48.6609 -28.7748 2.5
    endloop
  endfacet
  facet normal -0.115284 0.993333 0
    outer loop
      vertex -48.8608 -28.798 2.5
      vertex -48.6609 -28.7748 2.1
      vertex -48.8608 -28.798 2.1
    endloop
  endfacet
  facet normal -0.121461 0.992596 0
    outer loop
      vertex -48.4615 -28.7504 2.1
      vertex -48.6609 -28.7748 2.5
      vertex -48.4615 -28.7504 2.5
    endloop
  endfacet
  facet normal -0.121461 0.992596 0
    outer loop
      vertex -48.6609 -28.7748 2.5
      vertex -48.4615 -28.7504 2.1
      vertex -48.6609 -28.7748 2.1
    endloop
  endfacet
  facet normal 0.992477 0.122434 0
    outer loop
      vertex -48.2544 -30.4292 2.5
      vertex -48.4615 -28.7504 2.1
      vertex -48.4615 -28.7504 2.5
    endloop
  endfacet
  facet normal 0.992477 0.122434 0
    outer loop
      vertex -48.4615 -28.7504 2.1
      vertex -48.2544 -30.4292 2.5
      vertex -48.2544 -30.4292 2.1
    endloop
  endfacet
  facet normal 0.987835 0.155507 0
    outer loop
      vertex -47.9916 -32.0986 2.5
      vertex -48.2544 -30.4292 2.1
      vertex -48.2544 -30.4292 2.5
    endloop
  endfacet
  facet normal 0.987835 0.155507 0
    outer loop
      vertex -48.2544 -30.4292 2.1
      vertex -47.9916 -32.0986 2.5
      vertex -47.9916 -32.0986 2.1
    endloop
  endfacet
  facet normal 0.982068 0.188524 0
    outer loop
      vertex -47.6733 -33.7567 2.5
      vertex -47.9916 -32.0986 2.1
      vertex -47.9916 -32.0986 2.5
    endloop
  endfacet
  facet normal 0.982068 0.188524 0
    outer loop
      vertex -47.9916 -32.0986 2.1
      vertex -47.6733 -33.7567 2.5
      vertex -47.6733 -33.7567 2.1
    endloop
  endfacet
  facet normal 0.975271 0.221014 0
    outer loop
      vertex -47.3004 -35.4022 2.5
      vertex -47.6733 -33.7567 2.1
      vertex -47.6733 -33.7567 2.5
    endloop
  endfacet
  facet normal 0.975271 0.221014 0
    outer loop
      vertex -47.6733 -33.7567 2.1
      vertex -47.3004 -35.4022 2.5
      vertex -47.3004 -35.4022 2.1
    endloop
  endfacet
  facet normal 0.967334 0.253503 0
    outer loop
      vertex -46.873 -37.0331 2.5
      vertex -47.3004 -35.4022 2.1
      vertex -47.3004 -35.4022 2.5
    endloop
  endfacet
  facet normal 0.967334 0.253503 0
    outer loop
      vertex -47.3004 -35.4022 2.1
      vertex -46.873 -37.0331 2.5
      vertex -46.873 -37.0331 2.1
    endloop
  endfacet
  facet normal 0.958375 0.285513 0
    outer loop
      vertex -46.3919 -38.648 2.5
      vertex -46.873 -37.0331 2.1
      vertex -46.873 -37.0331 2.5
    endloop
  endfacet
  facet normal 0.958375 0.285513 0
    outer loop
      vertex -46.873 -37.0331 2.1
      vertex -46.3919 -38.648 2.5
      vertex -46.3919 -38.648 2.1
    endloop
  endfacet
  facet normal 0.948315 0.317332 0
    outer loop
      vertex -45.8574 -40.2453 2.5
      vertex -46.3919 -38.648 2.1
      vertex -46.3919 -38.648 2.5
    endloop
  endfacet
  facet normal 0.948315 0.317332 0
    outer loop
      vertex -46.3919 -38.648 2.1
      vertex -45.8574 -40.2453 2.5
      vertex -45.8574 -40.2453 2.1
    endloop
  endfacet
  facet normal 0.937169 0.348877 0
    outer loop
      vertex -45.27 -41.8232 2.5
      vertex -45.8574 -40.2453 2.1
      vertex -45.8574 -40.2453 2.5
    endloop
  endfacet
  facet normal 0.937169 0.348877 0
    outer loop
      vertex -45.8574 -40.2453 2.1
      vertex -45.27 -41.8232 2.5
      vertex -45.27 -41.8232 2.1
    endloop
  endfacet
  facet normal 0.924974 0.38003 0
    outer loop
      vertex -44.6303 -43.3802 2.5
      vertex -45.27 -41.8232 2.1
      vertex -45.27 -41.8232 2.5
    endloop
  endfacet
  facet normal 0.924974 0.38003 0
    outer loop
      vertex -45.27 -41.8232 2.1
      vertex -44.6303 -43.3802 2.5
      vertex -44.6303 -43.3802 2.1
    endloop
  endfacet
  facet normal 0.911672 0.410918 0
    outer loop
      vertex -43.9387 -44.9146 2.5
      vertex -44.6303 -43.3802 2.1
      vertex -44.6303 -43.3802 2.5
    endloop
  endfacet
  facet normal 0.911672 0.410918 0
    outer loop
      vertex -44.6303 -43.3802 2.1
      vertex -43.9387 -44.9146 2.5
      vertex -43.9387 -44.9146 2.1
    endloop
  endfacet
  facet normal 0.897272 0.441477 0
    outer loop
      vertex -43.1956 -46.4249 2.5
      vertex -43.9387 -44.9146 2.1
      vertex -43.9387 -44.9146 2.5
    endloop
  endfacet
  facet normal 0.897272 0.441477 0
    outer loop
      vertex -43.9387 -44.9146 2.1
      vertex -43.1956 -46.4249 2.5
      vertex -43.1956 -46.4249 2.1
    endloop
  endfacet
  facet normal 0.881805 0.471615 0
    outer loop
      vertex -42.4017 -47.9093 2.5
      vertex -43.1956 -46.4249 2.1
      vertex -43.1956 -46.4249 2.5
    endloop
  endfacet
  facet normal 0.881805 0.471615 0
    outer loop
      vertex -43.1956 -46.4249 2.1
      vertex -42.4017 -47.9093 2.5
      vertex -42.4017 -47.9093 2.1
    endloop
  endfacet
  facet normal 0.865212 0.501406 0
    outer loop
      vertex -41.5574 -49.3662 2.5
      vertex -42.4017 -47.9093 2.1
      vertex -42.4017 -47.9093 2.5
    endloop
  endfacet
  facet normal 0.865212 0.501406 0
    outer loop
      vertex -42.4017 -47.9093 2.1
      vertex -41.5574 -49.3662 2.5
      vertex -41.5574 -49.3662 2.1
    endloop
  endfacet
  facet normal 0.847528 0.530751 0
    outer loop
      vertex -40.6632 -50.7941 2.5
      vertex -41.5574 -49.3662 2.1
      vertex -41.5574 -49.3662 2.5
    endloop
  endfacet
  facet normal 0.847528 0.530751 0
    outer loop
      vertex -41.5574 -49.3662 2.1
      vertex -40.6632 -50.7941 2.5
      vertex -40.6632 -50.7941 2.1
    endloop
  endfacet
  facet normal 0.828668 0.559741 0
    outer loop
      vertex -39.7195 -52.1912 2.5
      vertex -40.6632 -50.7941 2.1
      vertex -40.6632 -50.7941 2.5
    endloop
  endfacet
  facet normal 0.828668 0.559741 0
    outer loop
      vertex -40.6632 -50.7941 2.1
      vertex -39.7195 -52.1912 2.5
      vertex -39.7195 -52.1912 2.1
    endloop
  endfacet
  facet normal 0.808739 0.588168 0
    outer loop
      vertex -38.727 -53.5559 2.5
      vertex -39.7195 -52.1912 2.1
      vertex -39.7195 -52.1912 2.5
    endloop
  endfacet
  facet normal 0.808739 0.588168 0
    outer loop
      vertex -39.7195 -52.1912 2.1
      vertex -38.727 -53.5559 2.5
      vertex -38.727 -53.5559 2.1
    endloop
  endfacet
  facet normal 0.787596 0.616192 0
    outer loop
      vertex -37.6859 -54.8866 2.5
      vertex -38.727 -53.5559 2.1
      vertex -38.727 -53.5559 2.5
    endloop
  endfacet
  facet normal 0.787596 0.616192 0
    outer loop
      vertex -38.727 -53.5559 2.1
      vertex -37.6859 -54.8866 2.5
      vertex -37.6859 -54.8866 2.1
    endloop
  endfacet
  facet normal 0.765434 0.643515 0
    outer loop
      vertex -36.597 -56.1818 2.5
      vertex -37.6859 -54.8866 2.1
      vertex -37.6859 -54.8866 2.5
    endloop
  endfacet
  facet normal 0.765434 0.643515 0
    outer loop
      vertex -37.6859 -54.8866 2.1
      vertex -36.597 -56.1818 2.5
      vertex -36.597 -56.1818 2.1
    endloop
  endfacet
  facet normal 0.742005 0.670394 0
    outer loop
      vertex -35.4605 -57.4397 2.5
      vertex -36.597 -56.1818 2.1
      vertex -36.597 -56.1818 2.5
    endloop
  endfacet
  facet normal 0.742005 0.670394 0
    outer loop
      vertex -36.597 -56.1818 2.1
      vertex -35.4605 -57.4397 2.5
      vertex -35.4605 -57.4397 2.1
    endloop
  endfacet
  facet normal 0.717506 0.696552 0
    outer loop
      vertex -34.2771 -58.6587 2.5
      vertex -35.4605 -57.4397 2.1
      vertex -35.4605 -57.4397 2.5
    endloop
  endfacet
  facet normal 0.717506 0.696552 0
    outer loop
      vertex -35.4605 -57.4397 2.1
      vertex -34.2771 -58.6587 2.5
      vertex -34.2771 -58.6587 2.1
    endloop
  endfacet
  facet normal 0.691028 0.722828 -0
    outer loop
      vertex -32.8928 -59.9821 2.1
      vertex -34.2771 -58.6587 2.5
      vertex -32.8928 -59.9821 2.5
    endloop
  endfacet
  facet normal 0.691028 0.722828 0
    outer loop
      vertex -34.2771 -58.6587 2.5
      vertex -32.8928 -59.9821 2.1
      vertex -34.2771 -58.6587 2.1
    endloop
  endfacet
  facet normal 0.662491 0.74907 -0
    outer loop
      vertex -31.4661 -61.2439 2.1
      vertex -32.8928 -59.9821 2.5
      vertex -31.4661 -61.2439 2.5
    endloop
  endfacet
  facet normal 0.662491 0.74907 0
    outer loop
      vertex -32.8928 -59.9821 2.5
      vertex -31.4661 -61.2439 2.1
      vertex -32.8928 -59.9821 2.1
    endloop
  endfacet
  facet normal 0.632942 0.774199 -0
    outer loop
      vertex -29.9989 -62.4434 2.1
      vertex -31.4661 -61.2439 2.5
      vertex -29.9989 -62.4434 2.5
    endloop
  endfacet
  facet normal 0.632942 0.774199 0
    outer loop
      vertex -31.4661 -61.2439 2.5
      vertex -29.9989 -62.4434 2.1
      vertex -31.4661 -61.2439 2.1
    endloop
  endfacet
  facet normal 0.602304 0.798267 -0
    outer loop
      vertex -28.4925 -63.58 2.1
      vertex -29.9989 -62.4434 2.5
      vertex -28.4925 -63.58 2.5
    endloop
  endfacet
  facet normal 0.602304 0.798267 0
    outer loop
      vertex -29.9989 -62.4434 2.5
      vertex -28.4925 -63.58 2.1
      vertex -29.9989 -62.4434 2.1
    endloop
  endfacet
  facet normal 0.57075 0.821124 -0
    outer loop
      vertex -26.9488 -64.653 2.1
      vertex -28.4925 -63.58 2.5
      vertex -26.9488 -64.653 2.5
    endloop
  endfacet
  facet normal 0.57075 0.821124 0
    outer loop
      vertex -28.4925 -63.58 2.5
      vertex -26.9488 -64.653 2.1
      vertex -28.4925 -63.58 2.1
    endloop
  endfacet
  facet normal 0.538215 0.842808 -0
    outer loop
      vertex -25.3694 -65.6616 2.1
      vertex -26.9488 -64.653 2.5
      vertex -25.3694 -65.6616 2.5
    endloop
  endfacet
  facet normal 0.538215 0.842808 0
    outer loop
      vertex -26.9488 -64.653 2.5
      vertex -25.3694 -65.6616 2.1
      vertex -26.9488 -64.653 2.1
    endloop
  endfacet
  facet normal 0.504849 0.863208 -0
    outer loop
      vertex -23.756 -66.6052 2.1
      vertex -25.3694 -65.6616 2.5
      vertex -23.756 -66.6052 2.5
    endloop
  endfacet
  facet normal 0.504849 0.863208 0
    outer loop
      vertex -25.3694 -65.6616 2.5
      vertex -23.756 -66.6052 2.1
      vertex -25.3694 -65.6616 2.1
    endloop
  endfacet
  facet normal 0.470666 0.882311 -0
    outer loop
      vertex -22.1101 -67.4832 2.1
      vertex -23.756 -66.6052 2.5
      vertex -22.1101 -67.4832 2.5
    endloop
  endfacet
  facet normal 0.470666 0.882311 0
    outer loop
      vertex -23.756 -66.6052 2.5
      vertex -22.1101 -67.4832 2.1
      vertex -23.756 -66.6052 2.1
    endloop
  endfacet
  facet normal 0.435774 0.900056 -0
    outer loop
      vertex -20.4336 -68.2949 2.1
      vertex -22.1101 -67.4832 2.5
      vertex -20.4336 -68.2949 2.5
    endloop
  endfacet
  facet normal 0.435774 0.900056 0
    outer loop
      vertex -22.1101 -67.4832 2.5
      vertex -20.4336 -68.2949 2.1
      vertex -22.1101 -67.4832 2.1
    endloop
  endfacet
  facet normal 0.400142 0.916453 -0
    outer loop
      vertex -18.728 -69.0396 2.1
      vertex -20.4336 -68.2949 2.5
      vertex -18.728 -69.0396 2.5
    endloop
  endfacet
  facet normal 0.400142 0.916453 0
    outer loop
      vertex -20.4336 -68.2949 2.5
      vertex -18.728 -69.0396 2.1
      vertex -20.4336 -68.2949 2.1
    endloop
  endfacet
  facet normal 0.363761 0.931492 -0
    outer loop
      vertex -16.9949 -69.7164 2.1
      vertex -18.728 -69.0396 2.5
      vertex -16.9949 -69.7164 2.5
    endloop
  endfacet
  facet normal 0.363761 0.931492 0
    outer loop
      vertex -18.728 -69.0396 2.5
      vertex -16.9949 -69.7164 2.1
      vertex -18.728 -69.0396 2.1
    endloop
  endfacet
  facet normal 0.327007 0.945022 -0
    outer loop
      vertex -15.2361 -70.325 2.1
      vertex -16.9949 -69.7164 2.5
      vertex -15.2361 -70.325 2.5
    endloop
  endfacet
  facet normal 0.327007 0.945022 0
    outer loop
      vertex -16.9949 -69.7164 2.5
      vertex -15.2361 -70.325 2.1
      vertex -16.9949 -69.7164 2.1
    endloop
  endfacet
  facet normal 0.289613 0.957144 -0
    outer loop
      vertex -13.4531 -70.8645 2.1
      vertex -15.2361 -70.325 2.5
      vertex -13.4531 -70.8645 2.5
    endloop
  endfacet
  facet normal 0.289613 0.957144 0
    outer loop
      vertex -15.2361 -70.325 2.5
      vertex -13.4531 -70.8645 2.1
      vertex -15.2361 -70.325 2.1
    endloop
  endfacet
  facet normal 0.25182 0.967774 -0
    outer loop
      vertex -11.6476 -71.3343 2.1
      vertex -13.4531 -70.8645 2.5
      vertex -11.6476 -71.3343 2.5
    endloop
  endfacet
  facet normal 0.25182 0.967774 0
    outer loop
      vertex -13.4531 -70.8645 2.5
      vertex -11.6476 -71.3343 2.1
      vertex -13.4531 -70.8645 2.1
    endloop
  endfacet
  facet normal 0.213612 0.976919 -0
    outer loop
      vertex -9.82147 -71.7336 2.1
      vertex -11.6476 -71.3343 2.5
      vertex -9.82147 -71.7336 2.5
    endloop
  endfacet
  facet normal 0.213612 0.976919 0
    outer loop
      vertex -11.6476 -71.3343 2.5
      vertex -9.82147 -71.7336 2.1
      vertex -11.6476 -71.3343 2.1
    endloop
  endfacet
  facet normal 0.175152 0.984541 -0
    outer loop
      vertex -7.97607 -72.0619 2.1
      vertex -9.82147 -71.7336 2.5
      vertex -7.97607 -72.0619 2.5
    endloop
  endfacet
  facet normal 0.175152 0.984541 0
    outer loop
      vertex -9.82147 -71.7336 2.5
      vertex -7.97607 -72.0619 2.1
      vertex -9.82147 -71.7336 2.1
    endloop
  endfacet
  facet normal 0.136404 0.990653 -0
    outer loop
      vertex -6.1132 -72.3184 2.1
      vertex -7.97607 -72.0619 2.5
      vertex -6.1132 -72.3184 2.5
    endloop
  endfacet
  facet normal 0.136404 0.990653 0
    outer loop
      vertex -7.97607 -72.0619 2.5
      vertex -6.1132 -72.3184 2.1
      vertex -7.97607 -72.0619 2.1
    endloop
  endfacet
  facet normal 0.0975282 0.995233 -0
    outer loop
      vertex -4.23454 -72.5025 2.1
      vertex -6.1132 -72.3184 2.5
      vertex -4.23454 -72.5025 2.5
    endloop
  endfacet
  facet normal 0.0975282 0.995233 0
    outer loop
      vertex -6.1132 -72.3184 2.5
      vertex -4.23454 -72.5025 2.1
      vertex -6.1132 -72.3184 2.1
    endloop
  endfacet
  facet normal 0.0585387 0.998285 -0
    outer loop
      vertex -2.34161 -72.6135 2.1
      vertex -4.23454 -72.5025 2.5
      vertex -2.34161 -72.6135 2.5
    endloop
  endfacet
  facet normal 0.0585387 0.998285 0
    outer loop
      vertex -4.23454 -72.5025 2.5
      vertex -2.34161 -72.6135 2.1
      vertex -4.23454 -72.5025 2.1
    endloop
  endfacet
  facet normal 0.0194152 0.999812 -0
    outer loop
      vertex -0.436249 -72.6505 2.1
      vertex -2.34161 -72.6135 2.5
      vertex -0.436249 -72.6505 2.5
    endloop
  endfacet
  facet normal 0.0194152 0.999812 0
    outer loop
      vertex -2.34161 -72.6135 2.5
      vertex -0.436249 -72.6505 2.1
      vertex -2.34161 -72.6135 2.1
    endloop
  endfacet
  facet normal -0.0194684 0.99981 0
    outer loop
      vertex 1.46904 -72.6134 2.1
      vertex -0.436249 -72.6505 2.5
      vertex 1.46904 -72.6134 2.5
    endloop
  endfacet
  facet normal -0.0194684 0.99981 0
    outer loop
      vertex -0.436249 -72.6505 2.5
      vertex 1.46904 -72.6134 2.1
      vertex -0.436249 -72.6505 2.1
    endloop
  endfacet
  facet normal -0.0585959 0.998282 0
    outer loop
      vertex 3.36182 -72.5023 2.1
      vertex 1.46904 -72.6134 2.5
      vertex 3.36182 -72.5023 2.5
    endloop
  endfacet
  facet normal -0.0585959 0.998282 0
    outer loop
      vertex 1.46904 -72.6134 2.5
      vertex 3.36182 -72.5023 2.1
      vertex 1.46904 -72.6134 2.1
    endloop
  endfacet
  facet normal -0.0975884 0.995227 0
    outer loop
      vertex 5.24033 -72.3181 2.1
      vertex 3.36182 -72.5023 2.5
      vertex 5.24033 -72.3181 2.5
    endloop
  endfacet
  facet normal -0.0975884 0.995227 0
    outer loop
      vertex 3.36182 -72.5023 2.5
      vertex 5.24033 -72.3181 2.1
      vertex 3.36182 -72.5023 2.1
    endloop
  endfacet
  facet normal -0.136583 0.990629 0
    outer loop
      vertex 7.10289 -72.0613 2.1
      vertex 5.24033 -72.3181 2.5
      vertex 7.10289 -72.0613 2.5
    endloop
  endfacet
  facet normal -0.136583 0.990629 0
    outer loop
      vertex 5.24033 -72.3181 2.5
      vertex 7.10289 -72.0613 2.1
      vertex 5.24033 -72.3181 2.1
    endloop
  endfacet
  facet normal -0.175342 0.984508 0
    outer loop
      vertex 8.94791 -71.7327 2.1
      vertex 7.10289 -72.0613 2.5
      vertex 8.94791 -71.7327 2.5
    endloop
  endfacet
  facet normal -0.175342 0.984508 0
    outer loop
      vertex 7.10289 -72.0613 2.5
      vertex 8.94791 -71.7327 2.1
      vertex 7.10289 -72.0613 2.1
    endloop
  endfacet
  facet normal -0.213792 0.976879 0
    outer loop
      vertex 10.7738 -71.3331 2.1
      vertex 8.94791 -71.7327 2.5
      vertex 10.7738 -71.3331 2.5
    endloop
  endfacet
  facet normal -0.213792 0.976879 0
    outer loop
      vertex 8.94791 -71.7327 2.5
      vertex 10.7738 -71.3331 2.1
      vertex 8.94791 -71.7327 2.1
    endloop
  endfacet
  facet normal -0.252049 0.967715 0
    outer loop
      vertex 12.5787 -70.863 2.1
      vertex 10.7738 -71.3331 2.5
      vertex 12.5787 -70.863 2.5
    endloop
  endfacet
  facet normal -0.252049 0.967715 0
    outer loop
      vertex 10.7738 -71.3331 2.5
      vertex 12.5787 -70.863 2.1
      vertex 10.7738 -71.3331 2.1
    endloop
  endfacet
  facet normal -0.28982 0.957081 0
    outer loop
      vertex 14.3613 -70.3232 2.1
      vertex 12.5787 -70.863 2.5
      vertex 14.3613 -70.3232 2.5
    endloop
  endfacet
  facet normal -0.28982 0.957081 0
    outer loop
      vertex 12.5787 -70.863 2.5
      vertex 14.3613 -70.3232 2.1
      vertex 12.5787 -70.863 2.1
    endloop
  endfacet
  facet normal -0.327234 0.944943 0
    outer loop
      vertex 16.1196 -69.7143 2.1
      vertex 14.3613 -70.3232 2.5
      vertex 16.1196 -69.7143 2.5
    endloop
  endfacet
  facet normal -0.327234 0.944943 0
    outer loop
      vertex 14.3613 -70.3232 2.5
      vertex 16.1196 -69.7143 2.1
      vertex 14.3613 -70.3232 2.1
    endloop
  endfacet
  facet normal -0.364039 0.931384 0
    outer loop
      vertex 17.8522 -69.0371 2.1
      vertex 16.1196 -69.7143 2.5
      vertex 17.8522 -69.0371 2.5
    endloop
  endfacet
  facet normal -0.364039 0.931384 0
    outer loop
      vertex 16.1196 -69.7143 2.5
      vertex 17.8522 -69.0371 2.1
      vertex 16.1196 -69.7143 2.1
    endloop
  endfacet
  facet normal -0.400266 0.916399 0
    outer loop
      vertex 19.5574 -68.2923 2.1
      vertex 17.8522 -69.0371 2.5
      vertex 19.5574 -68.2923 2.5
    endloop
  endfacet
  facet normal -0.400266 0.916399 0
    outer loop
      vertex 17.8522 -69.0371 2.5
      vertex 19.5574 -68.2923 2.1
      vertex 17.8522 -69.0371 2.1
    endloop
  endfacet
  facet normal -0.435923 0.899984 0
    outer loop
      vertex 21.2334 -67.4805 2.1
      vertex 19.5574 -68.2923 2.5
      vertex 21.2334 -67.4805 2.5
    endloop
  endfacet
  facet normal -0.435923 0.899984 0
    outer loop
      vertex 19.5574 -68.2923 2.5
      vertex 21.2334 -67.4805 2.1
      vertex 19.5574 -68.2923 2.1
    endloop
  endfacet
  facet normal -0.470797 0.882242 0
    outer loop
      vertex 22.8789 -66.6024 2.1
      vertex 21.2334 -67.4805 2.5
      vertex 22.8789 -66.6024 2.5
    endloop
  endfacet
  facet normal -0.470797 0.882242 0
    outer loop
      vertex 21.2334 -67.4805 2.5
      vertex 22.8789 -66.6024 2.1
      vertex 21.2334 -67.4805 2.1
    endloop
  endfacet
  facet normal -0.504982 0.86313 0
    outer loop
      vertex 24.4919 -65.6587 2.1
      vertex 22.8789 -66.6024 2.5
      vertex 24.4919 -65.6587 2.5
    endloop
  endfacet
  facet normal -0.504982 0.86313 0
    outer loop
      vertex 22.8789 -66.6024 2.5
      vertex 24.4919 -65.6587 2.1
      vertex 22.8789 -66.6024 2.1
    endloop
  endfacet
  facet normal -0.538273 0.84277 0
    outer loop
      vertex 26.0709 -64.6502 2.1
      vertex 24.4919 -65.6587 2.5
      vertex 26.0709 -64.6502 2.5
    endloop
  endfacet
  facet normal -0.538273 0.84277 0
    outer loop
      vertex 24.4919 -65.6587 2.5
      vertex 26.0709 -64.6502 2.1
      vertex 24.4919 -65.6587 2.1
    endloop
  endfacet
  facet normal -0.570742 0.82113 0
    outer loop
      vertex 27.6142 -63.5775 2.1
      vertex 26.0709 -64.6502 2.5
      vertex 27.6142 -63.5775 2.5
    endloop
  endfacet
  facet normal -0.570742 0.82113 0
    outer loop
      vertex 26.0709 -64.6502 2.5
      vertex 27.6142 -63.5775 2.1
      vertex 26.0709 -64.6502 2.1
    endloop
  endfacet
  facet normal -0.602245 0.798311 0
    outer loop
      vertex 29.1203 -62.4413 2.1
      vertex 27.6142 -63.5775 2.5
      vertex 29.1203 -62.4413 2.5
    endloop
  endfacet
  facet normal -0.602245 0.798311 0
    outer loop
      vertex 27.6142 -63.5775 2.5
      vertex 29.1203 -62.4413 2.1
      vertex 27.6142 -63.5775 2.1
    endloop
  endfacet
  facet normal -0.632809 0.774308 0
    outer loop
      vertex 30.5874 -61.2423 2.1
      vertex 29.1203 -62.4413 2.5
      vertex 30.5874 -61.2423 2.5
    endloop
  endfacet
  facet normal -0.632809 0.774308 0
    outer loop
      vertex 29.1203 -62.4413 2.5
      vertex 30.5874 -61.2423 2.1
      vertex 29.1203 -62.4413 2.1
    endloop
  endfacet
  facet normal -0.662337 0.749206 0
    outer loop
      vertex 32.0139 -59.9812 2.1
      vertex 30.5874 -61.2423 2.5
      vertex 32.0139 -59.9812 2.5
    endloop
  endfacet
  facet normal -0.662337 0.749206 0
    outer loop
      vertex 30.5874 -61.2423 2.5
      vertex 32.0139 -59.9812 2.1
      vertex 30.5874 -61.2423 2.1
    endloop
  endfacet
  facet normal -0.690783 0.723063 0
    outer loop
      vertex 33.3982 -58.6587 2.1
      vertex 32.0139 -59.9812 2.5
      vertex 33.3982 -58.6587 2.5
    endloop
  endfacet
  facet normal -0.690783 0.723063 0
    outer loop
      vertex 32.0139 -59.9812 2.5
      vertex 33.3982 -58.6587 2.1
      vertex 32.0139 -59.9812 2.1
    endloop
  endfacet
  facet normal -0.718293 0.69574 0
    outer loop
      vertex 33.3982 -58.6587 2.1
      vertex 34.5612 -57.458 2.5
      vertex 34.5612 -57.458 2.1
    endloop
  endfacet
  facet normal -0.718293 0.69574 0
    outer loop
      vertex 34.5612 -57.458 2.5
      vertex 33.3982 -58.6587 2.1
      vertex 33.3982 -58.6587 2.5
    endloop
  endfacet
  facet normal -0.744635 0.667472 0
    outer loop
      vertex 34.5612 -57.458 2.1
      vertex 35.6788 -56.2112 2.5
      vertex 35.6788 -56.2112 2.1
    endloop
  endfacet
  facet normal -0.744635 0.667472 0
    outer loop
      vertex 35.6788 -56.2112 2.5
      vertex 34.5612 -57.458 2.1
      vertex 34.5612 -57.458 2.5
    endloop
  endfacet
  facet normal -0.769256 0.63894 0
    outer loop
      vertex 35.6788 -56.2112 2.1
      vertex 36.7506 -54.9208 2.5
      vertex 36.7506 -54.9208 2.1
    endloop
  endfacet
  facet normal -0.769256 0.63894 0
    outer loop
      vertex 36.7506 -54.9208 2.5
      vertex 35.6788 -56.2112 2.1
      vertex 35.6788 -56.2112 2.5
    endloop
  endfacet
  facet normal -0.792288 0.610148 0
    outer loop
      vertex 36.7506 -54.9208 2.1
      vertex 37.776 -53.5893 2.5
      vertex 37.776 -53.5893 2.1
    endloop
  endfacet
  facet normal -0.792288 0.610148 0
    outer loop
      vertex 37.776 -53.5893 2.5
      vertex 36.7506 -54.9208 2.1
      vertex 36.7506 -54.9208 2.5
    endloop
  endfacet
  facet normal -0.813737 0.581233 0
    outer loop
      vertex 37.776 -53.5893 2.1
      vertex 38.7547 -52.2191 2.5
      vertex 38.7547 -52.2191 2.1
    endloop
  endfacet
  facet normal -0.813737 0.581233 0
    outer loop
      vertex 38.7547 -52.2191 2.5
      vertex 37.776 -53.5893 2.1
      vertex 37.776 -53.5893 2.5
    endloop
  endfacet
  facet normal -0.833743 0.552153 0
    outer loop
      vertex 38.7547 -52.2191 2.1
      vertex 39.6861 -50.8127 2.5
      vertex 39.6861 -50.8127 2.1
    endloop
  endfacet
  facet normal -0.833743 0.552153 0
    outer loop
      vertex 39.6861 -50.8127 2.5
      vertex 38.7547 -52.2191 2.1
      vertex 38.7547 -52.2191 2.5
    endloop
  endfacet
  facet normal -0.852312 0.523034 0
    outer loop
      vertex 39.6861 -50.8127 2.1
      vertex 40.5699 -49.3725 2.5
      vertex 40.5699 -49.3725 2.1
    endloop
  endfacet
  facet normal -0.852312 0.523034 0
    outer loop
      vertex 40.5699 -49.3725 2.5
      vertex 39.6861 -50.8127 2.1
      vertex 39.6861 -50.8127 2.5
    endloop
  endfacet
  facet normal -0.869567 0.493814 0
    outer loop
      vertex 40.5699 -49.3725 2.1
      vertex 41.4056 -47.9009 2.5
      vertex 41.4056 -47.9009 2.1
    endloop
  endfacet
  facet normal -0.869567 0.493814 0
    outer loop
      vertex 41.4056 -47.9009 2.5
      vertex 40.5699 -49.3725 2.1
      vertex 40.5699 -49.3725 2.5
    endloop
  endfacet
  facet normal -0.88557 0.464505 0
    outer loop
      vertex 41.4056 -47.9009 2.1
      vertex 42.1926 -46.4005 2.5
      vertex 42.1926 -46.4005 2.1
    endloop
  endfacet
  facet normal -0.88557 0.464505 0
    outer loop
      vertex 42.1926 -46.4005 2.5
      vertex 41.4056 -47.9009 2.1
      vertex 41.4056 -47.9009 2.5
    endloop
  endfacet
  facet normal -0.900338 0.435191 0
    outer loop
      vertex 42.1926 -46.4005 2.1
      vertex 42.9306 -44.8737 2.5
      vertex 42.9306 -44.8737 2.1
    endloop
  endfacet
  facet normal -0.900338 0.435191 0
    outer loop
      vertex 42.9306 -44.8737 2.5
      vertex 42.1926 -46.4005 2.1
      vertex 42.1926 -46.4005 2.5
    endloop
  endfacet
  facet normal -0.913965 0.405794 0
    outer loop
      vertex 42.9306 -44.8737 2.1
      vertex 43.6191 -43.323 2.5
      vertex 43.6191 -43.323 2.1
    endloop
  endfacet
  facet normal -0.913965 0.405794 0
    outer loop
      vertex 43.6191 -43.323 2.5
      vertex 42.9306 -44.8737 2.1
      vertex 42.9306 -44.8737 2.5
    endloop
  endfacet
  facet normal -0.926517 0.376252 0
    outer loop
      vertex 43.6191 -43.323 2.1
      vertex 44.2576 -41.7507 2.5
      vertex 44.2576 -41.7507 2.1
    endloop
  endfacet
  facet normal -0.926517 0.376252 0
    outer loop
      vertex 44.2576 -41.7507 2.5
      vertex 43.6191 -43.323 2.1
      vertex 43.6191 -43.323 2.5
    endloop
  endfacet
  facet normal -0.937992 0.346656 0
    outer loop
      vertex 44.2576 -41.7507 2.1
      vertex 44.8457 -40.1594 2.5
      vertex 44.8457 -40.1594 2.1
    endloop
  endfacet
  facet normal -0.937992 0.346656 0
    outer loop
      vertex 44.8457 -40.1594 2.5
      vertex 44.2576 -41.7507 2.1
      vertex 44.2576 -41.7507 2.5
    endloop
  endfacet
  facet normal -0.948488 0.316812 0
    outer loop
      vertex 44.8457 -40.1594 2.1
      vertex 45.3828 -38.5514 2.5
      vertex 45.3828 -38.5514 2.1
    endloop
  endfacet
  facet normal -0.948488 0.316812 0
    outer loop
      vertex 45.3828 -38.5514 2.5
      vertex 44.8457 -40.1594 2.1
      vertex 44.8457 -40.1594 2.5
    endloop
  endfacet
  facet normal -0.957945 0.286952 0
    outer loop
      vertex 45.3828 -38.5514 2.1
      vertex 45.8687 -36.9293 2.5
      vertex 45.8687 -36.9293 2.1
    endloop
  endfacet
  facet normal -0.957945 0.286952 0
    outer loop
      vertex 45.8687 -36.9293 2.5
      vertex 45.3828 -38.5514 2.1
      vertex 45.3828 -38.5514 2.5
    endloop
  endfacet
  facet normal -0.966463 0.256805 0
    outer loop
      vertex 45.8687 -36.9293 2.1
      vertex 46.3028 -35.2956 2.5
      vertex 46.3028 -35.2956 2.1
    endloop
  endfacet
  facet normal -0.966463 0.256805 0
    outer loop
      vertex 46.3028 -35.2956 2.5
      vertex 45.8687 -36.9293 2.1
      vertex 45.8687 -36.9293 2.5
    endloop
  endfacet
  facet normal -0.974046 0.226349 0
    outer loop
      vertex 46.3028 -35.2956 2.1
      vertex 46.6846 -33.6526 2.5
      vertex 46.6846 -33.6526 2.1
    endloop
  endfacet
  facet normal -0.974046 0.226349 0
    outer loop
      vertex 46.6846 -33.6526 2.5
      vertex 46.3028 -35.2956 2.1
      vertex 46.3028 -35.2956 2.5
    endloop
  endfacet
  facet normal -0.980679 0.195625 0
    outer loop
      vertex 46.6846 -33.6526 2.1
      vertex 47.0137 -32.0028 2.5
      vertex 47.0137 -32.0028 2.1
    endloop
  endfacet
  facet normal -0.980679 0.195625 0
    outer loop
      vertex 47.0137 -32.0028 2.5
      vertex 46.6846 -33.6526 2.1
      vertex 46.6846 -33.6526 2.5
    endloop
  endfacet
  facet normal -0.986363 0.164583 0
    outer loop
      vertex 47.0137 -32.0028 2.1
      vertex 47.2897 -30.3487 2.5
      vertex 47.2897 -30.3487 2.1
    endloop
  endfacet
  facet normal -0.986363 0.164583 0
    outer loop
      vertex 47.2897 -30.3487 2.5
      vertex 47.0137 -32.0028 2.1
      vertex 47.0137 -32.0028 2.5
    endloop
  endfacet
  facet normal -0.991118 0.132987 0
    outer loop
      vertex 47.2897 -30.3487 2.1
      vertex 47.5119 -28.6927 2.5
      vertex 47.5119 -28.6927 2.1
    endloop
  endfacet
  facet normal -0.991118 0.132987 0
    outer loop
      vertex 47.5119 -28.6927 2.5
      vertex 47.2897 -30.3487 2.1
      vertex 47.2897 -30.3487 2.5
    endloop
  endfacet
  facet normal 0.141994 0.989867 -0
    outer loop
      vertex 47.7538 -28.7274 2.1
      vertex 47.5119 -28.6927 2.5
      vertex 47.7538 -28.7274 2.5
    endloop
  endfacet
  facet normal 0.141994 0.989867 0
    outer loop
      vertex 47.5119 -28.6927 2.5
      vertex 47.7538 -28.7274 2.1
      vertex 47.5119 -28.6927 2.1
    endloop
  endfacet
  facet normal 0.135752 0.990743 -0
    outer loop
      vertex 47.9961 -28.7606 2.1
      vertex 47.7538 -28.7274 2.5
      vertex 47.9961 -28.7606 2.5
    endloop
  endfacet
  facet normal 0.135752 0.990743 0
    outer loop
      vertex 47.7538 -28.7274 2.5
      vertex 47.9961 -28.7606 2.1
      vertex 47.7538 -28.7274 2.1
    endloop
  endfacet
  facet normal 0.128554 0.991703 -0
    outer loop
      vertex 48.2391 -28.7921 2.1
      vertex 47.9961 -28.7606 2.5
      vertex 48.2391 -28.7921 2.5
    endloop
  endfacet
  facet normal 0.128554 0.991703 0
    outer loop
      vertex 47.9961 -28.7606 2.5
      vertex 48.2391 -28.7921 2.1
      vertex 47.9961 -28.7606 2.1
    endloop
  endfacet
  facet normal 0.121426 0.9926 -0
    outer loop
      vertex 48.4827 -28.8219 2.1
      vertex 48.2391 -28.7921 2.5
      vertex 48.4827 -28.8219 2.5
    endloop
  endfacet
  facet normal 0.121426 0.9926 0
    outer loop
      vertex 48.2391 -28.7921 2.5
      vertex 48.4827 -28.8219 2.1
      vertex 48.2391 -28.7921 2.1
    endloop
  endfacet
  facet normal 0.114408 0.993434 -0
    outer loop
      vertex 48.7267 -28.85 2.1
      vertex 48.4827 -28.8219 2.5
      vertex 48.7267 -28.85 2.5
    endloop
  endfacet
  facet normal 0.114408 0.993434 0
    outer loop
      vertex 48.4827 -28.8219 2.5
      vertex 48.7267 -28.85 2.1
      vertex 48.4827 -28.8219 2.1
    endloop
  endfacet
  facet normal 0.107265 0.99423 -0
    outer loop
      vertex 48.9714 -28.8764 2.1
      vertex 48.7267 -28.85 2.5
      vertex 48.9714 -28.8764 2.5
    endloop
  endfacet
  facet normal 0.107265 0.99423 0
    outer loop
      vertex 48.7267 -28.85 2.5
      vertex 48.9714 -28.8764 2.1
      vertex 48.7267 -28.85 2.1
    endloop
  endfacet
  facet normal 0.0998655 0.995001 -0
    outer loop
      vertex 49.2165 -28.901 2.1
      vertex 48.9714 -28.8764 2.5
      vertex 49.2165 -28.901 2.5
    endloop
  endfacet
  facet normal 0.0998655 0.995001 0
    outer loop
      vertex 48.9714 -28.8764 2.5
      vertex 49.2165 -28.901 2.1
      vertex 48.9714 -28.8764 2.1
    endloop
  endfacet
  facet normal 0.093165 0.995651 -0
    outer loop
      vertex 49.4623 -28.924 2.1
      vertex 49.2165 -28.901 2.5
      vertex 49.4623 -28.924 2.5
    endloop
  endfacet
  facet normal 0.093165 0.995651 0
    outer loop
      vertex 49.2165 -28.901 2.5
      vertex 49.4623 -28.924 2.1
      vertex 49.2165 -28.901 2.1
    endloop
  endfacet
  facet normal 0.0853552 0.996351 -0
    outer loop
      vertex 49.7086 -28.9451 2.1
      vertex 49.4623 -28.924 2.5
      vertex 49.7086 -28.9451 2.5
    endloop
  endfacet
  facet normal 0.0853552 0.996351 0
    outer loop
      vertex 49.4623 -28.924 2.5
      vertex 49.7086 -28.9451 2.1
      vertex 49.4623 -28.924 2.1
    endloop
  endfacet
  facet normal 0.0787659 0.996893 -0
    outer loop
      vertex 49.9554 -28.9646 2.1
      vertex 49.7086 -28.9451 2.5
      vertex 49.9554 -28.9646 2.5
    endloop
  endfacet
  facet normal 0.0787659 0.996893 0
    outer loop
      vertex 49.7086 -28.9451 2.5
      vertex 49.9554 -28.9646 2.1
      vertex 49.7086 -28.9451 2.1
    endloop
  endfacet
  facet normal 0.0709891 0.997477 -0
    outer loop
      vertex 50.2027 -28.9822 2.1
      vertex 49.9554 -28.9646 2.5
      vertex 50.2027 -28.9822 2.5
    endloop
  endfacet
  facet normal 0.0709891 0.997477 0
    outer loop
      vertex 49.9554 -28.9646 2.5
      vertex 50.2027 -28.9822 2.1
      vertex 49.9554 -28.9646 2.1
    endloop
  endfacet
  facet normal 0.0636063 0.997975 -0
    outer loop
      vertex 50.4506 -28.998 2.1
      vertex 50.2027 -28.9822 2.5
      vertex 50.4506 -28.998 2.5
    endloop
  endfacet
  facet normal 0.0636063 0.997975 0
    outer loop
      vertex 50.2027 -28.9822 2.5
      vertex 50.4506 -28.998 2.1
      vertex 50.2027 -28.9822 2.1
    endloop
  endfacet
  facet normal 0.056294 0.998414 -0
    outer loop
      vertex 50.6989 -29.012 2.1
      vertex 50.4506 -28.998 2.5
      vertex 50.6989 -29.012 2.5
    endloop
  endfacet
  facet normal 0.056294 0.998414 0
    outer loop
      vertex 50.4506 -28.998 2.5
      vertex 50.6989 -29.012 2.1
      vertex 50.4506 -28.998 2.1
    endloop
  endfacet
  facet normal 0.0489569 0.998801 -0
    outer loop
      vertex 50.9478 -29.0242 2.1
      vertex 50.6989 -29.012 2.5
      vertex 50.9478 -29.0242 2.5
    endloop
  endfacet
  facet normal 0.0489569 0.998801 0
    outer loop
      vertex 50.6989 -29.012 2.5
      vertex 50.9478 -29.0242 2.1
      vertex 50.6989 -29.012 2.1
    endloop
  endfacet
  facet normal 0.0416639 0.999132 -0
    outer loop
      vertex 51.1972 -29.0346 2.1
      vertex 50.9478 -29.0242 2.5
      vertex 51.1972 -29.0346 2.5
    endloop
  endfacet
  facet normal 0.0416639 0.999132 0
    outer loop
      vertex 50.9478 -29.0242 2.5
      vertex 51.1972 -29.0346 2.1
      vertex 50.9478 -29.0242 2.1
    endloop
  endfacet
  facet normal 0.0339939 0.999422 -0
    outer loop
      vertex 51.4471 -29.0431 2.1
      vertex 51.1972 -29.0346 2.5
      vertex 51.4471 -29.0431 2.5
    endloop
  endfacet
  facet normal 0.0339939 0.999422 0
    outer loop
      vertex 51.1972 -29.0346 2.5
      vertex 51.4471 -29.0431 2.1
      vertex 51.1972 -29.0346 2.1
    endloop
  endfacet
  facet normal 0.0267476 0.999642 -0
    outer loop
      vertex 51.6975 -29.0498 2.1
      vertex 51.4471 -29.0431 2.5
      vertex 51.6975 -29.0498 2.5
    endloop
  endfacet
  facet normal 0.0267476 0.999642 0
    outer loop
      vertex 51.4471 -29.0431 2.5
      vertex 51.6975 -29.0498 2.1
      vertex 51.4471 -29.0431 2.1
    endloop
  endfacet
  facet normal 0.0187218 0.999825 -0
    outer loop
      vertex 51.9485 -29.0545 2.1
      vertex 51.6975 -29.0498 2.5
      vertex 51.9485 -29.0545 2.5
    endloop
  endfacet
  facet normal 0.0187218 0.999825 0
    outer loop
      vertex 51.6975 -29.0498 2.5
      vertex 51.9485 -29.0545 2.1
      vertex 51.6975 -29.0498 2.1
    endloop
  endfacet
  facet normal 0.0115346 0.999933 -0
    outer loop
      vertex 52.1999 -29.0574 2.1
      vertex 51.9485 -29.0545 2.5
      vertex 52.1999 -29.0574 2.5
    endloop
  endfacet
  facet normal 0.0115346 0.999933 0
    outer loop
      vertex 51.9485 -29.0545 2.5
      vertex 52.1999 -29.0574 2.1
      vertex 51.9485 -29.0545 2.1
    endloop
  endfacet
  facet normal 0.00357424 0.999994 -0
    outer loop
      vertex 52.4517 -29.0583 2.1
      vertex 52.1999 -29.0574 2.5
      vertex 52.4517 -29.0583 2.5
    endloop
  endfacet
  facet normal 0.00357424 0.999994 0
    outer loop
      vertex 52.1999 -29.0574 2.5
      vertex 52.4517 -29.0583 2.1
      vertex 52.1999 -29.0574 2.1
    endloop
  endfacet
  facet normal -0.00363634 0.999993 0
    outer loop
      vertex 52.7267 -29.0573 2.1
      vertex 52.4517 -29.0583 2.5
      vertex 52.7267 -29.0573 2.5
    endloop
  endfacet
  facet normal -0.00363634 0.999993 0
    outer loop
      vertex 52.4517 -29.0583 2.5
      vertex 52.7267 -29.0573 2.1
      vertex 52.4517 -29.0583 2.1
    endloop
  endfacet
  facet normal -0.0123942 0.999923 0
    outer loop
      vertex 53.001 -29.0539 2.1
      vertex 52.7267 -29.0573 2.5
      vertex 53.001 -29.0539 2.5
    endloop
  endfacet
  facet normal -0.0123942 0.999923 0
    outer loop
      vertex 52.7267 -29.0573 2.5
      vertex 53.001 -29.0539 2.1
      vertex 52.7267 -29.0573 2.1
    endloop
  endfacet
  facet normal -0.0200836 0.999798 0
    outer loop
      vertex 53.2748 -29.0484 2.1
      vertex 53.001 -29.0539 2.5
      vertex 53.2748 -29.0484 2.5
    endloop
  endfacet
  facet normal -0.0200836 0.999798 0
    outer loop
      vertex 53.001 -29.0539 2.5
      vertex 53.2748 -29.0484 2.1
      vertex 53.001 -29.0539 2.1
    endloop
  endfacet
  facet normal -0.0281733 0.999603 0
    outer loop
      vertex 53.548 -29.0407 2.1
      vertex 53.2748 -29.0484 2.5
      vertex 53.548 -29.0407 2.5
    endloop
  endfacet
  facet normal -0.0281733 0.999603 0
    outer loop
      vertex 53.2748 -29.0484 2.5
      vertex 53.548 -29.0407 2.1
      vertex 53.2748 -29.0484 2.1
    endloop
  endfacet
  facet normal -0.0363063 0.999341 0
    outer loop
      vertex 53.8205 -29.0308 2.1
      vertex 53.548 -29.0407 2.5
      vertex 53.8205 -29.0308 2.5
    endloop
  endfacet
  facet normal -0.0363063 0.999341 0
    outer loop
      vertex 53.548 -29.0407 2.5
      vertex 53.8205 -29.0308 2.1
      vertex 53.548 -29.0407 2.1
    endloop
  endfacet
  facet normal -0.0448079 0.998996 0
    outer loop
      vertex 54.0925 -29.0186 2.1
      vertex 53.8205 -29.0308 2.5
      vertex 54.0925 -29.0186 2.5
    endloop
  endfacet
  facet normal -0.0448079 0.998996 0
    outer loop
      vertex 53.8205 -29.0308 2.5
      vertex 54.0925 -29.0186 2.1
      vertex 53.8205 -29.0308 2.1
    endloop
  endfacet
  facet normal -0.0522498 0.998634 0
    outer loop
      vertex 54.3639 -29.0044 2.1
      vertex 54.0925 -29.0186 2.5
      vertex 54.3639 -29.0044 2.5
    endloop
  endfacet
  facet normal -0.0522498 0.998634 0
    outer loop
      vertex 54.0925 -29.0186 2.5
      vertex 54.3639 -29.0044 2.1
      vertex 54.0925 -29.0186 2.1
    endloop
  endfacet
  facet normal -0.0608402 0.998148 0
    outer loop
      vertex 54.6346 -28.9879 2.1
      vertex 54.3639 -29.0044 2.5
      vertex 54.6346 -28.9879 2.5
    endloop
  endfacet
  facet normal -0.0608402 0.998148 0
    outer loop
      vertex 54.3639 -29.0044 2.5
      vertex 54.6346 -28.9879 2.1
      vertex 54.3639 -29.0044 2.1
    endloop
  endfacet
  facet normal -0.0687007 0.997637 0
    outer loop
      vertex 54.9047 -28.9693 2.1
      vertex 54.6346 -28.9879 2.5
      vertex 54.9047 -28.9693 2.5
    endloop
  endfacet
  facet normal -0.0687007 0.997637 0
    outer loop
      vertex 54.6346 -28.9879 2.5
      vertex 54.9047 -28.9693 2.1
      vertex 54.6346 -28.9879 2.1
    endloop
  endfacet
  facet normal -0.0769227 0.997037 0
    outer loop
      vertex 55.1743 -28.9485 2.1
      vertex 54.9047 -28.9693 2.5
      vertex 55.1743 -28.9485 2.5
    endloop
  endfacet
  facet normal -0.0769227 0.997037 0
    outer loop
      vertex 54.9047 -28.9693 2.5
      vertex 55.1743 -28.9485 2.1
      vertex 54.9047 -28.9693 2.1
    endloop
  endfacet
  facet normal -0.085254 0.996359 0
    outer loop
      vertex 55.4431 -28.9255 2.1
      vertex 55.1743 -28.9485 2.5
      vertex 55.4431 -28.9255 2.5
    endloop
  endfacet
  facet normal -0.085254 0.996359 0
    outer loop
      vertex 55.1743 -28.9485 2.5
      vertex 55.4431 -28.9255 2.1
      vertex 55.1743 -28.9485 2.1
    endloop
  endfacet
  facet normal -0.0935131 0.995618 0
    outer loop
      vertex 55.7114 -28.9003 2.1
      vertex 55.4431 -28.9255 2.5
      vertex 55.7114 -28.9003 2.5
    endloop
  endfacet
  facet normal -0.0935131 0.995618 0
    outer loop
      vertex 55.4431 -28.9255 2.5
      vertex 55.7114 -28.9003 2.1
      vertex 55.4431 -28.9255 2.1
    endloop
  endfacet
  facet normal -0.101123 0.994874 0
    outer loop
      vertex 55.979 -28.8731 2.1
      vertex 55.7114 -28.9003 2.5
      vertex 55.979 -28.8731 2.5
    endloop
  endfacet
  facet normal -0.101123 0.994874 0
    outer loop
      vertex 55.7114 -28.9003 2.5
      vertex 55.979 -28.8731 2.1
      vertex 55.7114 -28.9003 2.1
    endloop
  endfacet
  facet normal -0.109819 0.993952 0
    outer loop
      vertex 56.246 -28.8436 2.1
      vertex 55.979 -28.8731 2.5
      vertex 56.246 -28.8436 2.5
    endloop
  endfacet
  facet normal -0.109819 0.993952 0
    outer loop
      vertex 55.979 -28.8731 2.5
      vertex 56.246 -28.8436 2.1
      vertex 55.979 -28.8731 2.1
    endloop
  endfacet
  facet normal -0.117793 0.993038 0
    outer loop
      vertex 56.5124 -28.812 2.1
      vertex 56.246 -28.8436 2.5
      vertex 56.5124 -28.812 2.5
    endloop
  endfacet
  facet normal -0.117793 0.993038 0
    outer loop
      vertex 56.246 -28.8436 2.5
      vertex 56.5124 -28.812 2.1
      vertex 56.246 -28.8436 2.1
    endloop
  endfacet
  facet normal -0.125873 0.992046 0
    outer loop
      vertex 56.778 -28.7783 2.1
      vertex 56.5124 -28.812 2.5
      vertex 56.778 -28.7783 2.5
    endloop
  endfacet
  facet normal -0.125873 0.992046 0
    outer loop
      vertex 56.5124 -28.812 2.5
      vertex 56.778 -28.7783 2.1
      vertex 56.5124 -28.812 2.1
    endloop
  endfacet
  facet normal -0.133829 0.991004 0
    outer loop
      vertex 57.0431 -28.7425 2.1
      vertex 56.778 -28.7783 2.5
      vertex 57.0431 -28.7425 2.5
    endloop
  endfacet
  facet normal -0.133829 0.991004 0
    outer loop
      vertex 56.778 -28.7783 2.5
      vertex 57.0431 -28.7425 2.1
      vertex 56.778 -28.7783 2.1
    endloop
  endfacet
  facet normal -0.142313 0.989822 0
    outer loop
      vertex 57.3074 -28.7045 2.1
      vertex 57.0431 -28.7425 2.5
      vertex 57.3074 -28.7045 2.5
    endloop
  endfacet
  facet normal -0.142313 0.989822 0
    outer loop
      vertex 57.0431 -28.7425 2.5
      vertex 57.3074 -28.7045 2.1
      vertex 57.0431 -28.7425 2.1
    endloop
  endfacet
  facet normal -0.150649 0.988587 0
    outer loop
      vertex 57.5712 -28.6643 2.1
      vertex 57.3074 -28.7045 2.5
      vertex 57.5712 -28.6643 2.5
    endloop
  endfacet
  facet normal -0.150649 0.988587 0
    outer loop
      vertex 57.3074 -28.7045 2.5
      vertex 57.5712 -28.6643 2.1
      vertex 57.3074 -28.7045 2.1
    endloop
  endfacet
  facet normal -0.15843 0.98737 0
    outer loop
      vertex 57.8342 -28.6221 2.1
      vertex 57.5712 -28.6643 2.5
      vertex 57.8342 -28.6221 2.5
    endloop
  endfacet
  facet normal -0.15843 0.98737 0
    outer loop
      vertex 57.5712 -28.6643 2.5
      vertex 57.8342 -28.6221 2.1
      vertex 57.5712 -28.6643 2.1
    endloop
  endfacet
  facet normal 0.99341 -0.114617 0
    outer loop
      vertex 57.5983 -30.6667 2.5
      vertex 57.8342 -28.6221 2.1
      vertex 57.8342 -28.6221 2.5
    endloop
  endfacet
  facet normal 0.99341 -0.114617 0
    outer loop
      vertex 57.8342 -28.6221 2.1
      vertex 57.5983 -30.6667 2.5
      vertex 57.5983 -30.6667 2.1
    endloop
  endfacet
  facet normal 0.989018 -0.147798 0
    outer loop
      vertex 57.2934 -32.707 2.5
      vertex 57.5983 -30.6667 2.1
      vertex 57.5983 -30.6667 2.5
    endloop
  endfacet
  facet normal 0.989018 -0.147798 0
    outer loop
      vertex 57.5983 -30.6667 2.1
      vertex 57.2934 -32.707 2.5
      vertex 57.2934 -32.707 2.1
    endloop
  endfacet
  facet normal 0.983549 -0.180639 0
    outer loop
      vertex 56.92 -34.7401 2.5
      vertex 57.2934 -32.707 2.1
      vertex 57.2934 -32.707 2.5
    endloop
  endfacet
  facet normal 0.983549 -0.180639 0
    outer loop
      vertex 57.2934 -32.707 2.1
      vertex 56.92 -34.7401 2.5
      vertex 56.92 -34.7401 2.1
    endloop
  endfacet
  facet normal 0.977026 -0.213119 0
    outer loop
      vertex 56.4787 -36.7632 2.5
      vertex 56.92 -34.7401 2.1
      vertex 56.92 -34.7401 2.5
    endloop
  endfacet
  facet normal 0.977026 -0.213119 0
    outer loop
      vertex 56.92 -34.7401 2.1
      vertex 56.4787 -36.7632 2.5
      vertex 56.4787 -36.7632 2.1
    endloop
  endfacet
  facet normal 0.969472 -0.245201 0
    outer loop
      vertex 55.9702 -38.7737 2.5
      vertex 56.4787 -36.7632 2.1
      vertex 56.4787 -36.7632 2.5
    endloop
  endfacet
  facet normal 0.969472 -0.245201 0
    outer loop
      vertex 56.4787 -36.7632 2.1
      vertex 55.9702 -38.7737 2.5
      vertex 55.9702 -38.7737 2.1
    endloop
  endfacet
  facet normal 0.960839 -0.277106 0
    outer loop
      vertex 55.3949 -40.7685 2.5
      vertex 55.9702 -38.7737 2.1
      vertex 55.9702 -38.7737 2.5
    endloop
  endfacet
  facet normal 0.960839 -0.277106 0
    outer loop
      vertex 55.9702 -38.7737 2.1
      vertex 55.3949 -40.7685 2.5
      vertex 55.3949 -40.7685 2.1
    endloop
  endfacet
  facet normal 0.951184 -0.308624 0
    outer loop
      vertex 54.7536 -42.745 2.5
      vertex 55.3949 -40.7685 2.1
      vertex 55.3949 -40.7685 2.5
    endloop
  endfacet
  facet normal 0.951184 -0.308624 0
    outer loop
      vertex 55.3949 -40.7685 2.1
      vertex 54.7536 -42.745 2.5
      vertex 54.7536 -42.745 2.1
    endloop
  endfacet
  facet normal 0.940428 -0.339993 0
    outer loop
      vertex 54.0467 -44.7003 2.5
      vertex 54.7536 -42.745 2.1
      vertex 54.7536 -42.745 2.5
    endloop
  endfacet
  facet normal 0.940428 -0.339993 0
    outer loop
      vertex 54.7536 -42.745 2.1
      vertex 54.0467 -44.7003 2.5
      vertex 54.0467 -44.7003 2.1
    endloop
  endfacet
  facet normal 0.928596 -0.371092 0
    outer loop
      vertex 53.2749 -46.6316 2.5
      vertex 54.0467 -44.7003 2.1
      vertex 54.0467 -44.7003 2.5
    endloop
  endfacet
  facet normal 0.928596 -0.371092 0
    outer loop
      vertex 54.0467 -44.7003 2.1
      vertex 53.2749 -46.6316 2.5
      vertex 53.2749 -46.6316 2.1
    endloop
  endfacet
  facet normal 0.915666 -0.401941 0
    outer loop
      vertex 52.4389 -48.5361 2.5
      vertex 53.2749 -46.6316 2.1
      vertex 53.2749 -46.6316 2.5
    endloop
  endfacet
  facet normal 0.915666 -0.401941 0
    outer loop
      vertex 53.2749 -46.6316 2.1
      vertex 52.4389 -48.5361 2.5
      vertex 52.4389 -48.5361 2.1
    endloop
  endfacet
  facet normal 0.90157 -0.432633 0
    outer loop
      vertex 51.5392 -50.411 2.5
      vertex 52.4389 -48.5361 2.1
      vertex 52.4389 -48.5361 2.5
    endloop
  endfacet
  facet normal 0.90157 -0.432633 0
    outer loop
      vertex 52.4389 -48.5361 2.1
      vertex 51.5392 -50.411 2.5
      vertex 51.5392 -50.411 2.1
    endloop
  endfacet
  facet normal 0.88628 -0.463149 0
    outer loop
      vertex 50.5763 -52.2536 2.5
      vertex 51.5392 -50.411 2.1
      vertex 51.5392 -50.411 2.5
    endloop
  endfacet
  facet normal 0.88628 -0.463149 0
    outer loop
      vertex 51.5392 -50.411 2.1
      vertex 50.5763 -52.2536 2.5
      vertex 50.5763 -52.2536 2.1
    endloop
  endfacet
  facet normal 0.869761 -0.493473 0
    outer loop
      vertex 49.5509 -54.0609 2.5
      vertex 50.5763 -52.2536 2.1
      vertex 50.5763 -52.2536 2.5
    endloop
  endfacet
  facet normal 0.869761 -0.493473 0
    outer loop
      vertex 50.5763 -52.2536 2.1
      vertex 49.5509 -54.0609 2.5
      vertex 49.5509 -54.0609 2.1
    endloop
  endfacet
  facet normal 0.852002 -0.523538 0
    outer loop
      vertex 48.4637 -55.8302 2.5
      vertex 49.5509 -54.0609 2.1
      vertex 49.5509 -54.0609 2.5
    endloop
  endfacet
  facet normal 0.852002 -0.523538 0
    outer loop
      vertex 49.5509 -54.0609 2.1
      vertex 48.4637 -55.8302 2.5
      vertex 48.4637 -55.8302 2.1
    endloop
  endfacet
  facet normal 0.832894 -0.553432 0
    outer loop
      vertex 47.3151 -57.5588 2.5
      vertex 48.4637 -55.8302 2.1
      vertex 48.4637 -55.8302 2.5
    endloop
  endfacet
  facet normal 0.832894 -0.553432 0
    outer loop
      vertex 48.4637 -55.8302 2.1
      vertex 47.3151 -57.5588 2.5
      vertex 47.3151 -57.5588 2.1
    endloop
  endfacet
  facet normal 0.812386 -0.58312 0
    outer loop
      vertex 46.1057 -59.2437 2.5
      vertex 47.3151 -57.5588 2.1
      vertex 47.3151 -57.5588 2.5
    endloop
  endfacet
  facet normal 0.812386 -0.58312 0
    outer loop
      vertex 47.3151 -57.5588 2.1
      vertex 46.1057 -59.2437 2.5
      vertex 46.1057 -59.2437 2.1
    endloop
  endfacet
  facet normal 0.790517 -0.61244 0
    outer loop
      vertex 44.8363 -60.8822 2.5
      vertex 46.1057 -59.2437 2.1
      vertex 46.1057 -59.2437 2.5
    endloop
  endfacet
  facet normal 0.790517 -0.61244 0
    outer loop
      vertex 46.1057 -59.2437 2.1
      vertex 44.8363 -60.8822 2.5
      vertex 44.8363 -60.8822 2.1
    endloop
  endfacet
  facet normal 0.767112 -0.641513 0
    outer loop
      vertex 43.5073 -62.4714 2.5
      vertex 44.8363 -60.8822 2.1
      vertex 44.8363 -60.8822 2.5
    endloop
  endfacet
  facet normal 0.767112 -0.641513 0
    outer loop
      vertex 44.8363 -60.8822 2.1
      vertex 43.5073 -62.4714 2.5
      vertex 43.5073 -62.4714 2.1
    endloop
  endfacet
  facet normal 0.742254 -0.670119 0
    outer loop
      vertex 42.1194 -64.0087 2.5
      vertex 43.5073 -62.4714 2.1
      vertex 43.5073 -62.4714 2.5
    endloop
  endfacet
  facet normal 0.742254 -0.670119 0
    outer loop
      vertex 43.5073 -62.4714 2.1
      vertex 42.1194 -64.0087 2.5
      vertex 42.1194 -64.0087 2.1
    endloop
  endfacet
  facet normal 0.715769 -0.698337 0
    outer loop
      vertex 40.6732 -65.491 2.5
      vertex 42.1194 -64.0087 2.1
      vertex 42.1194 -64.0087 2.5
    endloop
  endfacet
  facet normal 0.715769 -0.698337 0
    outer loop
      vertex 42.1194 -64.0087 2.1
      vertex 40.6732 -65.491 2.5
      vertex 40.6732 -65.491 2.1
    endloop
  endfacet
  facet normal 0.688235 -0.725487 0
    outer loop
      vertex 38.9925 -67.0854 2.1
      vertex 40.6732 -65.491 2.5
      vertex 38.9925 -67.0854 2.5
    endloop
  endfacet
  facet normal 0.688235 -0.725487 0
    outer loop
      vertex 40.6732 -65.491 2.5
      vertex 38.9925 -67.0854 2.1
      vertex 40.6732 -65.491 2.1
    endloop
  endfacet
  facet normal 0.659591 -0.751624 0
    outer loop
      vertex 37.2603 -68.6055 2.1
      vertex 38.9925 -67.0854 2.5
      vertex 37.2603 -68.6055 2.5
    endloop
  endfacet
  facet normal 0.659591 -0.751624 0
    outer loop
      vertex 38.9925 -67.0854 2.5
      vertex 37.2603 -68.6055 2.1
      vertex 38.9925 -67.0854 2.1
    endloop
  endfacet
  facet normal 0.629911 -0.776667 0
    outer loop
      vertex 35.4784 -70.0507 2.1
      vertex 37.2603 -68.6055 2.5
      vertex 35.4784 -70.0507 2.5
    endloop
  endfacet
  facet normal 0.629911 -0.776667 0
    outer loop
      vertex 37.2603 -68.6055 2.5
      vertex 35.4784 -70.0507 2.1
      vertex 37.2603 -68.6055 2.1
    endloop
  endfacet
  facet normal 0.599279 -0.800541 0
    outer loop
      vertex 33.6491 -71.4201 2.1
      vertex 35.4784 -70.0507 2.5
      vertex 33.6491 -71.4201 2.5
    endloop
  endfacet
  facet normal 0.599279 -0.800541 0
    outer loop
      vertex 35.4784 -70.0507 2.5
      vertex 33.6491 -71.4201 2.1
      vertex 35.4784 -70.0507 2.1
    endloop
  endfacet
  facet normal 0.567633 -0.823281 0
    outer loop
      vertex 31.7742 -72.7128 2.1
      vertex 33.6491 -71.4201 2.5
      vertex 31.7742 -72.7128 2.5
    endloop
  endfacet
  facet normal 0.567633 -0.823281 0
    outer loop
      vertex 33.6491 -71.4201 2.5
      vertex 31.7742 -72.7128 2.1
      vertex 33.6491 -71.4201 2.1
    endloop
  endfacet
  facet normal 0.535182 -0.844737 0
    outer loop
      vertex 29.8558 -73.9282 2.1
      vertex 31.7742 -72.7128 2.5
      vertex 29.8558 -73.9282 2.5
    endloop
  endfacet
  facet normal 0.535182 -0.844737 0
    outer loop
      vertex 31.7742 -72.7128 2.5
      vertex 29.8558 -73.9282 2.1
      vertex 31.7742 -72.7128 2.1
    endloop
  endfacet
  facet normal 0.501803 -0.864982 0
    outer loop
      vertex 27.8959 -75.0652 2.1
      vertex 29.8558 -73.9282 2.5
      vertex 27.8959 -75.0652 2.5
    endloop
  endfacet
  facet normal 0.501803 -0.864982 0
    outer loop
      vertex 29.8558 -73.9282 2.5
      vertex 27.8959 -75.0652 2.1
      vertex 29.8558 -73.9282 2.1
    endloop
  endfacet
  facet normal 0.467678 -0.883899 0
    outer loop
      vertex 25.8965 -76.1231 2.1
      vertex 27.8959 -75.0652 2.5
      vertex 25.8965 -76.1231 2.5
    endloop
  endfacet
  facet normal 0.467678 -0.883899 0
    outer loop
      vertex 27.8959 -75.0652 2.5
      vertex 25.8965 -76.1231 2.1
      vertex 27.8959 -75.0652 2.1
    endloop
  endfacet
  facet normal 0.432871 -0.901456 0
    outer loop
      vertex 23.8596 -77.1012 2.1
      vertex 25.8965 -76.1231 2.5
      vertex 23.8596 -77.1012 2.5
    endloop
  endfacet
  facet normal 0.432871 -0.901456 0
    outer loop
      vertex 25.8965 -76.1231 2.5
      vertex 23.8596 -77.1012 2.1
      vertex 25.8965 -76.1231 2.1
    endloop
  endfacet
  facet normal 0.397348 -0.917668 0
    outer loop
      vertex 21.7873 -77.9985 2.1
      vertex 23.8596 -77.1012 2.5
      vertex 21.7873 -77.9985 2.5
    endloop
  endfacet
  facet normal 0.397348 -0.917668 0
    outer loop
      vertex 23.8596 -77.1012 2.5
      vertex 21.7873 -77.9985 2.1
      vertex 23.8596 -77.1012 2.1
    endloop
  endfacet
  facet normal 0.361245 -0.932471 0
    outer loop
      vertex 19.6815 -78.8143 2.1
      vertex 21.7873 -77.9985 2.5
      vertex 19.6815 -78.8143 2.5
    endloop
  endfacet
  facet normal 0.361245 -0.932471 0
    outer loop
      vertex 21.7873 -77.9985 2.5
      vertex 19.6815 -78.8143 2.1
      vertex 21.7873 -77.9985 2.1
    endloop
  endfacet
  facet normal 0.32458 -0.945858 0
    outer loop
      vertex 17.5443 -79.5477 2.1
      vertex 19.6815 -78.8143 2.5
      vertex 17.5443 -79.5477 2.5
    endloop
  endfacet
  facet normal 0.32458 -0.945858 0
    outer loop
      vertex 19.6815 -78.8143 2.5
      vertex 17.5443 -79.5477 2.1
      vertex 19.6815 -78.8143 2.1
    endloop
  endfacet
  facet normal 0.287437 -0.9578 0
    outer loop
      vertex 15.3777 -80.1979 2.1
      vertex 17.5443 -79.5477 2.5
      vertex 15.3777 -80.1979 2.5
    endloop
  endfacet
  facet normal 0.287437 -0.9578 0
    outer loop
      vertex 17.5443 -79.5477 2.5
      vertex 15.3777 -80.1979 2.1
      vertex 17.5443 -79.5477 2.1
    endloop
  endfacet
  facet normal 0.24987 -0.968279 0
    outer loop
      vertex 13.1836 -80.7641 2.1
      vertex 15.3777 -80.1979 2.5
      vertex 13.1836 -80.7641 2.5
    endloop
  endfacet
  facet normal 0.24987 -0.968279 0
    outer loop
      vertex 15.3777 -80.1979 2.5
      vertex 13.1836 -80.7641 2.1
      vertex 15.3777 -80.1979 2.1
    endloop
  endfacet
  facet normal 0.211943 -0.977282 0
    outer loop
      vertex 10.9643 -81.2454 2.1
      vertex 13.1836 -80.7641 2.5
      vertex 10.9643 -81.2454 2.5
    endloop
  endfacet
  facet normal 0.211943 -0.977282 0
    outer loop
      vertex 13.1836 -80.7641 2.5
      vertex 10.9643 -81.2454 2.1
      vertex 13.1836 -80.7641 2.1
    endloop
  endfacet
  facet normal 0.173751 -0.98479 0
    outer loop
      vertex 8.72154 -81.6411 2.1
      vertex 10.9643 -81.2454 2.5
      vertex 8.72154 -81.6411 2.5
    endloop
  endfacet
  facet normal 0.173751 -0.98479 0
    outer loop
      vertex 10.9643 -81.2454 2.5
      vertex 8.72154 -81.6411 2.1
      vertex 10.9643 -81.2454 2.1
    endloop
  endfacet
  facet normal 0.135267 -0.990809 0
    outer loop
      vertex 6.45744 -81.9502 2.1
      vertex 8.72154 -81.6411 2.5
      vertex 6.45744 -81.9502 2.5
    endloop
  endfacet
  facet normal 0.135267 -0.990809 0
    outer loop
      vertex 8.72154 -81.6411 2.5
      vertex 6.45744 -81.9502 2.1
      vertex 8.72154 -81.6411 2.1
    endloop
  endfacet
  facet normal 0.096724 -0.995311 0
    outer loop
      vertex 4.17404 -82.1721 2.1
      vertex 6.45744 -81.9502 2.5
      vertex 4.17404 -82.1721 2.5
    endloop
  endfacet
  facet normal 0.096724 -0.995311 0
    outer loop
      vertex 6.45744 -81.9502 2.5
      vertex 4.17404 -82.1721 2.1
      vertex 6.45744 -81.9502 2.1
    endloop
  endfacet
  facet normal 0.0580144 -0.998316 0
    outer loop
      vertex 1.87332 -82.3058 2.1
      vertex 4.17404 -82.1721 2.5
      vertex 1.87332 -82.3058 2.5
    endloop
  endfacet
  facet normal 0.0580144 -0.998316 0
    outer loop
      vertex 4.17404 -82.1721 2.5
      vertex 1.87332 -82.3058 2.1
      vertex 4.17404 -82.1721 2.1
    endloop
  endfacet
  facet normal 0.0193403 -0.999813 0
    outer loop
      vertex -0.442657 -82.3506 2.1
      vertex 1.87332 -82.3058 2.5
      vertex -0.442657 -82.3506 2.5
    endloop
  endfacet
  facet normal 0.0193403 -0.999813 0
    outer loop
      vertex 1.87332 -82.3058 2.5
      vertex -0.442657 -82.3506 2.1
      vertex 1.87332 -82.3058 2.1
    endloop
  endfacet
  facet normal -0.0193402 -0.999813 0
    outer loop
      vertex -2.75864 -82.3058 2.1
      vertex -0.442657 -82.3506 2.5
      vertex -2.75864 -82.3058 2.5
    endloop
  endfacet
  facet normal -0.0193402 -0.999813 -0
    outer loop
      vertex -0.442657 -82.3506 2.5
      vertex -2.75864 -82.3058 2.1
      vertex -0.442657 -82.3506 2.1
    endloop
  endfacet
  facet normal 0 0 -1
    outer loop
      vertex 98 0 -15.5
      vertex 100 0 -15.5
      vertex 99.8027 -6.27905 -15.5
    endloop
  endfacet
  facet normal 0 0 -1
    outer loop
      vertex 97.8066 -6.15347 -15.5
      vertex 99.8027 -6.27905 -15.5
      vertex 99.2115 -12.5333 -15.5
    endloop
  endfacet
  facet normal 0 0 -1
    outer loop
      vertex 100 0 -15.5
      vertex 98 0 -15.5
      vertex 99.8027 6.27905 -15.5
    endloop
  endfacet
  facet normal 0 0 -1
    outer loop
      vertex 97.2272 -12.2827 -15.5
      vertex 99.2115 -12.5333 -15.5
      vertex 98.2287 -18.7381 -15.5
    endloop
  endfacet
  facet normal 0 0 -1
    outer loop
      vertex 97.8066 6.15347 -15.5
      vertex 99.8027 6.27905 -15.5
      vertex 98 0 -15.5
    endloop
  endfacet
  facet normal -0 0 -1
    outer loop
      vertex 99.8027 6.27905 -15.5
      vertex 97.8066 6.15347 -15.5
      vertex 99.2115 12.5333 -15.5
    endloop
  endfacet
  facet normal 0 0 -1
    outer loop
      vertex 99.8027 -6.27905 -15.5
      vertex 97.8066 -6.15347 -15.5
      vertex 98 0 -15.5
    endloop
  endfacet
  facet normal 0 0 -1
    outer loop
      vertex 99.2115 -12.5333 -15.5
      vertex 97.2272 -12.2827 -15.5
      vertex 97.8066 -6.15347 -15.5
    endloop
  endfacet
  facet normal 0 0 -1
    outer loop
      vertex 96.2642 -18.3634 -15.5
      vertex 98.2287 -18.7381 -15.5
      vertex 96.8583 -24.869 -15.5
    endloop
  endfacet
  facet normal 0 0 -1
    outer loop
      vertex 98.2287 -18.7381 -15.5
      vertex 96.2642 -18.3634 -15.5
      vertex 97.2272 -12.2827 -15.5
    endloop
  endfacet
  facet normal 0 0 -1
    outer loop
      vertex 94.9212 -24.3716 -15.5
      vertex 96.8583 -24.869 -15.5
      vertex 95.1057 -30.9017 -15.5
    endloop
  endfacet
  facet normal 0 0 -1
    outer loop
      vertex 96.8583 -24.869 -15.5
      vertex 94.9212 -24.3716 -15.5
      vertex 96.2642 -18.3634 -15.5
    endloop
  endfacet
  facet normal 0 0 -1
    outer loop
      vertex 95.1057 -30.9017 -15.5
      vertex 93.2035 -30.2837 -15.5
      vertex 94.9212 -24.3716 -15.5
    endloop
  endfacet
  facet normal 0 0 -1
    outer loop
      vertex 92.9776 -36.8125 -15.5
      vertex 93.2035 -30.2837 -15.5
      vertex 95.1057 -30.9017 -15.5
    endloop
  endfacet
  facet normal 0 0 -1
    outer loop
      vertex 92.9776 -36.8125 -15.5
      vertex 91.1181 -36.0762 -15.5
      vertex 93.2035 -30.2837 -15.5
    endloop
  endfacet
  facet normal 0 0 -1
    outer loop
      vertex 90.4827 -42.5779 -15.5
      vertex 91.1181 -36.0762 -15.5
      vertex 92.9776 -36.8125 -15.5
    endloop
  endfacet
  facet normal 0 0 -1
    outer loop
      vertex 90.4827 -42.5779 -15.5
      vertex 88.673 -41.7264 -15.5
      vertex 91.1181 -36.0762 -15.5
    endloop
  endfacet
  facet normal 0 0 -1
    outer loop
      vertex 87.6307 -48.1754 -15.5
      vertex 88.673 -41.7264 -15.5
      vertex 90.4827 -42.5779 -15.5
    endloop
  endfacet
  facet normal 0 0 -1
    outer loop
      vertex 87.6307 -48.1754 -15.5
      vertex 85.8781 -47.2119 -15.5
      vertex 88.673 -41.7264 -15.5
    endloop
  endfacet
  facet normal 0 0 -1
    outer loop
      vertex 84.4328 -53.5827 -15.5
      vertex 85.8781 -47.2119 -15.5
      vertex 87.6307 -48.1754 -15.5
    endloop
  endfacet
  facet normal 0 0 -1
    outer loop
      vertex 84.4328 -53.5827 -15.5
      vertex 82.7441 -52.511 -15.5
      vertex 85.8781 -47.2119 -15.5
    endloop
  endfacet
  facet normal 0 0 -1
    outer loop
      vertex 80.9017 -58.7785 -15.5
      vertex 82.7441 -52.511 -15.5
      vertex 84.4328 -53.5827 -15.5
    endloop
  endfacet
  facet normal 0 0 -1
    outer loop
      vertex 80.9017 -58.7785 -15.5
      vertex 79.2837 -57.603 -15.5
      vertex 82.7441 -52.511 -15.5
    endloop
  endfacet
  facet normal 0 0 -1
    outer loop
      vertex 77.0513 -63.7424 -15.5
      vertex 79.2837 -57.603 -15.5
      vertex 80.9017 -58.7785 -15.5
    endloop
  endfacet
  facet normal 0 0 -1
    outer loop
      vertex 77.0513 -63.7424 -15.5
      vertex 75.5103 -62.4676 -15.5
      vertex 79.2837 -57.603 -15.5
    endloop
  endfacet
  facet normal 0 0 -1
    outer loop
      vertex 72.8969 -68.4547 -15.5
      vertex 75.5103 -62.4676 -15.5
      vertex 77.0513 -63.7424 -15.5
    endloop
  endfacet
  facet normal 0 0 -1
    outer loop
      vertex 72.8969 -68.4547 -15.5
      vertex 71.4389 -67.0856 -15.5
      vertex 75.5103 -62.4676 -15.5
    endloop
  endfacet
  facet normal 0 0 -1
    outer loop
      vertex 68.4547 -72.8969 -15.5
      vertex 71.4389 -67.0856 -15.5
      vertex 72.8969 -68.4547 -15.5
    endloop
  endfacet
  facet normal 0 0 -1
    outer loop
      vertex 68.4547 -72.8969 -15.5
      vertex 67.0856 -71.4389 -15.5
      vertex 71.4389 -67.0856 -15.5
    endloop
  endfacet
  facet normal 0 0 -1
    outer loop
      vertex 63.7424 -77.0513 -15.5
      vertex 67.0856 -71.4389 -15.5
      vertex 68.4547 -72.8969 -15.5
    endloop
  endfacet
  facet normal 0 0 -1
    outer loop
      vertex 63.7424 -77.0513 -15.5
      vertex 62.4676 -75.5103 -15.5
      vertex 67.0856 -71.4389 -15.5
    endloop
  endfacet
  facet normal 0 0 -1
    outer loop
      vertex 58.7785 -80.9017 -15.5
      vertex 62.4676 -75.5103 -15.5
      vertex 63.7424 -77.0513 -15.5
    endloop
  endfacet
  facet normal 0 0 -1
    outer loop
      vertex 58.7785 -80.9017 -15.5
      vertex 57.603 -79.2837 -15.5
      vertex 62.4676 -75.5103 -15.5
    endloop
  endfacet
  facet normal 0 0 -1
    outer loop
      vertex 53.5827 -84.4328 -15.5
      vertex 57.603 -79.2837 -15.5
      vertex 58.7785 -80.9017 -15.5
    endloop
  endfacet
  facet normal 0 0 -1
    outer loop
      vertex 53.5827 -84.4328 -15.5
      vertex 52.511 -82.7441 -15.5
      vertex 57.603 -79.2837 -15.5
    endloop
  endfacet
  facet normal 0 0 -1
    outer loop
      vertex 48.1754 -87.6307 -15.5
      vertex 52.511 -82.7441 -15.5
      vertex 53.5827 -84.4328 -15.5
    endloop
  endfacet
  facet normal 0 0 -1
    outer loop
      vertex 48.1754 -87.6307 -15.5
      vertex 47.2119 -85.8781 -15.5
      vertex 52.511 -82.7441 -15.5
    endloop
  endfacet
  facet normal 0 0 -1
    outer loop
      vertex 42.5779 -90.4827 -15.5
      vertex 47.2119 -85.8781 -15.5
      vertex 48.1754 -87.6307 -15.5
    endloop
  endfacet
  facet normal 0 0 -1
    outer loop
      vertex 42.5779 -90.4827 -15.5
      vertex 41.7264 -88.673 -15.5
      vertex 47.2119 -85.8781 -15.5
    endloop
  endfacet
  facet normal 0 0 -1
    outer loop
      vertex 36.8125 -92.9776 -15.5
      vertex 41.7264 -88.673 -15.5
      vertex 42.5779 -90.4827 -15.5
    endloop
  endfacet
  facet normal 0 0 -1
    outer loop
      vertex 36.8125 -92.9776 -15.5
      vertex 36.0762 -91.1181 -15.5
      vertex 41.7264 -88.673 -15.5
    endloop
  endfacet
  facet normal 0 0 -1
    outer loop
      vertex 30.9017 -95.1057 -15.5
      vertex 36.0762 -91.1181 -15.5
      vertex 36.8125 -92.9776 -15.5
    endloop
  endfacet
  facet normal 0 0 -1
    outer loop
      vertex 30.9017 -95.1057 -15.5
      vertex 30.2837 -93.2035 -15.5
      vertex 36.0762 -91.1181 -15.5
    endloop
  endfacet
  facet normal 0 0 -1
    outer loop
      vertex 24.869 -96.8583 -15.5
      vertex 30.2837 -93.2035 -15.5
      vertex 30.9017 -95.1057 -15.5
    endloop
  endfacet
  facet normal 0 0 -1
    outer loop
      vertex 24.869 -96.8583 -15.5
      vertex 24.3716 -94.9212 -15.5
      vertex 30.2837 -93.2035 -15.5
    endloop
  endfacet
  facet normal 0 0 -1
    outer loop
      vertex 18.7381 -98.2287 -15.5
      vertex 24.3716 -94.9212 -15.5
      vertex 24.869 -96.8583 -15.5
    endloop
  endfacet
  facet normal 0 0 -1
    outer loop
      vertex 18.7381 -98.2287 -15.5
      vertex 18.3634 -96.2642 -15.5
      vertex 24.3716 -94.9212 -15.5
    endloop
  endfacet
  facet normal 0 0 -1
    outer loop
      vertex 12.5333 -99.2115 -15.5
      vertex 18.3634 -96.2642 -15.5
      vertex 18.7381 -98.2287 -15.5
    endloop
  endfacet
  facet normal 0 0 -1
    outer loop
      vertex 12.5333 -99.2115 -15.5
      vertex 12.2827 -97.2272 -15.5
      vertex 18.3634 -96.2642 -15.5
    endloop
  endfacet
  facet normal 0 0 -1
    outer loop
      vertex 6.27905 -99.8027 -15.5
      vertex 12.2827 -97.2272 -15.5
      vertex 12.5333 -99.2115 -15.5
    endloop
  endfacet
  facet normal 0 0 -1
    outer loop
      vertex 6.27905 -99.8027 -15.5
      vertex 6.15347 -97.8066 -15.5
      vertex 12.2827 -97.2272 -15.5
    endloop
  endfacet
  facet normal 0 0 -1
    outer loop
      vertex 0 -100 -15.5
      vertex 6.15347 -97.8066 -15.5
      vertex 6.27905 -99.8027 -15.5
    endloop
  endfacet
  facet normal 0 0 -1
    outer loop
      vertex 0 -100 -15.5
      vertex 0 -98 -15.5
      vertex 6.15347 -97.8066 -15.5
    endloop
  endfacet
  facet normal 0 0 -1
    outer loop
      vertex 0 -100 -15.5
      vertex -6.15347 -97.8066 -15.5
      vertex 0 -98 -15.5
    endloop
  endfacet
  facet normal 0 0 -1
    outer loop
      vertex -6.27905 -99.8027 -15.5
      vertex -6.15347 -97.8066 -15.5
      vertex 0 -100 -15.5
    endloop
  endfacet
  facet normal 0 0 -1
    outer loop
      vertex -6.27905 -99.8027 -15.5
      vertex -12.2827 -97.2272 -15.5
      vertex -6.15347 -97.8066 -15.5
    endloop
  endfacet
  facet normal 0 0 -1
    outer loop
      vertex -12.5333 -99.2115 -15.5
      vertex -12.2827 -97.2272 -15.5
      vertex -6.27905 -99.8027 -15.5
    endloop
  endfacet
  facet normal 0 0 -1
    outer loop
      vertex -12.5333 -99.2115 -15.5
      vertex -18.3634 -96.2642 -15.5
      vertex -12.2827 -97.2272 -15.5
    endloop
  endfacet
  facet normal 0 0 -1
    outer loop
      vertex -18.7381 -98.2287 -15.5
      vertex -18.3634 -96.2642 -15.5
      vertex -12.5333 -99.2115 -15.5
    endloop
  endfacet
  facet normal 0 0 -1
    outer loop
      vertex -18.7381 -98.2287 -15.5
      vertex -24.3716 -94.9212 -15.5
      vertex -18.3634 -96.2642 -15.5
    endloop
  endfacet
  facet normal 0 0 -1
    outer loop
      vertex -24.869 -96.8583 -15.5
      vertex -24.3716 -94.9212 -15.5
      vertex -18.7381 -98.2287 -15.5
    endloop
  endfacet
  facet normal 0 0 -1
    outer loop
      vertex -24.869 -96.8583 -15.5
      vertex -30.2837 -93.2035 -15.5
      vertex -24.3716 -94.9212 -15.5
    endloop
  endfacet
  facet normal 0 0 -1
    outer loop
      vertex -30.9017 -95.1057 -15.5
      vertex -30.2837 -93.2035 -15.5
      vertex -24.869 -96.8583 -15.5
    endloop
  endfacet
  facet normal 0 0 -1
    outer loop
      vertex -30.9017 -95.1057 -15.5
      vertex -36.0762 -91.1181 -15.5
      vertex -30.2837 -93.2035 -15.5
    endloop
  endfacet
  facet normal 0 0 -1
    outer loop
      vertex -36.8125 -92.9776 -15.5
      vertex -36.0762 -91.1181 -15.5
      vertex -30.9017 -95.1057 -15.5
    endloop
  endfacet
  facet normal 0 0 -1
    outer loop
      vertex -36.8125 -92.9776 -15.5
      vertex -41.7264 -88.673 -15.5
      vertex -36.0762 -91.1181 -15.5
    endloop
  endfacet
  facet normal 0 0 -1
    outer loop
      vertex -42.5779 -90.4827 -15.5
      vertex -41.7264 -88.673 -15.5
      vertex -36.8125 -92.9776 -15.5
    endloop
  endfacet
  facet normal 0 0 -1
    outer loop
      vertex -42.5779 -90.4827 -15.5
      vertex -47.2119 -85.8781 -15.5
      vertex -41.7264 -88.673 -15.5
    endloop
  endfacet
  facet normal 0 0 -1
    outer loop
      vertex -48.1754 -87.6307 -15.5
      vertex -47.2119 -85.8781 -15.5
      vertex -42.5779 -90.4827 -15.5
    endloop
  endfacet
  facet normal 0 0 -1
    outer loop
      vertex -48.1754 -87.6307 -15.5
      vertex -52.511 -82.7441 -15.5
      vertex -47.2119 -85.8781 -15.5
    endloop
  endfacet
  facet normal 0 0 -1
    outer loop
      vertex -53.5827 -84.4328 -15.5
      vertex -52.511 -82.7441 -15.5
      vertex -48.1754 -87.6307 -15.5
    endloop
  endfacet
  facet normal 0 0 -1
    outer loop
      vertex -53.5827 -84.4328 -15.5
      vertex -57.603 -79.2837 -15.5
      vertex -52.511 -82.7441 -15.5
    endloop
  endfacet
  facet normal 0 0 -1
    outer loop
      vertex -58.7785 -80.9017 -15.5
      vertex -57.603 -79.2837 -15.5
      vertex -53.5827 -84.4328 -15.5
    endloop
  endfacet
  facet normal 0 0 -1
    outer loop
      vertex -58.7785 -80.9017 -15.5
      vertex -62.4676 -75.5103 -15.5
      vertex -57.603 -79.2837 -15.5
    endloop
  endfacet
  facet normal 0 0 -1
    outer loop
      vertex -63.7424 -77.0513 -15.5
      vertex -62.4676 -75.5103 -15.5
      vertex -58.7785 -80.9017 -15.5
    endloop
  endfacet
  facet normal 0 0 -1
    outer loop
      vertex -63.7424 -77.0513 -15.5
      vertex -67.0856 -71.4389 -15.5
      vertex -62.4676 -75.5103 -15.5
    endloop
  endfacet
  facet normal 0 0 -1
    outer loop
      vertex -68.4547 -72.8969 -15.5
      vertex -67.0856 -71.4389 -15.5
      vertex -63.7424 -77.0513 -15.5
    endloop
  endfacet
  facet normal 0 0 -1
    outer loop
      vertex -68.4547 -72.8969 -15.5
      vertex -71.4389 -67.0856 -15.5
      vertex -67.0856 -71.4389 -15.5
    endloop
  endfacet
  facet normal 0 0 -1
    outer loop
      vertex -72.8969 -68.4547 -15.5
      vertex -71.4389 -67.0856 -15.5
      vertex -68.4547 -72.8969 -15.5
    endloop
  endfacet
  facet normal 0 0 -1
    outer loop
      vertex -72.8969 -68.4547 -15.5
      vertex -75.5103 -62.4676 -15.5
      vertex -71.4389 -67.0856 -15.5
    endloop
  endfacet
  facet normal 0 0 -1
    outer loop
      vertex -77.0513 -63.7424 -15.5
      vertex -75.5103 -62.4676 -15.5
      vertex -72.8969 -68.4547 -15.5
    endloop
  endfacet
  facet normal 0 0 -1
    outer loop
      vertex -77.0513 -63.7424 -15.5
      vertex -79.2837 -57.603 -15.5
      vertex -75.5103 -62.4676 -15.5
    endloop
  endfacet
  facet normal 0 0 -1
    outer loop
      vertex -80.9017 -58.7785 -15.5
      vertex -79.2837 -57.603 -15.5
      vertex -77.0513 -63.7424 -15.5
    endloop
  endfacet
  facet normal 0 0 -1
    outer loop
      vertex -80.9017 -58.7785 -15.5
      vertex -82.7441 -52.511 -15.5
      vertex -79.2837 -57.603 -15.5
    endloop
  endfacet
  facet normal 0 0 -1
    outer loop
      vertex -84.4328 -53.5827 -15.5
      vertex -82.7441 -52.511 -15.5
      vertex -80.9017 -58.7785 -15.5
    endloop
  endfacet
  facet normal 0 0 -1
    outer loop
      vertex -84.4328 -53.5827 -15.5
      vertex -85.8781 -47.2119 -15.5
      vertex -82.7441 -52.511 -15.5
    endloop
  endfacet
  facet normal 0 0 -1
    outer loop
      vertex -87.6307 -48.1754 -15.5
      vertex -85.8781 -47.2119 -15.5
      vertex -84.4328 -53.5827 -15.5
    endloop
  endfacet
  facet normal 0 0 -1
    outer loop
      vertex -87.6307 -48.1754 -15.5
      vertex -88.673 -41.7264 -15.5
      vertex -85.8781 -47.2119 -15.5
    endloop
  endfacet
  facet normal 0 0 -1
    outer loop
      vertex -90.4827 -42.5779 -15.5
      vertex -88.673 -41.7264 -15.5
      vertex -87.6307 -48.1754 -15.5
    endloop
  endfacet
  facet normal 0 0 -1
    outer loop
      vertex -90.4827 -42.5779 -15.5
      vertex -91.1181 -36.0762 -15.5
      vertex -88.673 -41.7264 -15.5
    endloop
  endfacet
  facet normal 0 0 -1
    outer loop
      vertex -92.9776 -36.8125 -15.5
      vertex -91.1181 -36.0762 -15.5
      vertex -90.4827 -42.5779 -15.5
    endloop
  endfacet
  facet normal 0 0 -1
    outer loop
      vertex -92.9776 -36.8125 -15.5
      vertex -93.2035 -30.2837 -15.5
      vertex -91.1181 -36.0762 -15.5
    endloop
  endfacet
  facet normal 0 0 -1
    outer loop
      vertex -95.1057 -30.9017 -15.5
      vertex -93.2035 -30.2837 -15.5
      vertex -92.9776 -36.8125 -15.5
    endloop
  endfacet
  facet normal -0 0 -1
    outer loop
      vertex -93.2035 -30.2837 -15.5
      vertex -95.1057 -30.9017 -15.5
      vertex -94.9212 -24.3716 -15.5
    endloop
  endfacet
  facet normal 0 0 -1
    outer loop
      vertex -96.8583 -24.869 -15.5
      vertex -94.9212 -24.3716 -15.5
      vertex -95.1057 -30.9017 -15.5
    endloop
  endfacet
  facet normal -0 0 -1
    outer loop
      vertex -94.9212 -24.3716 -15.5
      vertex -96.8583 -24.869 -15.5
      vertex -96.2642 -18.3634 -15.5
    endloop
  endfacet
  facet normal 0 0 -1
    outer loop
      vertex -98.2287 -18.7381 -15.5
      vertex -96.2642 -18.3634 -15.5
      vertex -96.8583 -24.869 -15.5
    endloop
  endfacet
  facet normal -0 0 -1
    outer loop
      vertex -96.2642 -18.3634 -15.5
      vertex -98.2287 -18.7381 -15.5
      vertex -97.2272 -12.2827 -15.5
    endloop
  endfacet
  facet normal -0 0 -1
    outer loop
      vertex -97.2272 -12.2827 -15.5
      vertex -99.2115 -12.5333 -15.5
      vertex -97.8066 -6.15347 -15.5
    endloop
  endfacet
  facet normal 0 0 -1
    outer loop
      vertex -99.2115 -12.5333 -15.5
      vertex -97.2272 -12.2827 -15.5
      vertex -98.2287 -18.7381 -15.5
    endloop
  endfacet
  facet normal 0 0 -1
    outer loop
      vertex 97.2272 12.2827 -15.5
      vertex 99.2115 12.5333 -15.5
      vertex 97.8066 6.15347 -15.5
    endloop
  endfacet
  facet normal -0 0 -1
    outer loop
      vertex 99.2115 12.5333 -15.5
      vertex 97.2272 12.2827 -15.5
      vertex 98.2287 18.7381 -15.5
    endloop
  endfacet
  facet normal 0 0 -1
    outer loop
      vertex 96.2642 18.3634 -15.5
      vertex 98.2287 18.7381 -15.5
      vertex 97.2272 12.2827 -15.5
    endloop
  endfacet
  facet normal -0 0 -1
    outer loop
      vertex 98.2287 18.7381 -15.5
      vertex 96.2642 18.3634 -15.5
      vertex 96.8583 24.869 -15.5
    endloop
  endfacet
  facet normal 0 0 -1
    outer loop
      vertex 94.9212 24.3716 -15.5
      vertex 96.8583 24.869 -15.5
      vertex 96.2642 18.3634 -15.5
    endloop
  endfacet
  facet normal -0 0 -1
    outer loop
      vertex 96.8583 24.869 -15.5
      vertex 94.9212 24.3716 -15.5
      vertex 95.1057 30.9017 -15.5
    endloop
  endfacet
  facet normal 0 0 -1
    outer loop
      vertex 93.2035 30.2837 -15.5
      vertex 95.1057 30.9017 -15.5
      vertex 94.9212 24.3716 -15.5
    endloop
  endfacet
  facet normal 0 0 -1
    outer loop
      vertex 93.2035 30.2837 -15.5
      vertex 92.9776 36.8125 -15.5
      vertex 95.1057 30.9017 -15.5
    endloop
  endfacet
  facet normal 0 0 -1
    outer loop
      vertex 91.1181 36.0762 -15.5
      vertex 92.9776 36.8125 -15.5
      vertex 93.2035 30.2837 -15.5
    endloop
  endfacet
  facet normal 0 0 -1
    outer loop
      vertex 91.1181 36.0762 -15.5
      vertex 90.4827 42.5779 -15.5
      vertex 92.9776 36.8125 -15.5
    endloop
  endfacet
  facet normal 0 0 -1
    outer loop
      vertex 88.673 41.7264 -15.5
      vertex 90.4827 42.5779 -15.5
      vertex 91.1181 36.0762 -15.5
    endloop
  endfacet
  facet normal 0 0 -1
    outer loop
      vertex 88.673 41.7264 -15.5
      vertex 87.6307 48.1754 -15.5
      vertex 90.4827 42.5779 -15.5
    endloop
  endfacet
  facet normal 0 0 -1
    outer loop
      vertex 85.8781 47.2119 -15.5
      vertex 87.6307 48.1754 -15.5
      vertex 88.673 41.7264 -15.5
    endloop
  endfacet
  facet normal 0 0 -1
    outer loop
      vertex 85.8781 47.2119 -15.5
      vertex 84.4328 53.5827 -15.5
      vertex 87.6307 48.1754 -15.5
    endloop
  endfacet
  facet normal 0 0 -1
    outer loop
      vertex 82.7441 52.511 -15.5
      vertex 84.4328 53.5827 -15.5
      vertex 85.8781 47.2119 -15.5
    endloop
  endfacet
  facet normal 0 0 -1
    outer loop
      vertex 82.7441 52.511 -15.5
      vertex 80.9017 58.7785 -15.5
      vertex 84.4328 53.5827 -15.5
    endloop
  endfacet
  facet normal 0 0 -1
    outer loop
      vertex 79.2837 57.603 -15.5
      vertex 80.9017 58.7785 -15.5
      vertex 82.7441 52.511 -15.5
    endloop
  endfacet
  facet normal 0 0 -1
    outer loop
      vertex 79.2837 57.603 -15.5
      vertex 77.0513 63.7424 -15.5
      vertex 80.9017 58.7785 -15.5
    endloop
  endfacet
  facet normal 0 0 -1
    outer loop
      vertex 75.5103 62.4676 -15.5
      vertex 77.0513 63.7424 -15.5
      vertex 79.2837 57.603 -15.5
    endloop
  endfacet
  facet normal 0 0 -1
    outer loop
      vertex 75.5103 62.4676 -15.5
      vertex 72.8969 68.4547 -15.5
      vertex 77.0513 63.7424 -15.5
    endloop
  endfacet
  facet normal 0 0 -1
    outer loop
      vertex 71.4389 67.0856 -15.5
      vertex 72.8969 68.4547 -15.5
      vertex 75.5103 62.4676 -15.5
    endloop
  endfacet
  facet normal 0 0 -1
    outer loop
      vertex 71.4389 67.0856 -15.5
      vertex 68.4547 72.8969 -15.5
      vertex 72.8969 68.4547 -15.5
    endloop
  endfacet
  facet normal 0 0 -1
    outer loop
      vertex 67.0856 71.4389 -15.5
      vertex 68.4547 72.8969 -15.5
      vertex 71.4389 67.0856 -15.5
    endloop
  endfacet
  facet normal 0 0 -1
    outer loop
      vertex 67.0856 71.4389 -15.5
      vertex 63.7424 77.0513 -15.5
      vertex 68.4547 72.8969 -15.5
    endloop
  endfacet
  facet normal 0 0 -1
    outer loop
      vertex 62.4676 75.5103 -15.5
      vertex 63.7424 77.0513 -15.5
      vertex 67.0856 71.4389 -15.5
    endloop
  endfacet
  facet normal 0 0 -1
    outer loop
      vertex 62.4676 75.5103 -15.5
      vertex 58.7785 80.9017 -15.5
      vertex 63.7424 77.0513 -15.5
    endloop
  endfacet
  facet normal 0 0 -1
    outer loop
      vertex 57.603 79.2837 -15.5
      vertex 58.7785 80.9017 -15.5
      vertex 62.4676 75.5103 -15.5
    endloop
  endfacet
  facet normal 0 0 -1
    outer loop
      vertex 57.603 79.2837 -15.5
      vertex 53.5827 84.4328 -15.5
      vertex 58.7785 80.9017 -15.5
    endloop
  endfacet
  facet normal 0 0 -1
    outer loop
      vertex 52.511 82.7441 -15.5
      vertex 53.5827 84.4328 -15.5
      vertex 57.603 79.2837 -15.5
    endloop
  endfacet
  facet normal 0 0 -1
    outer loop
      vertex 52.511 82.7441 -15.5
      vertex 48.1754 87.6307 -15.5
      vertex 53.5827 84.4328 -15.5
    endloop
  endfacet
  facet normal 0 0 -1
    outer loop
      vertex 47.2119 85.8781 -15.5
      vertex 48.1754 87.6307 -15.5
      vertex 52.511 82.7441 -15.5
    endloop
  endfacet
  facet normal 0 0 -1
    outer loop
      vertex 47.2119 85.8781 -15.5
      vertex 42.5779 90.4827 -15.5
      vertex 48.1754 87.6307 -15.5
    endloop
  endfacet
  facet normal 0 0 -1
    outer loop
      vertex 41.7264 88.673 -15.5
      vertex 42.5779 90.4827 -15.5
      vertex 47.2119 85.8781 -15.5
    endloop
  endfacet
  facet normal 0 0 -1
    outer loop
      vertex 41.7264 88.673 -15.5
      vertex 36.8125 92.9776 -15.5
      vertex 42.5779 90.4827 -15.5
    endloop
  endfacet
  facet normal 0 0 -1
    outer loop
      vertex 36.0762 91.1181 -15.5
      vertex 36.8125 92.9776 -15.5
      vertex 41.7264 88.673 -15.5
    endloop
  endfacet
  facet normal 0 0 -1
    outer loop
      vertex 36.0762 91.1181 -15.5
      vertex 30.9017 95.1057 -15.5
      vertex 36.8125 92.9776 -15.5
    endloop
  endfacet
  facet normal 0 0 -1
    outer loop
      vertex 30.2837 93.2035 -15.5
      vertex 30.9017 95.1057 -15.5
      vertex 36.0762 91.1181 -15.5
    endloop
  endfacet
  facet normal 0 0 -1
    outer loop
      vertex 30.2837 93.2035 -15.5
      vertex 24.869 96.8583 -15.5
      vertex 30.9017 95.1057 -15.5
    endloop
  endfacet
  facet normal 0 0 -1
    outer loop
      vertex 24.3716 94.9212 -15.5
      vertex 24.869 96.8583 -15.5
      vertex 30.2837 93.2035 -15.5
    endloop
  endfacet
  facet normal 0 0 -1
    outer loop
      vertex 24.3716 94.9212 -15.5
      vertex 18.7381 98.2287 -15.5
      vertex 24.869 96.8583 -15.5
    endloop
  endfacet
  facet normal 0 0 -1
    outer loop
      vertex 18.3634 96.2642 -15.5
      vertex 18.7381 98.2287 -15.5
      vertex 24.3716 94.9212 -15.5
    endloop
  endfacet
  facet normal 0 0 -1
    outer loop
      vertex 18.3634 96.2642 -15.5
      vertex 12.5333 99.2115 -15.5
      vertex 18.7381 98.2287 -15.5
    endloop
  endfacet
  facet normal 0 0 -1
    outer loop
      vertex 12.2827 97.2272 -15.5
      vertex 12.5333 99.2115 -15.5
      vertex 18.3634 96.2642 -15.5
    endloop
  endfacet
  facet normal 0 0 -1
    outer loop
      vertex 12.2827 97.2272 -15.5
      vertex 6.27905 99.8027 -15.5
      vertex 12.5333 99.2115 -15.5
    endloop
  endfacet
  facet normal 0 0 -1
    outer loop
      vertex 6.15347 97.8066 -15.5
      vertex 6.27905 99.8027 -15.5
      vertex 12.2827 97.2272 -15.5
    endloop
  endfacet
  facet normal 0 0 -1
    outer loop
      vertex 0 98 -15.5
      vertex 6.27905 99.8027 -15.5
      vertex 6.15347 97.8066 -15.5
    endloop
  endfacet
  facet normal 0 0 -1
    outer loop
      vertex 0 98 -15.5
      vertex 0 100 -15.5
      vertex 6.27905 99.8027 -15.5
    endloop
  endfacet
  facet normal 0 0 -1
    outer loop
      vertex -6.15347 97.8066 -15.5
      vertex 0 100 -15.5
      vertex 0 98 -15.5
    endloop
  endfacet
  facet normal 0 0 -1
    outer loop
      vertex -6.15347 97.8066 -15.5
      vertex -6.27905 99.8027 -15.5
      vertex 0 100 -15.5
    endloop
  endfacet
  facet normal 0 0 -1
    outer loop
      vertex -12.2827 97.2272 -15.5
      vertex -6.27905 99.8027 -15.5
      vertex -6.15347 97.8066 -15.5
    endloop
  endfacet
  facet normal 0 0 -1
    outer loop
      vertex -12.2827 97.2272 -15.5
      vertex -12.5333 99.2115 -15.5
      vertex -6.27905 99.8027 -15.5
    endloop
  endfacet
  facet normal 0 0 -1
    outer loop
      vertex -18.3634 96.2642 -15.5
      vertex -12.5333 99.2115 -15.5
      vertex -12.2827 97.2272 -15.5
    endloop
  endfacet
  facet normal 0 0 -1
    outer loop
      vertex -18.3634 96.2642 -15.5
      vertex -18.7381 98.2287 -15.5
      vertex -12.5333 99.2115 -15.5
    endloop
  endfacet
  facet normal 0 0 -1
    outer loop
      vertex -24.3716 94.9212 -15.5
      vertex -18.7381 98.2287 -15.5
      vertex -18.3634 96.2642 -15.5
    endloop
  endfacet
  facet normal 0 0 -1
    outer loop
      vertex -24.3716 94.9212 -15.5
      vertex -24.869 96.8583 -15.5
      vertex -18.7381 98.2287 -15.5
    endloop
  endfacet
  facet normal 0 0 -1
    outer loop
      vertex -30.2837 93.2035 -15.5
      vertex -24.869 96.8583 -15.5
      vertex -24.3716 94.9212 -15.5
    endloop
  endfacet
  facet normal 0 0 -1
    outer loop
      vertex -30.2837 93.2035 -15.5
      vertex -30.9017 95.1057 -15.5
      vertex -24.869 96.8583 -15.5
    endloop
  endfacet
  facet normal 0 0 -1
    outer loop
      vertex -36.0762 91.1181 -15.5
      vertex -30.9017 95.1057 -15.5
      vertex -30.2837 93.2035 -15.5
    endloop
  endfacet
  facet normal 0 0 -1
    outer loop
      vertex -36.0762 91.1181 -15.5
      vertex -36.8125 92.9776 -15.5
      vertex -30.9017 95.1057 -15.5
    endloop
  endfacet
  facet normal 0 0 -1
    outer loop
      vertex -41.7264 88.673 -15.5
      vertex -36.8125 92.9776 -15.5
      vertex -36.0762 91.1181 -15.5
    endloop
  endfacet
  facet normal 0 0 -1
    outer loop
      vertex -41.7264 88.673 -15.5
      vertex -42.5779 90.4827 -15.5
      vertex -36.8125 92.9776 -15.5
    endloop
  endfacet
  facet normal 0 0 -1
    outer loop
      vertex -47.2119 85.8781 -15.5
      vertex -42.5779 90.4827 -15.5
      vertex -41.7264 88.673 -15.5
    endloop
  endfacet
  facet normal 0 0 -1
    outer loop
      vertex -47.2119 85.8781 -15.5
      vertex -48.1754 87.6307 -15.5
      vertex -42.5779 90.4827 -15.5
    endloop
  endfacet
  facet normal 0 0 -1
    outer loop
      vertex -52.511 82.7441 -15.5
      vertex -48.1754 87.6307 -15.5
      vertex -47.2119 85.8781 -15.5
    endloop
  endfacet
  facet normal 0 0 -1
    outer loop
      vertex -52.511 82.7441 -15.5
      vertex -53.5827 84.4328 -15.5
      vertex -48.1754 87.6307 -15.5
    endloop
  endfacet
  facet normal 0 0 -1
    outer loop
      vertex -57.603 79.2837 -15.5
      vertex -53.5827 84.4328 -15.5
      vertex -52.511 82.7441 -15.5
    endloop
  endfacet
  facet normal 0 0 -1
    outer loop
      vertex -57.603 79.2837 -15.5
      vertex -58.7785 80.9017 -15.5
      vertex -53.5827 84.4328 -15.5
    endloop
  endfacet
  facet normal 0 0 -1
    outer loop
      vertex -62.4676 75.5103 -15.5
      vertex -58.7785 80.9017 -15.5
      vertex -57.603 79.2837 -15.5
    endloop
  endfacet
  facet normal 0 0 -1
    outer loop
      vertex -62.4676 75.5103 -15.5
      vertex -63.7424 77.0513 -15.5
      vertex -58.7785 80.9017 -15.5
    endloop
  endfacet
  facet normal 0 0 -1
    outer loop
      vertex -67.0856 71.4389 -15.5
      vertex -63.7424 77.0513 -15.5
      vertex -62.4676 75.5103 -15.5
    endloop
  endfacet
  facet normal 0 0 -1
    outer loop
      vertex -67.0856 71.4389 -15.5
      vertex -68.4547 72.8969 -15.5
      vertex -63.7424 77.0513 -15.5
    endloop
  endfacet
  facet normal 0 0 -1
    outer loop
      vertex -71.4389 67.0856 -15.5
      vertex -68.4547 72.8969 -15.5
      vertex -67.0856 71.4389 -15.5
    endloop
  endfacet
  facet normal 0 0 -1
    outer loop
      vertex -71.4389 67.0856 -15.5
      vertex -72.8969 68.4547 -15.5
      vertex -68.4547 72.8969 -15.5
    endloop
  endfacet
  facet normal 0 0 -1
    outer loop
      vertex -75.5103 62.4676 -15.5
      vertex -72.8969 68.4547 -15.5
      vertex -71.4389 67.0856 -15.5
    endloop
  endfacet
  facet normal 0 0 -1
    outer loop
      vertex -75.5103 62.4676 -15.5
      vertex -77.0513 63.7424 -15.5
      vertex -72.8969 68.4547 -15.5
    endloop
  endfacet
  facet normal 0 0 -1
    outer loop
      vertex -79.2837 57.603 -15.5
      vertex -77.0513 63.7424 -15.5
      vertex -75.5103 62.4676 -15.5
    endloop
  endfacet
  facet normal 0 0 -1
    outer loop
      vertex -79.2837 57.603 -15.5
      vertex -80.9017 58.7785 -15.5
      vertex -77.0513 63.7424 -15.5
    endloop
  endfacet
  facet normal 0 0 -1
    outer loop
      vertex -82.7441 52.511 -15.5
      vertex -80.9017 58.7785 -15.5
      vertex -79.2837 57.603 -15.5
    endloop
  endfacet
  facet normal 0 0 -1
    outer loop
      vertex -82.7441 52.511 -15.5
      vertex -84.4328 53.5827 -15.5
      vertex -80.9017 58.7785 -15.5
    endloop
  endfacet
  facet normal 0 0 -1
    outer loop
      vertex -85.8781 47.2119 -15.5
      vertex -84.4328 53.5827 -15.5
      vertex -82.7441 52.511 -15.5
    endloop
  endfacet
  facet normal 0 0 -1
    outer loop
      vertex -85.8781 47.2119 -15.5
      vertex -87.6307 48.1754 -15.5
      vertex -84.4328 53.5827 -15.5
    endloop
  endfacet
  facet normal 0 0 -1
    outer loop
      vertex -88.673 41.7264 -15.5
      vertex -87.6307 48.1754 -15.5
      vertex -85.8781 47.2119 -15.5
    endloop
  endfacet
  facet normal 0 0 -1
    outer loop
      vertex -88.673 41.7264 -15.5
      vertex -90.4827 42.5779 -15.5
      vertex -87.6307 48.1754 -15.5
    endloop
  endfacet
  facet normal 0 0 -1
    outer loop
      vertex -91.1181 36.0762 -15.5
      vertex -90.4827 42.5779 -15.5
      vertex -88.673 41.7264 -15.5
    endloop
  endfacet
  facet normal 0 0 -1
    outer loop
      vertex -91.1181 36.0762 -15.5
      vertex -92.9776 36.8125 -15.5
      vertex -90.4827 42.5779 -15.5
    endloop
  endfacet
  facet normal 0 0 -1
    outer loop
      vertex -93.2035 30.2837 -15.5
      vertex -92.9776 36.8125 -15.5
      vertex -91.1181 36.0762 -15.5
    endloop
  endfacet
  facet normal 0 0 -1
    outer loop
      vertex -95.1057 30.9017 -15.5
      vertex -93.2035 30.2837 -15.5
      vertex -94.9212 24.3716 -15.5
    endloop
  endfacet
  facet normal 0 0 -1
    outer loop
      vertex -93.2035 30.2837 -15.5
      vertex -95.1057 30.9017 -15.5
      vertex -92.9776 36.8125 -15.5
    endloop
  endfacet
  facet normal 0 0 -1
    outer loop
      vertex -96.8583 24.869 -15.5
      vertex -94.9212 24.3716 -15.5
      vertex -96.2642 18.3634 -15.5
    endloop
  endfacet
  facet normal 0 0 -1
    outer loop
      vertex -94.9212 24.3716 -15.5
      vertex -96.8583 24.869 -15.5
      vertex -95.1057 30.9017 -15.5
    endloop
  endfacet
  facet normal 0 0 -1
    outer loop
      vertex -98.2287 18.7381 -15.5
      vertex -96.2642 18.3634 -15.5
      vertex -97.2272 12.2827 -15.5
    endloop
  endfacet
  facet normal 0 0 -1
    outer loop
      vertex -99.2115 12.5333 -15.5
      vertex -97.2272 12.2827 -15.5
      vertex -97.8066 6.15347 -15.5
    endloop
  endfacet
  facet normal 0 0 -1
    outer loop
      vertex -96.2642 18.3634 -15.5
      vertex -98.2287 18.7381 -15.5
      vertex -96.8583 24.869 -15.5
    endloop
  endfacet
  facet normal 0 0 -1
    outer loop
      vertex -99.8027 6.27905 -15.5
      vertex -97.8066 6.15347 -15.5
      vertex -98 0 -15.5
    endloop
  endfacet
  facet normal 0 0 -1
    outer loop
      vertex -99.8027 -6.27905 -15.5
      vertex -97.8066 -6.15347 -15.5
      vertex -99.2115 -12.5333 -15.5
    endloop
  endfacet
  facet normal -0 0 -1
    outer loop
      vertex -97.8066 -6.15347 -15.5
      vertex -99.8027 -6.27905 -15.5
      vertex -98 0 -15.5
    endloop
  endfacet
  facet normal 0 0 -1
    outer loop
      vertex -97.2272 12.2827 -15.5
      vertex -99.2115 12.5333 -15.5
      vertex -98.2287 18.7381 -15.5
    endloop
  endfacet
  facet normal 0 0 -1
    outer loop
      vertex -100 0 -15.5
      vertex -98 0 -15.5
      vertex -99.8027 -6.27905 -15.5
    endloop
  endfacet
  facet normal 0 0 -1
    outer loop
      vertex -97.8066 6.15347 -15.5
      vertex -99.8027 6.27905 -15.5
      vertex -99.2115 12.5333 -15.5
    endloop
  endfacet
  facet normal 0 0 -1
    outer loop
      vertex -98 0 -15.5
      vertex -100 0 -15.5
      vertex -99.8027 6.27905 -15.5
    endloop
  endfacet
  facet normal -0.66132 -0.750104 0
    outer loop
      vertex 62.4676 75.5103 -15.5
      vertex 67.0856 71.4389 -2.5
      vertex 62.4676 75.5103 -2.5
    endloop
  endfacet
  facet normal -0.66132 -0.750104 -0
    outer loop
      vertex 67.0856 71.4389 -2.5
      vertex 62.4676 75.5103 -15.5
      vertex 67.0856 71.4389 -15.5
    endloop
  endfacet
  facet normal 0.397153 0.917752 -0
    outer loop
      vertex -36.0762 -91.1181 -15.5
      vertex -41.7264 -88.673 -2.5
      vertex -36.0762 -91.1181 -2.5
    endloop
  endfacet
  facet normal 0.397153 0.917752 0
    outer loop
      vertex -41.7264 -88.673 -2.5
      vertex -36.0762 -91.1181 -15.5
      vertex -41.7264 -88.673 -15.5
    endloop
  endfacet
  facet normal 0.891013 -0.453977 0
    outer loop
      vertex -88.673 41.7264 -2.5
      vertex -85.8781 47.2119 -15.5
      vertex -85.8781 47.2119 -2.5
    endloop
  endfacet
  facet normal 0.891013 -0.453977 0
    outer loop
      vertex -85.8781 47.2119 -15.5
      vertex -88.673 41.7264 -2.5
      vertex -88.673 41.7264 -15.5
    endloop
  endfacet
  facet normal 0.860733 0.509056 0
    outer loop
      vertex -82.7441 -52.511 -2.5
      vertex -85.8781 -47.2119 -15.5
      vertex -85.8781 -47.2119 -2.5
    endloop
  endfacet
  facet normal 0.860733 0.509056 0
    outer loop
      vertex -85.8781 -47.2119 -15.5
      vertex -82.7441 -52.511 -2.5
      vertex -82.7441 -52.511 -15.5
    endloop
  endfacet
  facet normal -0.987691 -0.15642 0
    outer loop
      vertex 97.2272 12.2827 -15.5
      vertex 96.2642 18.3634 -2.5
      vertex 96.2642 18.3634 -15.5
    endloop
  endfacet
  facet normal -0.987691 -0.15642 0
    outer loop
      vertex 96.2642 18.3634 -2.5
      vertex 97.2272 12.2827 -15.5
      vertex 97.2272 12.2827 -2.5
    endloop
  endfacet
  facet normal -0.96029 -0.279003 0
    outer loop
      vertex 94.9212 24.3716 -15.5
      vertex 93.2035 30.2837 -2.5
      vertex 93.2035 30.2837 -15.5
    endloop
  endfacet
  facet normal -0.96029 -0.279003 0
    outer loop
      vertex 93.2035 30.2837 -2.5
      vertex 94.9212 24.3716 -15.5
      vertex 94.9212 24.3716 -2.5
    endloop
  endfacet
  facet normal -0.790153 -0.61291 0
    outer loop
      vertex 79.2837 57.603 -15.5
      vertex 75.5103 62.4676 -2.5
      vertex 75.5103 62.4676 -15.5
    endloop
  endfacet
  facet normal -0.790153 -0.61291 0
    outer loop
      vertex 75.5103 62.4676 -2.5
      vertex 79.2837 57.603 -15.5
      vertex 79.2837 57.603 -2.5
    endloop
  endfacet
  facet normal -0.509056 -0.860733 0
    outer loop
      vertex 47.2119 85.8781 -15.5
      vertex 52.511 82.7441 -2.5
      vertex 47.2119 85.8781 -2.5
    endloop
  endfacet
  facet normal -0.509056 -0.860733 -0
    outer loop
      vertex 52.511 82.7441 -2.5
      vertex 47.2119 85.8781 -15.5
      vertex 52.511 82.7441 -15.5
    endloop
  endfacet
  facet normal 0.56207 -0.82709 0
    outer loop
      vertex -57.603 79.2837 -15.5
      vertex -52.511 82.7441 -2.5
      vertex -57.603 79.2837 -2.5
    endloop
  endfacet
  facet normal 0.56207 -0.82709 0
    outer loop
      vertex -52.511 82.7441 -2.5
      vertex -57.603 79.2837 -15.5
      vertex -52.511 82.7441 -15.5
    endloop
  endfacet
  facet normal -0.917752 0.397153 0
    outer loop
      vertex 88.673 -41.7264 -15.5
      vertex 91.1181 -36.0762 -2.5
      vertex 91.1181 -36.0762 -15.5
    endloop
  endfacet
  facet normal -0.917752 0.397153 0
    outer loop
      vertex 91.1181 -36.0762 -2.5
      vertex 88.673 -41.7264 -15.5
      vertex 88.673 -41.7264 -2.5
    endloop
  endfacet
  facet normal -0.279003 0.96029 0
    outer loop
      vertex 30.2837 -93.2035 -15.5
      vertex 24.3716 -94.9212 -2.5
      vertex 30.2837 -93.2035 -2.5
    endloop
  endfacet
  facet normal -0.279003 0.96029 0
    outer loop
      vertex 24.3716 -94.9212 -2.5
      vertex 30.2837 -93.2035 -15.5
      vertex 24.3716 -94.9212 -15.5
    endloop
  endfacet
  facet normal -0.707107 0.707107 0
    outer loop
      vertex 67.0856 -71.4389 -15.5
      vertex 71.4389 -67.0856 -2.5
      vertex 71.4389 -67.0856 -15.5
    endloop
  endfacet
  facet normal -0.707107 0.707107 0
    outer loop
      vertex 71.4389 -67.0856 -2.5
      vertex 67.0856 -71.4389 -15.5
      vertex 67.0856 -71.4389 -2.5
    endloop
  endfacet
  facet normal 0.453977 0.891013 -0
    outer loop
      vertex -41.7264 -88.673 -15.5
      vertex -47.2119 -85.8781 -2.5
      vertex -41.7264 -88.673 -2.5
    endloop
  endfacet
  facet normal 0.453977 0.891013 0
    outer loop
      vertex -47.2119 -85.8781 -2.5
      vertex -41.7264 -88.673 -15.5
      vertex -47.2119 -85.8781 -15.5
    endloop
  endfacet
  facet normal 0.975916 0.218145 0
    outer loop
      vertex -94.9212 -24.3716 -2.5
      vertex -96.2642 -18.3634 -15.5
      vertex -96.2642 -18.3634 -2.5
    endloop
  endfacet
  facet normal 0.975916 0.218145 0
    outer loop
      vertex -96.2642 -18.3634 -15.5
      vertex -94.9212 -24.3716 -2.5
      vertex -94.9212 -24.3716 -15.5
    endloop
  endfacet
  facet normal -0.995562 -0.0941111 0
    outer loop
      vertex 97.8066 6.15347 -15.5
      vertex 97.2272 12.2827 -2.5
      vertex 97.2272 12.2827 -15.5
    endloop
  endfacet
  facet normal -0.995562 -0.0941111 0
    outer loop
      vertex 97.2272 12.2827 -2.5
      vertex 97.8066 6.15347 -15.5
      vertex 97.8066 6.15347 -2.5
    endloop
  endfacet
  facet normal -0.917752 -0.397153 0
    outer loop
      vertex 91.1181 36.0762 -15.5
      vertex 88.673 41.7264 -2.5
      vertex 88.673 41.7264 -15.5
    endloop
  endfacet
  facet normal -0.917752 -0.397153 0
    outer loop
      vertex 88.673 41.7264 -2.5
      vertex 91.1181 36.0762 -15.5
      vertex 91.1181 36.0762 -2.5
    endloop
  endfacet
  facet normal -0.940882 -0.338734 0
    outer loop
      vertex 93.2035 30.2837 -15.5
      vertex 91.1181 36.0762 -2.5
      vertex 91.1181 36.0762 -15.5
    endloop
  endfacet
  facet normal -0.940882 -0.338734 0
    outer loop
      vertex 91.1181 36.0762 -2.5
      vertex 93.2035 30.2837 -15.5
      vertex 93.2035 30.2837 -2.5
    endloop
  endfacet
  facet normal -0.891013 -0.453977 0
    outer loop
      vertex 88.673 41.7264 -15.5
      vertex 85.8781 47.2119 -2.5
      vertex 85.8781 47.2119 -15.5
    endloop
  endfacet
  facet normal -0.891013 -0.453977 0
    outer loop
      vertex 85.8781 47.2119 -2.5
      vertex 88.673 41.7264 -15.5
      vertex 88.673 41.7264 -2.5
    endloop
  endfacet
  facet normal -0.860733 -0.509056 0
    outer loop
      vertex 85.8781 47.2119 -15.5
      vertex 82.7441 52.511 -2.5
      vertex 82.7441 52.511 -15.5
    endloop
  endfacet
  facet normal -0.860733 -0.509056 0
    outer loop
      vertex 82.7441 52.511 -2.5
      vertex 85.8781 47.2119 -15.5
      vertex 85.8781 47.2119 -2.5
    endloop
  endfacet
  facet normal -0.279003 -0.96029 0
    outer loop
      vertex 24.3716 94.9212 -15.5
      vertex 30.2837 93.2035 -2.5
      vertex 24.3716 94.9212 -2.5
    endloop
  endfacet
  facet normal -0.279003 -0.96029 -0
    outer loop
      vertex 30.2837 93.2035 -2.5
      vertex 24.3716 94.9212 -15.5
      vertex 30.2837 93.2035 -15.5
    endloop
  endfacet
  facet normal -0.218145 -0.975916 0
    outer loop
      vertex 18.3634 96.2642 -15.5
      vertex 24.3716 94.9212 -2.5
      vertex 18.3634 96.2642 -2.5
    endloop
  endfacet
  facet normal -0.218145 -0.975916 -0
    outer loop
      vertex 24.3716 94.9212 -2.5
      vertex 18.3634 96.2642 -15.5
      vertex 24.3716 94.9212 -15.5
    endloop
  endfacet
  facet normal -0.15642 -0.987691 0
    outer loop
      vertex 12.2827 97.2272 -15.5
      vertex 18.3634 96.2642 -2.5
      vertex 12.2827 97.2272 -2.5
    endloop
  endfacet
  facet normal -0.15642 -0.987691 -0
    outer loop
      vertex 18.3634 96.2642 -2.5
      vertex 12.2827 97.2272 -15.5
      vertex 18.3634 96.2642 -15.5
    endloop
  endfacet
  facet normal 0.940882 -0.338734 0
    outer loop
      vertex -93.2035 30.2837 -2.5
      vertex -91.1181 36.0762 -15.5
      vertex -91.1181 36.0762 -2.5
    endloop
  endfacet
  facet normal 0.940882 -0.338734 0
    outer loop
      vertex -91.1181 36.0762 -15.5
      vertex -93.2035 30.2837 -2.5
      vertex -93.2035 30.2837 -15.5
    endloop
  endfacet
  facet normal 0.790153 -0.61291 0
    outer loop
      vertex -79.2837 57.603 -2.5
      vertex -75.5103 62.4676 -15.5
      vertex -75.5103 62.4676 -2.5
    endloop
  endfacet
  facet normal 0.790153 -0.61291 0
    outer loop
      vertex -75.5103 62.4676 -15.5
      vertex -79.2837 57.603 -2.5
      vertex -79.2837 57.603 -15.5
    endloop
  endfacet
  facet normal 0.218145 -0.975916 0
    outer loop
      vertex -24.3716 94.9212 -15.5
      vertex -18.3634 96.2642 -2.5
      vertex -24.3716 94.9212 -2.5
    endloop
  endfacet
  facet normal 0.218145 -0.975916 0
    outer loop
      vertex -18.3634 96.2642 -2.5
      vertex -24.3716 94.9212 -15.5
      vertex -18.3634 96.2642 -15.5
    endloop
  endfacet
  facet normal 0.15642 -0.987691 0
    outer loop
      vertex -18.3634 96.2642 -15.5
      vertex -12.2827 97.2272 -2.5
      vertex -18.3634 96.2642 -2.5
    endloop
  endfacet
  facet normal 0.15642 -0.987691 0
    outer loop
      vertex -12.2827 97.2272 -2.5
      vertex -18.3634 96.2642 -15.5
      vertex -12.2827 97.2272 -15.5
    endloop
  endfacet
  facet normal 0.509056 -0.860733 0
    outer loop
      vertex -52.511 82.7441 -15.5
      vertex -47.2119 85.8781 -2.5
      vertex -52.511 82.7441 -2.5
    endloop
  endfacet
  facet normal 0.509056 -0.860733 0
    outer loop
      vertex -47.2119 85.8781 -2.5
      vertex -52.511 82.7441 -15.5
      vertex -47.2119 85.8781 -15.5
    endloop
  endfacet
  facet normal 0.66132 -0.750104 0
    outer loop
      vertex -67.0856 71.4389 -15.5
      vertex -62.4676 75.5103 -2.5
      vertex -67.0856 71.4389 -2.5
    endloop
  endfacet
  facet normal 0.66132 -0.750104 0
    outer loop
      vertex -62.4676 75.5103 -2.5
      vertex -67.0856 71.4389 -15.5
      vertex -62.4676 75.5103 -15.5
    endloop
  endfacet
  facet normal 0.61291 -0.790153 0
    outer loop
      vertex -62.4676 75.5103 -15.5
      vertex -57.603 79.2837 -2.5
      vertex -62.4676 75.5103 -2.5
    endloop
  endfacet
  facet normal 0.61291 -0.790153 0
    outer loop
      vertex -57.603 79.2837 -2.5
      vertex -62.4676 75.5103 -15.5
      vertex -57.603 79.2837 -15.5
    endloop
  endfacet
  facet normal -0.999506 -0.0314139 0
    outer loop
      vertex 98 0 -15.5
      vertex 97.8066 6.15347 -2.5
      vertex 97.8066 6.15347 -15.5
    endloop
  endfacet
  facet normal -0.999506 -0.0314139 0
    outer loop
      vertex 97.8066 6.15347 -2.5
      vertex 98 0 -15.5
      vertex 98 0 -2.5
    endloop
  endfacet
  facet normal -0.15642 0.987691 0
    outer loop
      vertex 18.3634 -96.2642 -15.5
      vertex 12.2827 -97.2272 -2.5
      vertex 18.3634 -96.2642 -2.5
    endloop
  endfacet
  facet normal -0.15642 0.987691 0
    outer loop
      vertex 12.2827 -97.2272 -2.5
      vertex 18.3634 -96.2642 -15.5
      vertex 12.2827 -97.2272 -15.5
    endloop
  endfacet
  facet normal -0.999506 0.0314139 0
    outer loop
      vertex 97.8066 -6.15347 -15.5
      vertex 98 0 -2.5
      vertex 98 0 -15.5
    endloop
  endfacet
  facet normal -0.999506 0.0314139 0
    outer loop
      vertex 98 0 -2.5
      vertex 97.8066 -6.15347 -15.5
      vertex 97.8066 -6.15347 -2.5
    endloop
  endfacet
  facet normal -0.987691 0.15642 0
    outer loop
      vertex 96.2642 -18.3634 -15.5
      vertex 97.2272 -12.2827 -2.5
      vertex 97.2272 -12.2827 -15.5
    endloop
  endfacet
  facet normal -0.987691 0.15642 0
    outer loop
      vertex 97.2272 -12.2827 -2.5
      vertex 96.2642 -18.3634 -15.5
      vertex 96.2642 -18.3634 -2.5
    endloop
  endfacet
  facet normal -0.453977 0.891013 0
    outer loop
      vertex 47.2119 -85.8781 -15.5
      vertex 41.7264 -88.673 -2.5
      vertex 47.2119 -85.8781 -2.5
    endloop
  endfacet
  facet normal -0.453977 0.891013 0
    outer loop
      vertex 41.7264 -88.673 -2.5
      vertex 47.2119 -85.8781 -15.5
      vertex 41.7264 -88.673 -15.5
    endloop
  endfacet
  facet normal -0.61291 0.790153 0
    outer loop
      vertex 62.4676 -75.5103 -15.5
      vertex 57.603 -79.2837 -2.5
      vertex 62.4676 -75.5103 -2.5
    endloop
  endfacet
  facet normal -0.61291 0.790153 0
    outer loop
      vertex 57.603 -79.2837 -2.5
      vertex 62.4676 -75.5103 -15.5
      vertex 57.603 -79.2837 -15.5
    endloop
  endfacet
  facet normal -0.509056 0.860733 0
    outer loop
      vertex 52.511 -82.7441 -15.5
      vertex 47.2119 -85.8781 -2.5
      vertex 52.511 -82.7441 -2.5
    endloop
  endfacet
  facet normal -0.509056 0.860733 0
    outer loop
      vertex 47.2119 -85.8781 -2.5
      vertex 52.511 -82.7441 -15.5
      vertex 47.2119 -85.8781 -15.5
    endloop
  endfacet
  facet normal -0.750104 0.66132 0
    outer loop
      vertex 71.4389 -67.0856 -15.5
      vertex 75.5103 -62.4676 -2.5
      vertex 75.5103 -62.4676 -15.5
    endloop
  endfacet
  facet normal -0.750104 0.66132 0
    outer loop
      vertex 75.5103 -62.4676 -2.5
      vertex 71.4389 -67.0856 -15.5
      vertex 71.4389 -67.0856 -2.5
    endloop
  endfacet
  facet normal -0.860733 0.509056 0
    outer loop
      vertex 82.7441 -52.511 -15.5
      vertex 85.8781 -47.2119 -2.5
      vertex 85.8781 -47.2119 -15.5
    endloop
  endfacet
  facet normal -0.860733 0.509056 0
    outer loop
      vertex 85.8781 -47.2119 -2.5
      vertex 82.7441 -52.511 -15.5
      vertex 82.7441 -52.511 -2.5
    endloop
  endfacet
  facet normal -0.790153 0.61291 0
    outer loop
      vertex 75.5103 -62.4676 -15.5
      vertex 79.2837 -57.603 -2.5
      vertex 79.2837 -57.603 -15.5
    endloop
  endfacet
  facet normal -0.790153 0.61291 0
    outer loop
      vertex 79.2837 -57.603 -2.5
      vertex 75.5103 -62.4676 -15.5
      vertex 75.5103 -62.4676 -2.5
    endloop
  endfacet
  facet normal 0.338734 0.940882 -0
    outer loop
      vertex -30.2837 -93.2035 -15.5
      vertex -36.0762 -91.1181 -2.5
      vertex -30.2837 -93.2035 -2.5
    endloop
  endfacet
  facet normal 0.338734 0.940882 0
    outer loop
      vertex -36.0762 -91.1181 -2.5
      vertex -30.2837 -93.2035 -15.5
      vertex -36.0762 -91.1181 -15.5
    endloop
  endfacet
  facet normal 0.0314139 0.999506 -0
    outer loop
      vertex 0 -98 -15.5
      vertex -6.15347 -97.8066 -2.5
      vertex 0 -98 -2.5
    endloop
  endfacet
  facet normal 0.0314139 0.999506 0
    outer loop
      vertex -6.15347 -97.8066 -2.5
      vertex 0 -98 -15.5
      vertex -6.15347 -97.8066 -15.5
    endloop
  endfacet
  facet normal 0.940882 0.338734 0
    outer loop
      vertex -91.1181 -36.0762 -2.5
      vertex -93.2035 -30.2837 -15.5
      vertex -93.2035 -30.2837 -2.5
    endloop
  endfacet
  facet normal 0.940882 0.338734 0
    outer loop
      vertex -93.2035 -30.2837 -15.5
      vertex -91.1181 -36.0762 -2.5
      vertex -91.1181 -36.0762 -15.5
    endloop
  endfacet
  facet normal 0.750104 0.66132 0
    outer loop
      vertex -71.4389 -67.0856 -2.5
      vertex -75.5103 -62.4676 -15.5
      vertex -75.5103 -62.4676 -2.5
    endloop
  endfacet
  facet normal 0.750104 0.66132 0
    outer loop
      vertex -75.5103 -62.4676 -15.5
      vertex -71.4389 -67.0856 -2.5
      vertex -71.4389 -67.0856 -15.5
    endloop
  endfacet
  facet normal -0.82709 -0.56207 0
    outer loop
      vertex 82.7441 52.511 -15.5
      vertex 79.2837 57.603 -2.5
      vertex 79.2837 57.603 -15.5
    endloop
  endfacet
  facet normal -0.82709 -0.56207 0
    outer loop
      vertex 79.2837 57.603 -2.5
      vertex 82.7441 52.511 -15.5
      vertex 82.7441 52.511 -2.5
    endloop
  endfacet
  facet normal -0.707107 -0.707107 0
    outer loop
      vertex 71.4389 67.0856 -15.5
      vertex 67.0856 71.4389 -2.5
      vertex 67.0856 71.4389 -15.5
    endloop
  endfacet
  facet normal -0.707107 -0.707107 0
    outer loop
      vertex 67.0856 71.4389 -2.5
      vertex 71.4389 67.0856 -15.5
      vertex 71.4389 67.0856 -2.5
    endloop
  endfacet
  facet normal -0.750104 -0.66132 0
    outer loop
      vertex 75.5103 62.4676 -15.5
      vertex 71.4389 67.0856 -2.5
      vertex 71.4389 67.0856 -15.5
    endloop
  endfacet
  facet normal -0.750104 -0.66132 0
    outer loop
      vertex 71.4389 67.0856 -2.5
      vertex 75.5103 62.4676 -15.5
      vertex 75.5103 62.4676 -2.5
    endloop
  endfacet
  facet normal -0.0314139 -0.999506 0
    outer loop
      vertex 0 98 -15.5
      vertex 6.15347 97.8066 -2.5
      vertex 0 98 -2.5
    endloop
  endfacet
  facet normal -0.0314139 -0.999506 -0
    outer loop
      vertex 6.15347 97.8066 -2.5
      vertex 0 98 -15.5
      vertex 6.15347 97.8066 -15.5
    endloop
  endfacet
  facet normal -0.56207 -0.82709 0
    outer loop
      vertex 52.511 82.7441 -15.5
      vertex 57.603 79.2837 -2.5
      vertex 52.511 82.7441 -2.5
    endloop
  endfacet
  facet normal -0.56207 -0.82709 -0
    outer loop
      vertex 57.603 79.2837 -2.5
      vertex 52.511 82.7441 -15.5
      vertex 57.603 79.2837 -15.5
    endloop
  endfacet
  facet normal -0.61291 -0.790153 0
    outer loop
      vertex 57.603 79.2837 -15.5
      vertex 62.4676 75.5103 -2.5
      vertex 57.603 79.2837 -2.5
    endloop
  endfacet
  facet normal -0.61291 -0.790153 -0
    outer loop
      vertex 62.4676 75.5103 -2.5
      vertex 57.603 79.2837 -15.5
      vertex 62.4676 75.5103 -15.5
    endloop
  endfacet
  facet normal -0.397153 -0.917752 0
    outer loop
      vertex 36.0762 91.1181 -15.5
      vertex 41.7264 88.673 -2.5
      vertex 36.0762 91.1181 -2.5
    endloop
  endfacet
  facet normal -0.397153 -0.917752 -0
    outer loop
      vertex 41.7264 88.673 -2.5
      vertex 36.0762 91.1181 -15.5
      vertex 41.7264 88.673 -15.5
    endloop
  endfacet
  facet normal -0.453977 -0.891013 0
    outer loop
      vertex 41.7264 88.673 -15.5
      vertex 47.2119 85.8781 -2.5
      vertex 41.7264 88.673 -2.5
    endloop
  endfacet
  facet normal -0.453977 -0.891013 -0
    outer loop
      vertex 47.2119 85.8781 -2.5
      vertex 41.7264 88.673 -15.5
      vertex 47.2119 85.8781 -15.5
    endloop
  endfacet
  facet normal -0.338734 -0.940882 0
    outer loop
      vertex 30.2837 93.2035 -15.5
      vertex 36.0762 91.1181 -2.5
      vertex 30.2837 93.2035 -2.5
    endloop
  endfacet
  facet normal -0.338734 -0.940882 -0
    outer loop
      vertex 36.0762 91.1181 -2.5
      vertex 30.2837 93.2035 -15.5
      vertex 36.0762 91.1181 -15.5
    endloop
  endfacet
  facet normal -0.0941111 -0.995562 0
    outer loop
      vertex 6.15347 97.8066 -15.5
      vertex 12.2827 97.2272 -2.5
      vertex 6.15347 97.8066 -2.5
    endloop
  endfacet
  facet normal -0.0941111 -0.995562 -0
    outer loop
      vertex 12.2827 97.2272 -2.5
      vertex 6.15347 97.8066 -15.5
      vertex 12.2827 97.2272 -15.5
    endloop
  endfacet
  facet normal 0.999506 -0.0314139 0
    outer loop
      vertex -98 0 -2.5
      vertex -97.8066 6.15347 -15.5
      vertex -97.8066 6.15347 -2.5
    endloop
  endfacet
  facet normal 0.999506 -0.0314139 0
    outer loop
      vertex -97.8066 6.15347 -15.5
      vertex -98 0 -2.5
      vertex -98 0 -15.5
    endloop
  endfacet
  facet normal 0.975916 -0.218145 0
    outer loop
      vertex -96.2642 18.3634 -2.5
      vertex -94.9212 24.3716 -15.5
      vertex -94.9212 24.3716 -2.5
    endloop
  endfacet
  facet normal 0.975916 -0.218145 0
    outer loop
      vertex -94.9212 24.3716 -15.5
      vertex -96.2642 18.3634 -2.5
      vertex -96.2642 18.3634 -15.5
    endloop
  endfacet
  facet normal 0.995562 -0.0941111 0
    outer loop
      vertex -97.8066 6.15347 -2.5
      vertex -97.2272 12.2827 -15.5
      vertex -97.2272 12.2827 -2.5
    endloop
  endfacet
  facet normal 0.995562 -0.0941111 0
    outer loop
      vertex -97.2272 12.2827 -15.5
      vertex -97.8066 6.15347 -2.5
      vertex -97.8066 6.15347 -15.5
    endloop
  endfacet
  facet normal 0.917752 -0.397153 0
    outer loop
      vertex -91.1181 36.0762 -2.5
      vertex -88.673 41.7264 -15.5
      vertex -88.673 41.7264 -2.5
    endloop
  endfacet
  facet normal 0.917752 -0.397153 0
    outer loop
      vertex -88.673 41.7264 -15.5
      vertex -91.1181 36.0762 -2.5
      vertex -91.1181 36.0762 -15.5
    endloop
  endfacet
  facet normal 0.96029 -0.279003 0
    outer loop
      vertex -94.9212 24.3716 -2.5
      vertex -93.2035 30.2837 -15.5
      vertex -93.2035 30.2837 -2.5
    endloop
  endfacet
  facet normal 0.96029 -0.279003 0
    outer loop
      vertex -93.2035 30.2837 -15.5
      vertex -94.9212 24.3716 -2.5
      vertex -94.9212 24.3716 -15.5
    endloop
  endfacet
  facet normal 0.987691 -0.15642 0
    outer loop
      vertex -97.2272 12.2827 -2.5
      vertex -96.2642 18.3634 -15.5
      vertex -96.2642 18.3634 -2.5
    endloop
  endfacet
  facet normal 0.987691 -0.15642 0
    outer loop
      vertex -96.2642 18.3634 -15.5
      vertex -97.2272 12.2827 -2.5
      vertex -97.2272 12.2827 -15.5
    endloop
  endfacet
  facet normal 0.82709 -0.56207 0
    outer loop
      vertex -82.7441 52.511 -2.5
      vertex -79.2837 57.603 -15.5
      vertex -79.2837 57.603 -2.5
    endloop
  endfacet
  facet normal 0.82709 -0.56207 0
    outer loop
      vertex -79.2837 57.603 -15.5
      vertex -82.7441 52.511 -2.5
      vertex -82.7441 52.511 -15.5
    endloop
  endfacet
  facet normal 0.860733 -0.509056 0
    outer loop
      vertex -85.8781 47.2119 -2.5
      vertex -82.7441 52.511 -15.5
      vertex -82.7441 52.511 -2.5
    endloop
  endfacet
  facet normal 0.860733 -0.509056 0
    outer loop
      vertex -82.7441 52.511 -15.5
      vertex -85.8781 47.2119 -2.5
      vertex -85.8781 47.2119 -15.5
    endloop
  endfacet
  facet normal 0.707107 -0.707107 0
    outer loop
      vertex -71.4389 67.0856 -2.5
      vertex -67.0856 71.4389 -15.5
      vertex -67.0856 71.4389 -2.5
    endloop
  endfacet
  facet normal 0.707107 -0.707107 0
    outer loop
      vertex -67.0856 71.4389 -15.5
      vertex -71.4389 67.0856 -2.5
      vertex -71.4389 67.0856 -15.5
    endloop
  endfacet
  facet normal 0.750104 -0.66132 0
    outer loop
      vertex -75.5103 62.4676 -2.5
      vertex -71.4389 67.0856 -15.5
      vertex -71.4389 67.0856 -2.5
    endloop
  endfacet
  facet normal 0.750104 -0.66132 0
    outer loop
      vertex -71.4389 67.0856 -15.5
      vertex -75.5103 62.4676 -2.5
      vertex -75.5103 62.4676 -15.5
    endloop
  endfacet
  facet normal 0.338734 -0.940882 0
    outer loop
      vertex -36.0762 91.1181 -15.5
      vertex -30.2837 93.2035 -2.5
      vertex -36.0762 91.1181 -2.5
    endloop
  endfacet
  facet normal 0.338734 -0.940882 0
    outer loop
      vertex -30.2837 93.2035 -2.5
      vertex -36.0762 91.1181 -15.5
      vertex -30.2837 93.2035 -15.5
    endloop
  endfacet
  facet normal 0.0314139 -0.999506 0
    outer loop
      vertex -6.15347 97.8066 -15.5
      vertex 0 98 -2.5
      vertex -6.15347 97.8066 -2.5
    endloop
  endfacet
  facet normal 0.0314139 -0.999506 0
    outer loop
      vertex 0 98 -2.5
      vertex -6.15347 97.8066 -15.5
      vertex 0 98 -15.5
    endloop
  endfacet
  facet normal 0.0941111 -0.995562 0
    outer loop
      vertex -12.2827 97.2272 -15.5
      vertex -6.15347 97.8066 -2.5
      vertex -12.2827 97.2272 -2.5
    endloop
  endfacet
  facet normal 0.0941111 -0.995562 0
    outer loop
      vertex -6.15347 97.8066 -2.5
      vertex -12.2827 97.2272 -15.5
      vertex -6.15347 97.8066 -15.5
    endloop
  endfacet
  facet normal 0.397153 -0.917752 0
    outer loop
      vertex -41.7264 88.673 -15.5
      vertex -36.0762 91.1181 -2.5
      vertex -41.7264 88.673 -2.5
    endloop
  endfacet
  facet normal 0.397153 -0.917752 0
    outer loop
      vertex -36.0762 91.1181 -2.5
      vertex -41.7264 88.673 -15.5
      vertex -36.0762 91.1181 -15.5
    endloop
  endfacet
  facet normal 0.453977 -0.891013 0
    outer loop
      vertex -47.2119 85.8781 -15.5
      vertex -41.7264 88.673 -2.5
      vertex -47.2119 85.8781 -2.5
    endloop
  endfacet
  facet normal 0.453977 -0.891013 0
    outer loop
      vertex -41.7264 88.673 -2.5
      vertex -47.2119 85.8781 -15.5
      vertex -41.7264 88.673 -15.5
    endloop
  endfacet
  facet normal -0.995562 0.0941111 0
    outer loop
      vertex 97.2272 -12.2827 -15.5
      vertex 97.8066 -6.15347 -2.5
      vertex 97.8066 -6.15347 -15.5
    endloop
  endfacet
  facet normal -0.995562 0.0941111 0
    outer loop
      vertex 97.8066 -6.15347 -2.5
      vertex 97.2272 -12.2827 -15.5
      vertex 97.2272 -12.2827 -2.5
    endloop
  endfacet
  facet normal -0.0314139 0.999506 0
    outer loop
      vertex 6.15347 -97.8066 -15.5
      vertex 0 -98 -2.5
      vertex 6.15347 -97.8066 -2.5
    endloop
  endfacet
  facet normal -0.0314139 0.999506 0
    outer loop
      vertex 0 -98 -2.5
      vertex 6.15347 -97.8066 -15.5
      vertex 0 -98 -15.5
    endloop
  endfacet
  facet normal -0.940882 0.338734 0
    outer loop
      vertex 91.1181 -36.0762 -15.5
      vertex 93.2035 -30.2837 -2.5
      vertex 93.2035 -30.2837 -15.5
    endloop
  endfacet
  facet normal -0.940882 0.338734 0
    outer loop
      vertex 93.2035 -30.2837 -2.5
      vertex 91.1181 -36.0762 -15.5
      vertex 91.1181 -36.0762 -2.5
    endloop
  endfacet
  facet normal -0.975916 0.218145 0
    outer loop
      vertex 94.9212 -24.3716 -15.5
      vertex 96.2642 -18.3634 -2.5
      vertex 96.2642 -18.3634 -15.5
    endloop
  endfacet
  facet normal -0.975916 0.218145 0
    outer loop
      vertex 96.2642 -18.3634 -2.5
      vertex 94.9212 -24.3716 -15.5
      vertex 94.9212 -24.3716 -2.5
    endloop
  endfacet
  facet normal -0.96029 0.279003 0
    outer loop
      vertex 93.2035 -30.2837 -15.5
      vertex 94.9212 -24.3716 -2.5
      vertex 94.9212 -24.3716 -15.5
    endloop
  endfacet
  facet normal -0.96029 0.279003 0
    outer loop
      vertex 94.9212 -24.3716 -2.5
      vertex 93.2035 -30.2837 -15.5
      vertex 93.2035 -30.2837 -2.5
    endloop
  endfacet
  facet normal -0.0941111 0.995562 0
    outer loop
      vertex 12.2827 -97.2272 -15.5
      vertex 6.15347 -97.8066 -2.5
      vertex 12.2827 -97.2272 -2.5
    endloop
  endfacet
  facet normal -0.0941111 0.995562 0
    outer loop
      vertex 6.15347 -97.8066 -2.5
      vertex 12.2827 -97.2272 -15.5
      vertex 6.15347 -97.8066 -15.5
    endloop
  endfacet
  facet normal -0.397153 0.917752 0
    outer loop
      vertex 41.7264 -88.673 -15.5
      vertex 36.0762 -91.1181 -2.5
      vertex 41.7264 -88.673 -2.5
    endloop
  endfacet
  facet normal -0.397153 0.917752 0
    outer loop
      vertex 36.0762 -91.1181 -2.5
      vertex 41.7264 -88.673 -15.5
      vertex 36.0762 -91.1181 -15.5
    endloop
  endfacet
  facet normal -0.338734 0.940882 0
    outer loop
      vertex 36.0762 -91.1181 -15.5
      vertex 30.2837 -93.2035 -2.5
      vertex 36.0762 -91.1181 -2.5
    endloop
  endfacet
  facet normal -0.338734 0.940882 0
    outer loop
      vertex 30.2837 -93.2035 -2.5
      vertex 36.0762 -91.1181 -15.5
      vertex 30.2837 -93.2035 -15.5
    endloop
  endfacet
  facet normal -0.66132 0.750104 0
    outer loop
      vertex 67.0856 -71.4389 -15.5
      vertex 62.4676 -75.5103 -2.5
      vertex 67.0856 -71.4389 -2.5
    endloop
  endfacet
  facet normal -0.66132 0.750104 0
    outer loop
      vertex 62.4676 -75.5103 -2.5
      vertex 67.0856 -71.4389 -15.5
      vertex 62.4676 -75.5103 -15.5
    endloop
  endfacet
  facet normal -0.891013 0.453977 0
    outer loop
      vertex 85.8781 -47.2119 -15.5
      vertex 88.673 -41.7264 -2.5
      vertex 88.673 -41.7264 -15.5
    endloop
  endfacet
  facet normal -0.891013 0.453977 0
    outer loop
      vertex 88.673 -41.7264 -2.5
      vertex 85.8781 -47.2119 -15.5
      vertex 85.8781 -47.2119 -2.5
    endloop
  endfacet
  facet normal 0.15642 0.987691 -0
    outer loop
      vertex -12.2827 -97.2272 -15.5
      vertex -18.3634 -96.2642 -2.5
      vertex -12.2827 -97.2272 -2.5
    endloop
  endfacet
  facet normal 0.15642 0.987691 0
    outer loop
      vertex -18.3634 -96.2642 -2.5
      vertex -12.2827 -97.2272 -15.5
      vertex -18.3634 -96.2642 -15.5
    endloop
  endfacet
  facet normal 0.218145 0.975916 -0
    outer loop
      vertex -18.3634 -96.2642 -15.5
      vertex -24.3716 -94.9212 -2.5
      vertex -18.3634 -96.2642 -2.5
    endloop
  endfacet
  facet normal 0.218145 0.975916 0
    outer loop
      vertex -24.3716 -94.9212 -2.5
      vertex -18.3634 -96.2642 -15.5
      vertex -24.3716 -94.9212 -15.5
    endloop
  endfacet
  facet normal 0.0941111 0.995562 -0
    outer loop
      vertex -6.15347 -97.8066 -15.5
      vertex -12.2827 -97.2272 -2.5
      vertex -6.15347 -97.8066 -2.5
    endloop
  endfacet
  facet normal 0.0941111 0.995562 0
    outer loop
      vertex -12.2827 -97.2272 -2.5
      vertex -6.15347 -97.8066 -15.5
      vertex -12.2827 -97.2272 -15.5
    endloop
  endfacet
  facet normal 0.707107 0.707107 0
    outer loop
      vertex -67.0856 -71.4389 -2.5
      vertex -71.4389 -67.0856 -15.5
      vertex -71.4389 -67.0856 -2.5
    endloop
  endfacet
  facet normal 0.707107 0.707107 0
    outer loop
      vertex -71.4389 -67.0856 -15.5
      vertex -67.0856 -71.4389 -2.5
      vertex -67.0856 -71.4389 -15.5
    endloop
  endfacet
  facet normal 0.61291 0.790153 -0
    outer loop
      vertex -57.603 -79.2837 -15.5
      vertex -62.4676 -75.5103 -2.5
      vertex -57.603 -79.2837 -2.5
    endloop
  endfacet
  facet normal 0.61291 0.790153 0
    outer loop
      vertex -62.4676 -75.5103 -2.5
      vertex -57.603 -79.2837 -15.5
      vertex -62.4676 -75.5103 -15.5
    endloop
  endfacet
  facet normal 0.56207 0.82709 -0
    outer loop
      vertex -52.511 -82.7441 -15.5
      vertex -57.603 -79.2837 -2.5
      vertex -52.511 -82.7441 -2.5
    endloop
  endfacet
  facet normal 0.56207 0.82709 0
    outer loop
      vertex -57.603 -79.2837 -2.5
      vertex -52.511 -82.7441 -15.5
      vertex -57.603 -79.2837 -15.5
    endloop
  endfacet
  facet normal 0.509056 0.860733 -0
    outer loop
      vertex -47.2119 -85.8781 -15.5
      vertex -52.511 -82.7441 -2.5
      vertex -47.2119 -85.8781 -2.5
    endloop
  endfacet
  facet normal 0.509056 0.860733 0
    outer loop
      vertex -52.511 -82.7441 -2.5
      vertex -47.2119 -85.8781 -15.5
      vertex -52.511 -82.7441 -15.5
    endloop
  endfacet
  facet normal 0.999506 0.0314139 0
    outer loop
      vertex -97.8066 -6.15347 -2.5
      vertex -98 0 -15.5
      vertex -98 0 -2.5
    endloop
  endfacet
  facet normal 0.999506 0.0314139 0
    outer loop
      vertex -98 0 -15.5
      vertex -97.8066 -6.15347 -2.5
      vertex -97.8066 -6.15347 -15.5
    endloop
  endfacet
  facet normal 0.987691 0.15642 0
    outer loop
      vertex -96.2642 -18.3634 -2.5
      vertex -97.2272 -12.2827 -15.5
      vertex -97.2272 -12.2827 -2.5
    endloop
  endfacet
  facet normal 0.987691 0.15642 0
    outer loop
      vertex -97.2272 -12.2827 -15.5
      vertex -96.2642 -18.3634 -2.5
      vertex -96.2642 -18.3634 -15.5
    endloop
  endfacet
  facet normal 0.96029 0.279003 0
    outer loop
      vertex -93.2035 -30.2837 -2.5
      vertex -94.9212 -24.3716 -15.5
      vertex -94.9212 -24.3716 -2.5
    endloop
  endfacet
  facet normal 0.96029 0.279003 0
    outer loop
      vertex -94.9212 -24.3716 -15.5
      vertex -93.2035 -30.2837 -2.5
      vertex -93.2035 -30.2837 -15.5
    endloop
  endfacet
  facet normal 0.917752 0.397153 0
    outer loop
      vertex -88.673 -41.7264 -2.5
      vertex -91.1181 -36.0762 -15.5
      vertex -91.1181 -36.0762 -2.5
    endloop
  endfacet
  facet normal 0.917752 0.397153 0
    outer loop
      vertex -91.1181 -36.0762 -15.5
      vertex -88.673 -41.7264 -2.5
      vertex -88.673 -41.7264 -15.5
    endloop
  endfacet
  facet normal 0.82709 0.56207 0
    outer loop
      vertex -79.2837 -57.603 -2.5
      vertex -82.7441 -52.511 -15.5
      vertex -82.7441 -52.511 -2.5
    endloop
  endfacet
  facet normal 0.82709 0.56207 0
    outer loop
      vertex -82.7441 -52.511 -15.5
      vertex -79.2837 -57.603 -2.5
      vertex -79.2837 -57.603 -15.5
    endloop
  endfacet
  facet normal 0.790153 0.61291 0
    outer loop
      vertex -75.5103 -62.4676 -2.5
      vertex -79.2837 -57.603 -15.5
      vertex -79.2837 -57.603 -2.5
    endloop
  endfacet
  facet normal 0.790153 0.61291 0
    outer loop
      vertex -79.2837 -57.603 -15.5
      vertex -75.5103 -62.4676 -2.5
      vertex -75.5103 -62.4676 -15.5
    endloop
  endfacet
  facet normal 0.891013 0.453977 0
    outer loop
      vertex -85.8781 -47.2119 -2.5
      vertex -88.673 -41.7264 -15.5
      vertex -88.673 -41.7264 -2.5
    endloop
  endfacet
  facet normal 0.891013 0.453977 0
    outer loop
      vertex -88.673 -41.7264 -15.5
      vertex -85.8781 -47.2119 -2.5
      vertex -85.8781 -47.2119 -15.5
    endloop
  endfacet
  facet normal -0.975916 -0.218145 0
    outer loop
      vertex 96.2642 18.3634 -15.5
      vertex 94.9212 24.3716 -2.5
      vertex 94.9212 24.3716 -15.5
    endloop
  endfacet
  facet normal -0.975916 -0.218145 0
    outer loop
      vertex 94.9212 24.3716 -2.5
      vertex 96.2642 18.3634 -15.5
      vertex 96.2642 18.3634 -2.5
    endloop
  endfacet
  facet normal 0.279003 -0.96029 0
    outer loop
      vertex -30.2837 93.2035 -15.5
      vertex -24.3716 94.9212 -2.5
      vertex -30.2837 93.2035 -2.5
    endloop
  endfacet
  facet normal 0.279003 -0.96029 0
    outer loop
      vertex -24.3716 94.9212 -2.5
      vertex -30.2837 93.2035 -15.5
      vertex -24.3716 94.9212 -15.5
    endloop
  endfacet
  facet normal -0.218145 0.975916 0
    outer loop
      vertex 24.3716 -94.9212 -15.5
      vertex 18.3634 -96.2642 -2.5
      vertex 24.3716 -94.9212 -2.5
    endloop
  endfacet
  facet normal -0.218145 0.975916 0
    outer loop
      vertex 18.3634 -96.2642 -2.5
      vertex 24.3716 -94.9212 -15.5
      vertex 18.3634 -96.2642 -15.5
    endloop
  endfacet
  facet normal -0.56207 0.82709 0
    outer loop
      vertex 57.603 -79.2837 -15.5
      vertex 52.511 -82.7441 -2.5
      vertex 57.603 -79.2837 -2.5
    endloop
  endfacet
  facet normal -0.56207 0.82709 0
    outer loop
      vertex 52.511 -82.7441 -2.5
      vertex 57.603 -79.2837 -15.5
      vertex 52.511 -82.7441 -15.5
    endloop
  endfacet
  facet normal -0.82709 0.56207 0
    outer loop
      vertex 79.2837 -57.603 -15.5
      vertex 82.7441 -52.511 -2.5
      vertex 82.7441 -52.511 -15.5
    endloop
  endfacet
  facet normal -0.82709 0.56207 0
    outer loop
      vertex 82.7441 -52.511 -2.5
      vertex 79.2837 -57.603 -15.5
      vertex 79.2837 -57.603 -2.5
    endloop
  endfacet
  facet normal 0.279003 0.96029 -0
    outer loop
      vertex -24.3716 -94.9212 -15.5
      vertex -30.2837 -93.2035 -2.5
      vertex -24.3716 -94.9212 -2.5
    endloop
  endfacet
  facet normal 0.279003 0.96029 0
    outer loop
      vertex -30.2837 -93.2035 -2.5
      vertex -24.3716 -94.9212 -15.5
      vertex -30.2837 -93.2035 -15.5
    endloop
  endfacet
  facet normal 0.66132 0.750104 -0
    outer loop
      vertex -62.4676 -75.5103 -15.5
      vertex -67.0856 -71.4389 -2.5
      vertex -62.4676 -75.5103 -2.5
    endloop
  endfacet
  facet normal 0.66132 0.750104 0
    outer loop
      vertex -67.0856 -71.4389 -2.5
      vertex -62.4676 -75.5103 -15.5
      vertex -67.0856 -71.4389 -15.5
    endloop
  endfacet
  facet normal 0.995562 0.0941111 0
    outer loop
      vertex -97.2272 -12.2827 -2.5
      vertex -97.8066 -6.15347 -15.5
      vertex -97.8066 -6.15347 -2.5
    endloop
  endfacet
  facet normal 0.995562 0.0941111 0
    outer loop
      vertex -97.8066 -6.15347 -15.5
      vertex -97.2272 -12.2827 -2.5
      vertex -97.2272 -12.2827 -15.5
    endloop
  endfacet
endsolid OpenSCAD_Model
